stock_id,stock_name,date,MarginPurchaseBuy,MarginPurchaseCashRepayment,MarginPurchaseLimit,MarginPurchaseSell,MarginPurchaseTodayBalance,MarginPurchaseYesterdayBalance,OffsetLoanAndShort,ShortSaleBuy,ShortSaleCashRepayment,ShortSaleLimit,ShortSaleSell,ShortSaleTodayBalance,ShortSaleYesterdayBalance,Note
6625,必應,2018-08-14,0.0,0.0,8450.0,0.0,0.0,0.0,0.0,0.0,0.0,8450.0,0.0,0.0,0.0, 
6625,必應,2018-08-15,5.0,0.0,8450.0,0.0,5.0,0.0,0.0,0.0,0.0,8450.0,0.0,0.0,0.0, 
6625,必應,2018-08-16,1.0,0.0,8450.0,2.0,4.0,5.0,0.0,0.0,0.0,8450.0,0.0,0.0,0.0, 
6625,必應,2018-08-17,0.0,0.0,8450.0,0.0,4.0,4.0,0.0,0.0,0.0,8450.0,0.0,0.0,0.0, 
6625,必應,2018-08-20,3.0,0.0,8450.0,0.0,7.0,4.0,0.0,0.0,0.0,8450.0,0.0,0.0,0.0, 
6625,必應,2018-08-21,3.0,0.0,8450.0,0.0,10.0,7.0,0.0,0.0,0.0,8450.0,0.0,0.0,0.0, 
6625,必應,2018-08-22,1.0,0.0,8450.0,1.0,10.0,10.0,0.0,0.0,0.0,8450.0,0.0,0.0,0.0, 
6625,必應,2018-08-23,0.0,0.0,8450.0,0.0,10.0,10.0,0.0,0.0,0.0,8450.0,0.0,0.0,0.0, 
6625,必應,2018-08-24,7.0,0.0,8450.0,6.0,11.0,10.0,0.0,0.0,0.0,8450.0,0.0,0.0,0.0, 
6625,必應,2018-08-27,2.0,0.0,8872.0,1.0,12.0,11.0,0.0,0.0,0.0,8872.0,0.0,0.0,0.0, 
6625,必應,2018-08-28,3.0,0.0,8872.0,1.0,14.0,12.0,0.0,0.0,0.0,8872.0,0.0,0.0,0.0, 
6625,必應,2018-08-29,9.0,0.0,8872.0,0.0,23.0,14.0,0.0,0.0,0.0,8872.0,0.0,0.0,0.0, 
6625,必應,2018-08-30,6.0,0.0,8872.0,1.0,28.0,23.0,0.0,0.0,0.0,8872.0,0.0,0.0,0.0, 
6625,必應,2018-08-31,106.0,0.0,8872.0,5.0,129.0,28.0,1.0,0.0,0.0,8872.0,0.0,0.0,0.0, 
6625,必應,2018-09-03,143.0,0.0,8872.0,38.0,234.0,129.0,4.0,0.0,0.0,8872.0,2.0,2.0,0.0, 
6625,必應,2018-09-04,108.0,0.0,8872.0,97.0,245.0,234.0,3.0,1.0,0.0,8872.0,0.0,1.0,2.0, 
6625,必應,2018-09-05,50.0,0.0,8872.0,34.0,261.0,245.0,1.0,0.0,1.0,8872.0,0.0,0.0,1.0, 
6625,必應,2018-09-06,39.0,0.0,8872.0,62.0,238.0,261.0,0.0,0.0,0.0,8872.0,0.0,0.0,0.0, 
6625,必應,2018-09-07,32.0,0.0,8872.0,64.0,206.0,238.0,0.0,0.0,0.0,8872.0,0.0,0.0,0.0, 
6625,必應,2018-09-10,10.0,0.0,8872.0,16.0,200.0,206.0,0.0,0.0,0.0,8872.0,0.0,0.0,0.0, 
6625,必應,2018-09-11,6.0,0.0,8872.0,7.0,199.0,200.0,0.0,0.0,0.0,8872.0,0.0,0.0,0.0, 
6625,必應,2018-09-12,4.0,0.0,8872.0,29.0,174.0,199.0,0.0,0.0,0.0,8872.0,0.0,0.0,0.0, 
6625,必應,2018-09-13,3.0,0.0,8872.0,10.0,167.0,174.0,0.0,0.0,0.0,8872.0,0.0,0.0,0.0, 
6625,必應,2018-09-14,2.0,0.0,8872.0,11.0,158.0,167.0,0.0,0.0,0.0,8872.0,0.0,0.0,0.0, 
6625,必應,2018-09-17,0.0,0.0,8872.0,5.0,153.0,158.0,0.0,0.0,0.0,8872.0,0.0,0.0,0.0, 
6625,必應,2018-09-18,3.0,0.0,8872.0,7.0,149.0,153.0,1.0,0.0,0.0,8872.0,0.0,0.0,0.0, 
6625,必應,2018-09-19,0.0,0.0,8872.0,4.0,145.0,149.0,0.0,0.0,0.0,8872.0,0.0,0.0,0.0, 
6625,必應,2018-09-20,1.0,0.0,8872.0,3.0,143.0,145.0,0.0,0.0,0.0,8872.0,0.0,0.0,0.0, 
6625,必應,2018-09-21,6.0,0.0,8872.0,0.0,149.0,143.0,0.0,0.0,0.0,8872.0,0.0,0.0,0.0, 
6625,必應,2018-09-25,1.0,0.0,8872.0,4.0,146.0,149.0,0.0,0.0,0.0,8872.0,0.0,0.0,0.0, 
6625,必應,2018-09-26,3.0,0.0,8872.0,2.0,147.0,146.0,0.0,0.0,0.0,8872.0,0.0,0.0,0.0, 
6625,必應,2018-09-27,9.0,0.0,8872.0,8.0,148.0,147.0,0.0,0.0,0.0,8872.0,0.0,0.0,0.0, 
6625,必應,2018-09-28,23.0,0.0,8872.0,35.0,136.0,148.0,0.0,0.0,0.0,8872.0,0.0,0.0,0.0, 
6625,必應,2018-10-01,44.0,0.0,8872.0,24.0,156.0,136.0,0.0,0.0,0.0,8872.0,1.0,1.0,0.0, 
6625,必應,2018-10-02,11.0,0.0,8872.0,20.0,147.0,156.0,0.0,0.0,0.0,8872.0,0.0,1.0,1.0, 
6625,必應,2018-10-03,15.0,0.0,8872.0,10.0,152.0,147.0,0.0,0.0,0.0,8872.0,0.0,1.0,1.0, 
6625,必應,2018-10-04,8.0,0.0,8872.0,5.0,155.0,152.0,0.0,0.0,0.0,8872.0,0.0,1.0,1.0, 
6625,必應,2018-10-05,7.0,0.0,8872.0,20.0,142.0,155.0,0.0,1.0,0.0,8872.0,0.0,0.0,1.0, 
6625,必應,2018-10-08,1.0,0.0,8872.0,4.0,139.0,142.0,0.0,0.0,0.0,8872.0,0.0,0.0,0.0, 
6625,必應,2018-10-09,7.0,0.0,8872.0,2.0,144.0,139.0,0.0,0.0,0.0,8872.0,0.0,0.0,0.0, 
6625,必應,2018-10-11,3.0,2.0,8872.0,11.0,134.0,144.0,0.0,0.0,0.0,8872.0,0.0,0.0,0.0, 
6625,必應,2018-10-12,3.0,0.0,8872.0,6.0,131.0,134.0,0.0,0.0,0.0,8872.0,0.0,0.0,0.0, 
6625,必應,2018-10-15,1.0,0.0,8872.0,3.0,129.0,131.0,0.0,0.0,0.0,8872.0,0.0,0.0,0.0, 
6625,必應,2018-10-16,3.0,0.0,8872.0,2.0,130.0,129.0,0.0,0.0,0.0,8872.0,0.0,0.0,0.0, 
6625,必應,2018-10-17,0.0,0.0,8872.0,2.0,128.0,130.0,0.0,0.0,0.0,8872.0,0.0,0.0,0.0, 
6625,必應,2018-10-18,0.0,0.0,8872.0,1.0,127.0,128.0,0.0,0.0,0.0,8872.0,0.0,0.0,0.0, 
6625,必應,2018-10-19,3.0,0.0,8872.0,1.0,129.0,127.0,0.0,0.0,0.0,8872.0,0.0,0.0,0.0, 
6625,必應,2018-10-22,1.0,0.0,8872.0,3.0,127.0,129.0,0.0,0.0,0.0,8872.0,0.0,0.0,0.0, 
6625,必應,2018-10-23,0.0,0.0,8872.0,2.0,125.0,127.0,0.0,0.0,0.0,8872.0,0.0,0.0,0.0, 
6625,必應,2018-10-24,1.0,0.0,8872.0,0.0,126.0,125.0,1.0,0.0,0.0,8872.0,0.0,0.0,0.0, 
6625,必應,2018-10-25,6.0,0.0,8872.0,2.0,130.0,126.0,0.0,0.0,0.0,8872.0,0.0,0.0,0.0, 
6625,必應,2018-10-26,0.0,0.0,8872.0,10.0,120.0,130.0,0.0,0.0,0.0,8872.0,0.0,0.0,0.0, 
6625,必應,2018-10-29,2.0,0.0,8872.0,2.0,120.0,120.0,0.0,0.0,0.0,8872.0,0.0,0.0,0.0, 
6625,必應,2018-10-30,0.0,2.0,8872.0,0.0,118.0,120.0,0.0,0.0,0.0,8872.0,0.0,0.0,0.0, 
6625,必應,2018-10-31,1.0,0.0,8872.0,2.0,117.0,118.0,0.0,0.0,0.0,8872.0,0.0,0.0,0.0, 
6625,必應,2018-11-01,1.0,0.0,8872.0,0.0,118.0,117.0,0.0,0.0,0.0,8872.0,0.0,0.0,0.0, 
6625,必應,2018-11-02,3.0,1.0,8872.0,3.0,117.0,118.0,0.0,0.0,0.0,8872.0,0.0,0.0,0.0, 
6625,必應,2018-11-05,2.0,0.0,8872.0,3.0,116.0,117.0,0.0,0.0,0.0,8872.0,0.0,0.0,0.0, 
6625,必應,2018-11-06,3.0,0.0,8872.0,4.0,115.0,116.0,0.0,0.0,0.0,8872.0,0.0,0.0,0.0, 
6625,必應,2018-11-07,1.0,0.0,8872.0,1.0,115.0,115.0,0.0,0.0,0.0,8872.0,0.0,0.0,0.0, 
6625,必應,2018-11-08,1.0,0.0,8872.0,1.0,115.0,115.0,0.0,0.0,0.0,8872.0,0.0,0.0,0.0, 
6625,必應,2018-11-09,1.0,0.0,8872.0,1.0,115.0,115.0,0.0,0.0,0.0,8872.0,0.0,0.0,0.0, 
6625,必應,2018-11-12,6.0,0.0,8872.0,0.0,121.0,115.0,0.0,0.0,0.0,8872.0,0.0,0.0,0.0, 
6625,必應,2018-11-13,5.0,0.0,8872.0,4.0,122.0,121.0,0.0,0.0,0.0,8872.0,0.0,0.0,0.0, 
6625,必應,2018-11-14,15.0,0.0,8872.0,8.0,129.0,122.0,0.0,0.0,0.0,8872.0,0.0,0.0,0.0, 
6625,必應,2018-11-15,2.0,0.0,8872.0,5.0,126.0,129.0,0.0,0.0,0.0,8872.0,0.0,0.0,0.0, 
6625,必應,2018-11-16,1.0,0.0,8872.0,6.0,121.0,126.0,0.0,0.0,0.0,8872.0,0.0,0.0,0.0, 
6625,必應,2018-11-19,2.0,0.0,8872.0,0.0,123.0,121.0,0.0,0.0,0.0,8872.0,0.0,0.0,0.0, 
6625,必應,2018-11-20,0.0,0.0,8872.0,6.0,117.0,123.0,0.0,0.0,0.0,8872.0,0.0,0.0,0.0, 
6625,必應,2018-11-21,4.0,0.0,8872.0,1.0,120.0,117.0,0.0,0.0,0.0,8872.0,0.0,0.0,0.0, 
6625,必應,2018-11-22,0.0,0.0,8872.0,3.0,117.0,120.0,0.0,0.0,0.0,8872.0,0.0,0.0,0.0, 
6625,必應,2018-11-23,0.0,0.0,8872.0,4.0,113.0,117.0,0.0,0.0,0.0,8872.0,0.0,0.0,0.0, 
6625,必應,2018-11-26,0.0,0.0,8872.0,0.0,113.0,113.0,0.0,0.0,0.0,8872.0,0.0,0.0,0.0, 
6625,必應,2018-11-27,5.0,0.0,8872.0,0.0,118.0,113.0,0.0,0.0,0.0,8872.0,0.0,0.0,0.0, 
6625,必應,2018-11-28,0.0,0.0,8872.0,2.0,116.0,118.0,0.0,0.0,0.0,8872.0,0.0,0.0,0.0, 
6625,必應,2018-11-29,4.0,0.0,8872.0,1.0,119.0,116.0,1.0,0.0,0.0,8872.0,0.0,0.0,0.0, 
6625,必應,2018-11-30,0.0,0.0,8872.0,0.0,119.0,119.0,0.0,0.0,0.0,8872.0,0.0,0.0,0.0, 
6625,必應,2018-12-03,6.0,0.0,8872.0,2.0,123.0,119.0,0.0,0.0,0.0,8872.0,0.0,0.0,0.0, 
6625,必應,2018-12-04,0.0,0.0,8872.0,0.0,123.0,123.0,0.0,0.0,0.0,8872.0,0.0,0.0,0.0, 
6625,必應,2018-12-05,3.0,0.0,8872.0,0.0,126.0,123.0,0.0,0.0,0.0,8872.0,0.0,0.0,0.0, 
6625,必應,2018-12-06,1.0,0.0,8872.0,2.0,125.0,126.0,0.0,0.0,0.0,8872.0,0.0,0.0,0.0, 
6625,必應,2018-12-07,4.0,0.0,8872.0,4.0,125.0,125.0,0.0,0.0,0.0,8872.0,0.0,0.0,0.0, 
6625,必應,2018-12-10,12.0,0.0,8872.0,0.0,137.0,125.0,0.0,0.0,0.0,8872.0,0.0,0.0,0.0, 
6625,必應,2018-12-11,10.0,0.0,8872.0,13.0,134.0,137.0,0.0,0.0,0.0,8872.0,0.0,0.0,0.0, 
6625,必應,2018-12-12,3.0,0.0,8872.0,11.0,126.0,134.0,0.0,0.0,0.0,8872.0,0.0,0.0,0.0, 
6625,必應,2018-12-13,0.0,10.0,8872.0,4.0,112.0,126.0,0.0,0.0,0.0,8872.0,0.0,0.0,0.0, 
6625,必應,2018-12-14,25.0,0.0,8872.0,13.0,124.0,112.0,0.0,0.0,0.0,8872.0,1.0,1.0,0.0, 
6625,必應,2018-12-17,28.0,0.0,8872.0,5.0,147.0,124.0,0.0,0.0,0.0,8872.0,0.0,1.0,1.0, 
6625,必應,2018-12-18,27.0,0.0,8872.0,12.0,162.0,147.0,0.0,0.0,0.0,8872.0,0.0,1.0,1.0, 
6625,必應,2018-12-19,41.0,0.0,8872.0,23.0,180.0,162.0,0.0,0.0,0.0,8872.0,0.0,1.0,1.0, 
6625,必應,2018-12-20,15.0,0.0,8872.0,33.0,162.0,180.0,0.0,0.0,0.0,8872.0,0.0,1.0,1.0, 
6625,必應,2018-12-21,7.0,0.0,8872.0,6.0,163.0,162.0,0.0,0.0,0.0,8872.0,0.0,1.0,1.0, 
6625,必應,2018-12-22,0.0,0.0,8872.0,9.0,154.0,163.0,0.0,0.0,0.0,8872.0,0.0,1.0,1.0, 
6625,必應,2018-12-24,8.0,0.0,8872.0,17.0,145.0,154.0,0.0,0.0,0.0,8872.0,0.0,1.0,1.0, 
6625,必應,2018-12-25,9.0,0.0,8872.0,18.0,136.0,145.0,0.0,0.0,0.0,8872.0,0.0,1.0,1.0, 
6625,必應,2018-12-26,0.0,0.0,8872.0,7.0,129.0,136.0,0.0,0.0,0.0,8872.0,0.0,1.0,1.0, 
6625,必應,2018-12-27,0.0,0.0,8872.0,1.0,128.0,129.0,0.0,0.0,0.0,8872.0,0.0,1.0,1.0, 
6625,必應,2018-12-28,3.0,0.0,8872.0,2.0,129.0,128.0,0.0,0.0,0.0,8872.0,0.0,1.0,1.0, 
6625,必應,2019-01-02,0.0,0.0,8872.0,1.0,128.0,129.0,0.0,0.0,0.0,8872.0,0.0,1.0,1.0, 
6625,必應,2019-01-03,0.0,0.0,8872.0,3.0,125.0,128.0,0.0,0.0,0.0,8872.0,0.0,1.0,1.0, 
6625,必應,2019-01-04,0.0,0.0,8872.0,3.0,122.0,125.0,0.0,0.0,0.0,8872.0,0.0,1.0,1.0, 
6625,必應,2019-01-07,9.0,0.0,8872.0,4.0,127.0,122.0,0.0,0.0,0.0,8872.0,0.0,1.0,1.0, 
6625,必應,2019-01-08,6.0,0.0,8872.0,2.0,131.0,127.0,0.0,0.0,0.0,8872.0,0.0,1.0,1.0, 
6625,必應,2019-01-09,9.0,0.0,8872.0,0.0,140.0,131.0,0.0,0.0,0.0,8872.0,0.0,1.0,1.0, 
6625,必應,2019-01-10,19.0,0.0,8872.0,9.0,150.0,140.0,0.0,0.0,0.0,8872.0,0.0,1.0,1.0, 
6625,必應,2019-01-11,1.0,0.0,8872.0,2.0,149.0,150.0,0.0,0.0,0.0,8872.0,0.0,1.0,1.0, 
6625,必應,2019-01-14,0.0,0.0,8872.0,4.0,145.0,149.0,0.0,1.0,0.0,8872.0,0.0,0.0,1.0, 
6625,必應,2019-01-15,0.0,0.0,8872.0,0.0,145.0,145.0,0.0,0.0,0.0,8872.0,0.0,0.0,0.0, 
6625,必應,2019-01-16,4.0,0.0,8872.0,11.0,138.0,145.0,0.0,0.0,0.0,8872.0,0.0,0.0,0.0, 
6625,必應,2019-01-17,0.0,0.0,8872.0,7.0,131.0,138.0,0.0,0.0,0.0,8872.0,0.0,0.0,0.0, 
6625,必應,2019-01-18,0.0,0.0,8872.0,1.0,130.0,131.0,0.0,0.0,0.0,8872.0,0.0,0.0,0.0, 
6625,必應,2019-01-21,0.0,0.0,8872.0,3.0,127.0,130.0,0.0,0.0,0.0,8872.0,0.0,0.0,0.0, 
6625,必應,2019-01-22,3.0,0.0,8872.0,0.0,130.0,127.0,1.0,0.0,0.0,8872.0,0.0,0.0,0.0, 
6625,必應,2019-01-23,0.0,0.0,8872.0,0.0,130.0,130.0,0.0,0.0,0.0,8872.0,0.0,0.0,0.0, 
6625,必應,2019-01-24,1.0,0.0,8872.0,8.0,123.0,130.0,0.0,0.0,0.0,8872.0,0.0,0.0,0.0, 
6625,必應,2019-01-25,1.0,0.0,8872.0,4.0,120.0,123.0,0.0,0.0,0.0,8872.0,0.0,0.0,0.0, 
6625,必應,2019-01-28,1.0,0.0,8872.0,2.0,119.0,120.0,0.0,0.0,0.0,8872.0,0.0,0.0,0.0, 
6625,必應,2019-01-29,0.0,0.0,8872.0,4.0,115.0,119.0,0.0,0.0,0.0,8872.0,0.0,0.0,0.0, 
6625,必應,2019-01-30,4.0,0.0,8872.0,1.0,118.0,115.0,0.0,0.0,0.0,8872.0,0.0,0.0,0.0, 
6625,必應,2019-02-11,7.0,0.0,8872.0,2.0,123.0,118.0,0.0,0.0,0.0,8872.0,0.0,0.0,0.0, 
6625,必應,2019-02-12,1.0,0.0,8872.0,2.0,122.0,123.0,0.0,0.0,0.0,8872.0,0.0,0.0,0.0, 
6625,必應,2019-02-13,2.0,0.0,8872.0,3.0,121.0,122.0,0.0,0.0,0.0,8872.0,0.0,0.0,0.0, 
6625,必應,2019-02-14,2.0,0.0,8872.0,0.0,123.0,121.0,0.0,0.0,0.0,8872.0,0.0,0.0,0.0, 
6625,必應,2019-02-15,0.0,0.0,8872.0,0.0,123.0,123.0,0.0,0.0,0.0,8872.0,0.0,0.0,0.0, 
6625,必應,2019-02-18,13.0,0.0,8872.0,1.0,135.0,123.0,0.0,0.0,0.0,8872.0,0.0,0.0,0.0, 
6625,必應,2019-02-19,4.0,0.0,8872.0,2.0,137.0,135.0,0.0,0.0,0.0,8872.0,0.0,0.0,0.0, 
6625,必應,2019-02-20,5.0,0.0,8872.0,6.0,136.0,137.0,4.0,0.0,0.0,8872.0,0.0,0.0,0.0, 
6625,必應,2019-02-21,3.0,0.0,8872.0,0.0,139.0,136.0,0.0,0.0,0.0,8872.0,0.0,0.0,0.0, 
6625,必應,2019-02-22,1.0,0.0,8872.0,2.0,138.0,139.0,0.0,0.0,0.0,8872.0,0.0,0.0,0.0, 
6625,必應,2019-02-25,4.0,0.0,8872.0,2.0,140.0,138.0,0.0,0.0,0.0,8872.0,0.0,0.0,0.0, 
6625,必應,2019-02-26,9.0,0.0,8872.0,0.0,149.0,140.0,0.0,0.0,0.0,8872.0,0.0,0.0,0.0, 
6625,必應,2019-02-27,3.0,1.0,8872.0,3.0,148.0,149.0,0.0,0.0,0.0,8872.0,0.0,0.0,0.0, 
6625,必應,2019-03-04,3.0,0.0,8872.0,0.0,151.0,148.0,0.0,0.0,0.0,8872.0,0.0,0.0,0.0, 
6625,必應,2019-03-05,2.0,0.0,8872.0,1.0,152.0,151.0,0.0,0.0,0.0,8872.0,0.0,0.0,0.0, 
6625,必應,2019-03-06,5.0,0.0,8872.0,1.0,156.0,152.0,0.0,0.0,0.0,8872.0,0.0,0.0,0.0, 
6625,必應,2019-03-07,2.0,0.0,8872.0,2.0,156.0,156.0,0.0,0.0,0.0,8872.0,0.0,0.0,0.0, 
6625,必應,2019-03-08,0.0,0.0,8872.0,3.0,153.0,156.0,0.0,0.0,0.0,8872.0,0.0,0.0,0.0, 
6625,必應,2019-03-11,3.0,15.0,8872.0,2.0,139.0,153.0,0.0,0.0,0.0,8872.0,0.0,0.0,0.0, 
6625,必應,2019-03-12,0.0,0.0,8872.0,1.0,138.0,139.0,0.0,0.0,0.0,8872.0,0.0,0.0,0.0, 
6625,必應,2019-03-13,2.0,0.0,8872.0,1.0,139.0,138.0,0.0,0.0,0.0,8872.0,0.0,0.0,0.0, 
6625,必應,2019-03-14,1.0,0.0,8872.0,1.0,139.0,139.0,0.0,0.0,0.0,8872.0,0.0,0.0,0.0, 
6625,必應,2019-03-15,2.0,0.0,8872.0,0.0,141.0,139.0,0.0,0.0,0.0,8872.0,0.0,0.0,0.0, 
6625,必應,2019-03-18,6.0,0.0,8872.0,3.0,144.0,141.0,0.0,0.0,0.0,8872.0,0.0,0.0,0.0, 
6625,必應,2019-03-19,2.0,0.0,8872.0,3.0,143.0,144.0,0.0,0.0,0.0,8872.0,0.0,0.0,0.0, 
6625,必應,2019-03-20,2.0,0.0,8872.0,0.0,145.0,143.0,0.0,0.0,0.0,8872.0,0.0,0.0,0.0, 
6625,必應,2019-03-21,2.0,0.0,8872.0,0.0,147.0,145.0,0.0,0.0,0.0,8872.0,0.0,0.0,0.0, 
6625,必應,2019-03-22,1.0,0.0,8872.0,1.0,147.0,147.0,0.0,0.0,0.0,8872.0,0.0,0.0,0.0, 
6625,必應,2019-03-25,1.0,0.0,8872.0,1.0,147.0,147.0,0.0,0.0,0.0,8872.0,0.0,0.0,0.0, 
6625,必應,2019-03-26,0.0,0.0,8872.0,0.0,147.0,147.0,0.0,0.0,0.0,8872.0,0.0,0.0,0.0, 
6625,必應,2019-03-27,2.0,0.0,8872.0,0.0,149.0,147.0,0.0,0.0,0.0,8872.0,0.0,0.0,0.0, 
6625,必應,2019-03-28,1.0,0.0,8872.0,0.0,150.0,149.0,0.0,0.0,0.0,8872.0,0.0,0.0,0.0, 
6625,必應,2019-03-29,3.0,0.0,8872.0,3.0,150.0,150.0,0.0,0.0,0.0,8872.0,0.0,0.0,0.0, 
6625,必應,2019-04-01,4.0,0.0,8872.0,1.0,153.0,150.0,0.0,0.0,0.0,8872.0,0.0,0.0,0.0, 
6625,必應,2019-04-02,2.0,0.0,8872.0,1.0,154.0,153.0,0.0,0.0,0.0,8872.0,0.0,0.0,0.0, 
6625,必應,2019-04-03,28.0,0.0,8872.0,11.0,171.0,154.0,0.0,0.0,0.0,8872.0,0.0,0.0,0.0, 
6625,必應,2019-04-08,7.0,0.0,8872.0,11.0,167.0,171.0,0.0,0.0,0.0,8872.0,0.0,0.0,0.0, 
6625,必應,2019-04-09,1.0,0.0,8872.0,1.0,167.0,167.0,0.0,0.0,0.0,8872.0,0.0,0.0,0.0, 
6625,必應,2019-04-10,0.0,0.0,8872.0,2.0,165.0,167.0,0.0,0.0,0.0,8872.0,0.0,0.0,0.0, 
6625,必應,2019-04-11,1.0,0.0,8872.0,3.0,163.0,165.0,0.0,0.0,0.0,8872.0,0.0,0.0,0.0,X 
6625,必應,2019-04-12,1.0,0.0,8872.0,0.0,164.0,163.0,0.0,0.0,0.0,8872.0,0.0,0.0,0.0,X 
6625,必應,2019-04-15,4.0,0.0,8872.0,0.0,168.0,164.0,0.0,0.0,0.0,8872.0,0.0,0.0,0.0,X 
6625,必應,2019-04-16,1.0,0.0,8872.0,0.0,169.0,168.0,0.0,0.0,0.0,8872.0,0.0,0.0,0.0,X 
6625,必應,2019-04-17,1.0,0.0,8872.0,1.0,169.0,169.0,0.0,0.0,0.0,8872.0,0.0,0.0,0.0, 
6625,必應,2019-04-18,0.0,0.0,8872.0,1.0,168.0,169.0,0.0,0.0,0.0,8872.0,0.0,0.0,0.0, 
6625,必應,2019-04-19,7.0,0.0,8872.0,13.0,162.0,168.0,0.0,0.0,0.0,8872.0,0.0,0.0,0.0, 
6625,必應,2019-04-22,1.0,0.0,8872.0,5.0,158.0,162.0,0.0,0.0,0.0,8872.0,0.0,0.0,0.0, 
6625,必應,2019-04-23,0.0,0.0,8872.0,0.0,158.0,158.0,0.0,0.0,0.0,8872.0,0.0,0.0,0.0, 
6625,必應,2019-04-24,1.0,0.0,8872.0,2.0,157.0,158.0,0.0,0.0,0.0,8872.0,0.0,0.0,0.0, 
6625,必應,2019-04-25,0.0,0.0,8872.0,1.0,156.0,157.0,0.0,0.0,0.0,8872.0,0.0,0.0,0.0, 
6625,必應,2019-04-26,2.0,0.0,8872.0,2.0,156.0,156.0,0.0,0.0,0.0,8872.0,0.0,0.0,0.0, 
6625,必應,2019-04-29,0.0,0.0,8872.0,1.0,155.0,156.0,0.0,0.0,0.0,8872.0,0.0,0.0,0.0, 
6625,必應,2019-04-30,9.0,0.0,8872.0,0.0,164.0,155.0,0.0,0.0,0.0,8872.0,0.0,0.0,0.0, 
6625,必應,2019-05-02,1.0,0.0,8872.0,12.0,153.0,164.0,0.0,0.0,0.0,8872.0,0.0,0.0,0.0, 
6625,必應,2019-05-03,1.0,0.0,8872.0,9.0,145.0,153.0,0.0,0.0,0.0,8872.0,0.0,0.0,0.0, 
6625,必應,2019-05-06,0.0,0.0,8872.0,0.0,145.0,145.0,0.0,0.0,0.0,8872.0,0.0,0.0,0.0, 
6625,必應,2019-05-07,0.0,0.0,8872.0,0.0,145.0,145.0,0.0,0.0,0.0,8872.0,0.0,0.0,0.0, 
6625,必應,2019-05-08,1.0,0.0,8872.0,1.0,145.0,145.0,0.0,0.0,0.0,8872.0,0.0,0.0,0.0, 
6625,必應,2019-05-09,0.0,0.0,8872.0,0.0,145.0,145.0,0.0,0.0,0.0,8872.0,0.0,0.0,0.0, 
6625,必應,2019-05-10,1.0,0.0,8872.0,2.0,144.0,145.0,0.0,0.0,0.0,8872.0,0.0,0.0,0.0, 
6625,必應,2019-05-13,0.0,0.0,8872.0,0.0,144.0,144.0,0.0,0.0,0.0,8872.0,0.0,0.0,0.0, 
6625,必應,2019-05-14,0.0,0.0,8872.0,0.0,144.0,144.0,0.0,0.0,0.0,8872.0,0.0,0.0,0.0, 
6625,必應,2019-05-15,3.0,0.0,8872.0,0.0,147.0,144.0,0.0,0.0,0.0,8872.0,0.0,0.0,0.0, 
6625,必應,2019-05-16,2.0,0.0,8872.0,1.0,148.0,147.0,0.0,0.0,0.0,8872.0,0.0,0.0,0.0, 
6625,必應,2019-05-17,0.0,0.0,8872.0,0.0,148.0,148.0,0.0,0.0,0.0,8872.0,0.0,0.0,0.0, 
6625,必應,2019-05-20,0.0,0.0,8872.0,0.0,148.0,148.0,0.0,0.0,0.0,8872.0,0.0,0.0,0.0, 
6625,必應,2019-05-21,1.0,0.0,8872.0,0.0,149.0,148.0,0.0,0.0,0.0,8872.0,0.0,0.0,0.0, 
6625,必應,2019-05-22,0.0,0.0,8872.0,0.0,149.0,149.0,0.0,0.0,0.0,8872.0,0.0,0.0,0.0, 
6625,必應,2019-05-23,0.0,0.0,8872.0,0.0,149.0,149.0,0.0,0.0,0.0,8872.0,0.0,0.0,0.0, 
6625,必應,2019-05-24,5.0,0.0,8872.0,0.0,154.0,149.0,0.0,0.0,0.0,8872.0,0.0,0.0,0.0, 
6625,必應,2019-05-27,4.0,0.0,8872.0,2.0,156.0,154.0,0.0,0.0,0.0,8872.0,0.0,0.0,0.0, 
6625,必應,2019-05-28,12.0,0.0,8872.0,6.0,162.0,156.0,0.0,0.0,0.0,8872.0,0.0,0.0,0.0, 
6625,必應,2019-05-29,4.0,0.0,8872.0,0.0,166.0,162.0,0.0,0.0,0.0,8872.0,0.0,0.0,0.0, 
6625,必應,2019-05-30,2.0,0.0,8872.0,0.0,168.0,166.0,0.0,0.0,0.0,8872.0,0.0,0.0,0.0, 
6625,必應,2019-05-31,6.0,0.0,8872.0,0.0,174.0,168.0,0.0,0.0,0.0,8872.0,0.0,0.0,0.0, 
6625,必應,2019-06-03,3.0,0.0,8872.0,0.0,177.0,174.0,0.0,0.0,0.0,8872.0,0.0,0.0,0.0, 
6625,必應,2019-06-04,4.0,0.0,8872.0,3.0,178.0,177.0,0.0,0.0,0.0,8872.0,0.0,0.0,0.0, 
6625,必應,2019-06-05,6.0,0.0,8872.0,1.0,183.0,178.0,0.0,0.0,0.0,8872.0,0.0,0.0,0.0, 
6625,必應,2019-06-06,0.0,0.0,8872.0,1.0,182.0,183.0,0.0,0.0,0.0,8872.0,0.0,0.0,0.0, 
6625,必應,2019-06-10,4.0,0.0,8872.0,3.0,183.0,182.0,0.0,0.0,0.0,8872.0,0.0,0.0,0.0, 
6625,必應,2019-06-11,0.0,0.0,8872.0,1.0,182.0,183.0,0.0,0.0,0.0,8872.0,0.0,0.0,0.0, 
6625,必應,2019-06-12,0.0,0.0,8872.0,0.0,182.0,182.0,0.0,0.0,0.0,8872.0,0.0,0.0,0.0, 
6625,必應,2019-06-13,2.0,0.0,8872.0,0.0,184.0,182.0,0.0,0.0,0.0,8872.0,0.0,0.0,0.0, 
6625,必應,2019-06-14,0.0,0.0,8872.0,2.0,182.0,184.0,0.0,0.0,0.0,8872.0,0.0,0.0,0.0, 
6625,必應,2019-06-17,0.0,0.0,8872.0,4.0,178.0,182.0,0.0,0.0,0.0,8872.0,0.0,0.0,0.0, 
6625,必應,2019-06-18,0.0,0.0,8872.0,0.0,178.0,178.0,0.0,0.0,0.0,8872.0,0.0,0.0,0.0, 
6625,必應,2019-06-19,3.0,0.0,8872.0,9.0,172.0,178.0,0.0,0.0,0.0,8872.0,0.0,0.0,0.0, 
6625,必應,2019-06-20,0.0,0.0,8872.0,6.0,166.0,172.0,0.0,0.0,0.0,8872.0,0.0,0.0,0.0, 
6625,必應,2019-06-21,0.0,0.0,8872.0,4.0,162.0,166.0,0.0,0.0,0.0,8872.0,0.0,0.0,0.0, 
6625,必應,2019-06-24,0.0,0.0,8872.0,3.0,159.0,162.0,0.0,0.0,0.0,8872.0,0.0,0.0,0.0, 
6625,必應,2019-06-25,0.0,1.0,8872.0,1.0,157.0,159.0,0.0,0.0,0.0,8872.0,0.0,0.0,0.0, 
6625,必應,2019-06-26,0.0,0.0,8872.0,1.0,156.0,157.0,0.0,0.0,0.0,8872.0,0.0,0.0,0.0, 
6625,必應,2019-06-27,15.0,0.0,8872.0,1.0,170.0,156.0,0.0,0.0,0.0,8872.0,0.0,0.0,0.0, 
6625,必應,2019-06-28,0.0,0.0,8872.0,1.0,169.0,170.0,0.0,0.0,0.0,8872.0,0.0,0.0,0.0, 
6625,必應,2019-07-01,0.0,0.0,8872.0,0.0,169.0,169.0,0.0,0.0,0.0,8872.0,0.0,0.0,0.0, 
6625,必應,2019-07-02,0.0,0.0,8872.0,2.0,167.0,169.0,0.0,0.0,0.0,8872.0,0.0,0.0,0.0, 
6625,必應,2019-07-03,3.0,0.0,8872.0,13.0,157.0,167.0,0.0,0.0,0.0,8872.0,0.0,0.0,0.0, 
6625,必應,2019-07-04,0.0,0.0,8872.0,2.0,155.0,157.0,0.0,0.0,0.0,8872.0,0.0,0.0,0.0, 
6625,必應,2019-07-05,0.0,0.0,8872.0,0.0,155.0,155.0,0.0,0.0,0.0,8872.0,0.0,0.0,0.0, 
6625,必應,2019-07-08,3.0,0.0,8872.0,0.0,158.0,155.0,0.0,0.0,0.0,8872.0,0.0,0.0,0.0, 
6625,必應,2019-07-09,1.0,0.0,8872.0,0.0,159.0,158.0,0.0,0.0,0.0,8872.0,0.0,0.0,0.0, 
6625,必應,2019-07-10,1.0,0.0,8872.0,27.0,133.0,159.0,1.0,0.0,0.0,8872.0,0.0,0.0,0.0, 
6625,必應,2019-07-11,0.0,0.0,8872.0,7.0,126.0,133.0,0.0,0.0,0.0,8872.0,0.0,0.0,0.0, 
6625,必應,2019-07-12,0.0,0.0,8872.0,0.0,126.0,126.0,0.0,0.0,0.0,8872.0,0.0,0.0,0.0, 
6625,必應,2019-07-15,1.0,0.0,8872.0,0.0,127.0,126.0,0.0,0.0,0.0,8872.0,0.0,0.0,0.0, 
6625,必應,2019-07-16,1.0,0.0,8872.0,1.0,127.0,127.0,0.0,0.0,0.0,8872.0,1.0,1.0,0.0, 
6625,必應,2019-07-17,8.0,0.0,8872.0,1.0,134.0,127.0,0.0,0.0,0.0,8872.0,0.0,1.0,1.0, 
6625,必應,2019-07-18,2.0,0.0,8872.0,0.0,136.0,134.0,1.0,0.0,0.0,8872.0,0.0,1.0,1.0, 
6625,必應,2019-07-19,0.0,6.0,8872.0,0.0,130.0,136.0,0.0,0.0,0.0,8872.0,0.0,1.0,1.0, 
6625,必應,2019-07-22,4.0,0.0,8872.0,0.0,134.0,130.0,0.0,0.0,0.0,8872.0,0.0,1.0,1.0, 
6625,必應,2019-07-23,1.0,1.0,8872.0,0.0,134.0,134.0,0.0,0.0,0.0,8872.0,0.0,1.0,1.0, 
6625,必應,2019-07-24,1.0,0.0,8872.0,1.0,134.0,134.0,0.0,0.0,0.0,8872.0,0.0,1.0,1.0, 
6625,必應,2019-07-25,1.0,0.0,8872.0,0.0,135.0,134.0,0.0,0.0,0.0,8872.0,0.0,1.0,1.0,X 
6625,必應,2019-07-26,5.0,0.0,8872.0,2.0,138.0,135.0,0.0,1.0,0.0,8872.0,0.0,0.0,1.0,X 
6625,必應,2019-07-29,0.0,0.0,8872.0,1.0,137.0,138.0,0.0,0.0,0.0,8872.0,0.0,0.0,0.0,X 
6625,必應,2019-07-30,2.0,0.0,8872.0,0.0,139.0,137.0,0.0,0.0,0.0,8872.0,0.0,0.0,0.0,X 
6625,必應,2019-07-31,2.0,1.0,8872.0,1.0,139.0,139.0,0.0,0.0,0.0,8872.0,0.0,0.0,0.0, 
6625,必應,2019-08-01,0.0,0.0,8872.0,7.0,132.0,139.0,0.0,0.0,0.0,8872.0,0.0,0.0,0.0, 
6625,必應,2019-08-02,0.0,0.0,8872.0,0.0,132.0,132.0,0.0,0.0,0.0,8872.0,0.0,0.0,0.0, 
6625,必應,2019-08-05,0.0,0.0,8872.0,1.0,131.0,132.0,0.0,0.0,0.0,8872.0,0.0,0.0,0.0, 
6625,必應,2019-08-06,0.0,0.0,8872.0,12.0,119.0,131.0,0.0,0.0,0.0,8872.0,0.0,0.0,0.0, 
6625,必應,2019-08-07,0.0,0.0,8872.0,6.0,113.0,119.0,0.0,0.0,0.0,8872.0,0.0,0.0,0.0, 
6625,必應,2019-08-08,2.0,0.0,8872.0,0.0,115.0,113.0,0.0,0.0,0.0,8872.0,0.0,0.0,0.0, 
6625,必應,2019-08-12,0.0,0.0,8872.0,2.0,113.0,115.0,0.0,0.0,0.0,8872.0,0.0,0.0,0.0, 
6625,必應,2019-08-13,0.0,1.0,8872.0,4.0,108.0,113.0,0.0,0.0,0.0,8872.0,0.0,0.0,0.0, 
6625,必應,2019-08-14,0.0,0.0,8872.0,1.0,107.0,108.0,0.0,0.0,0.0,8872.0,0.0,0.0,0.0, 
6625,必應,2019-08-15,1.0,0.0,8872.0,9.0,99.0,107.0,0.0,0.0,0.0,8872.0,0.0,0.0,0.0, 
6625,必應,2019-08-16,0.0,0.0,8872.0,0.0,99.0,99.0,0.0,0.0,0.0,8872.0,0.0,0.0,0.0, 
6625,必應,2019-08-19,0.0,0.0,8872.0,2.0,97.0,99.0,0.0,0.0,0.0,8872.0,0.0,0.0,0.0, 
6625,必應,2019-08-20,1.0,0.0,8872.0,1.0,97.0,97.0,0.0,0.0,0.0,8872.0,0.0,0.0,0.0, 
6625,必應,2019-08-21,0.0,0.0,8872.0,3.0,94.0,97.0,0.0,0.0,0.0,8872.0,0.0,0.0,0.0, 
6625,必應,2019-08-22,0.0,0.0,8872.0,0.0,94.0,94.0,0.0,0.0,0.0,8872.0,0.0,0.0,0.0, 
6625,必應,2019-08-23,0.0,0.0,8872.0,0.0,94.0,94.0,0.0,0.0,0.0,8872.0,0.0,0.0,0.0, 
6625,必應,2019-08-26,0.0,0.0,8872.0,0.0,94.0,94.0,0.0,0.0,0.0,8872.0,0.0,0.0,0.0, 
6625,必應,2019-08-27,0.0,0.0,8872.0,1.0,93.0,94.0,0.0,0.0,0.0,8872.0,0.0,0.0,0.0, 
6625,必應,2019-08-28,0.0,0.0,8872.0,1.0,92.0,93.0,0.0,0.0,0.0,8872.0,0.0,0.0,0.0, 
6625,必應,2019-08-29,0.0,0.0,9308.0,4.0,88.0,92.0,0.0,0.0,0.0,9308.0,0.0,0.0,0.0, 
6625,必應,2019-08-30,1.0,0.0,9308.0,0.0,89.0,88.0,0.0,0.0,0.0,9308.0,0.0,0.0,0.0, 
6625,必應,2019-09-02,0.0,0.0,9308.0,0.0,89.0,89.0,0.0,0.0,0.0,9308.0,0.0,0.0,0.0, 
6625,必應,2019-09-03,0.0,0.0,9308.0,7.0,82.0,89.0,0.0,0.0,0.0,9308.0,0.0,0.0,0.0, 
6625,必應,2019-09-04,1.0,0.0,9308.0,0.0,83.0,82.0,0.0,0.0,0.0,9308.0,0.0,0.0,0.0, 
6625,必應,2019-09-05,0.0,0.0,9308.0,4.0,79.0,83.0,0.0,0.0,0.0,9308.0,0.0,0.0,0.0, 
6625,必應,2019-09-06,3.0,0.0,9308.0,4.0,78.0,79.0,0.0,0.0,0.0,9308.0,0.0,0.0,0.0, 
6625,必應,2019-09-09,0.0,0.0,9308.0,0.0,78.0,78.0,0.0,0.0,0.0,9308.0,0.0,0.0,0.0, 
6625,必應,2019-09-10,0.0,0.0,9308.0,0.0,78.0,78.0,0.0,0.0,0.0,9308.0,0.0,0.0,0.0, 
6625,必應,2019-09-11,1.0,0.0,9308.0,1.0,78.0,78.0,0.0,0.0,0.0,9308.0,0.0,0.0,0.0, 
6625,必應,2019-09-12,0.0,0.0,9308.0,0.0,78.0,78.0,0.0,0.0,0.0,9308.0,0.0,0.0,0.0, 
6625,必應,2019-09-16,0.0,0.0,9308.0,2.0,76.0,78.0,0.0,0.0,0.0,9308.0,0.0,0.0,0.0, 
6625,必應,2019-09-17,0.0,0.0,9308.0,0.0,76.0,76.0,0.0,0.0,0.0,9308.0,0.0,0.0,0.0, 
6625,必應,2019-09-18,0.0,0.0,9308.0,0.0,76.0,76.0,0.0,0.0,0.0,9308.0,0.0,0.0,0.0, 
6625,必應,2019-09-19,0.0,0.0,9308.0,0.0,76.0,76.0,0.0,0.0,0.0,9308.0,0.0,0.0,0.0, 
6625,必應,2019-09-20,0.0,0.0,9308.0,0.0,76.0,76.0,0.0,0.0,0.0,9308.0,0.0,0.0,0.0, 
6625,必應,2019-09-23,1.0,1.0,9308.0,1.0,75.0,76.0,0.0,0.0,0.0,9308.0,0.0,0.0,0.0, 
6625,必應,2019-09-24,3.0,0.0,9308.0,0.0,78.0,75.0,0.0,0.0,0.0,9308.0,0.0,0.0,0.0, 
6625,必應,2019-09-25,0.0,0.0,9308.0,1.0,77.0,78.0,0.0,0.0,0.0,9308.0,0.0,0.0,0.0, 
6625,必應,2019-09-26,0.0,0.0,9308.0,0.0,77.0,77.0,0.0,0.0,0.0,9308.0,0.0,0.0,0.0, 
6625,必應,2019-09-27,2.0,1.0,9308.0,0.0,78.0,77.0,0.0,0.0,0.0,9308.0,0.0,0.0,0.0, 
6625,必應,2019-10-01,0.0,0.0,9308.0,0.0,78.0,78.0,0.0,0.0,0.0,9308.0,0.0,0.0,0.0, 
6625,必應,2019-10-02,0.0,0.0,9333.0,0.0,78.0,78.0,0.0,0.0,0.0,9333.0,0.0,0.0,0.0, 
6625,必應,2019-10-03,0.0,0.0,9333.0,0.0,78.0,78.0,0.0,0.0,0.0,9333.0,0.0,0.0,0.0, 
6625,必應,2019-10-04,0.0,0.0,9333.0,0.0,78.0,78.0,0.0,0.0,0.0,9333.0,0.0,0.0,0.0, 
6625,必應,2019-10-07,0.0,0.0,9333.0,0.0,78.0,78.0,0.0,0.0,0.0,9333.0,0.0,0.0,0.0, 
6625,必應,2019-10-08,0.0,0.0,9333.0,2.0,76.0,78.0,0.0,0.0,0.0,9333.0,0.0,0.0,0.0, 
6625,必應,2019-10-09,0.0,0.0,9333.0,0.0,76.0,76.0,0.0,0.0,0.0,9333.0,0.0,0.0,0.0, 
6625,必應,2019-10-14,0.0,0.0,9333.0,0.0,76.0,76.0,0.0,0.0,0.0,9333.0,0.0,0.0,0.0, 
6625,必應,2019-10-15,0.0,0.0,9333.0,2.0,74.0,76.0,0.0,0.0,0.0,9333.0,0.0,0.0,0.0, 
6625,必應,2019-10-16,0.0,0.0,9333.0,0.0,74.0,74.0,0.0,0.0,0.0,9333.0,0.0,0.0,0.0, 
6625,必應,2019-10-17,0.0,0.0,9333.0,0.0,74.0,74.0,0.0,0.0,0.0,9333.0,0.0,0.0,0.0, 
6625,必應,2019-10-18,0.0,0.0,9333.0,0.0,74.0,74.0,0.0,0.0,0.0,9333.0,0.0,0.0,0.0, 
6625,必應,2019-10-21,0.0,0.0,9333.0,0.0,74.0,74.0,0.0,0.0,0.0,9333.0,0.0,0.0,0.0, 
6625,必應,2019-10-22,0.0,0.0,9333.0,1.0,73.0,74.0,0.0,0.0,0.0,9333.0,0.0,0.0,0.0, 
6625,必應,2019-10-23,0.0,0.0,9333.0,0.0,73.0,73.0,0.0,0.0,0.0,9333.0,0.0,0.0,0.0, 
6625,必應,2019-10-24,0.0,0.0,9333.0,0.0,73.0,73.0,0.0,0.0,0.0,9333.0,0.0,0.0,0.0, 
6625,必應,2019-10-25,0.0,0.0,9333.0,0.0,73.0,73.0,0.0,0.0,0.0,9333.0,0.0,0.0,0.0, 
6625,必應,2019-10-28,0.0,0.0,9333.0,0.0,73.0,73.0,0.0,0.0,0.0,9333.0,0.0,0.0,0.0, 
6625,必應,2019-10-29,5.0,0.0,9333.0,7.0,71.0,73.0,0.0,0.0,0.0,9333.0,0.0,0.0,0.0, 
6625,必應,2019-10-30,1.0,0.0,9333.0,1.0,71.0,71.0,0.0,0.0,0.0,9333.0,0.0,0.0,0.0, 
6625,必應,2019-10-31,0.0,0.0,9333.0,2.0,69.0,71.0,0.0,0.0,0.0,9333.0,0.0,0.0,0.0, 
6625,必應,2019-11-01,0.0,0.0,9333.0,0.0,69.0,69.0,0.0,0.0,0.0,9333.0,0.0,0.0,0.0, 
6625,必應,2019-11-04,1.0,0.0,9333.0,1.0,69.0,69.0,0.0,0.0,0.0,9333.0,0.0,0.0,0.0, 
6625,必應,2019-11-05,0.0,0.0,9333.0,1.0,68.0,69.0,0.0,0.0,0.0,9333.0,0.0,0.0,0.0, 
6625,必應,2019-11-06,0.0,0.0,9333.0,0.0,68.0,68.0,0.0,0.0,0.0,9333.0,0.0,0.0,0.0, 
6625,必應,2019-11-07,0.0,0.0,9333.0,5.0,63.0,68.0,0.0,0.0,0.0,9333.0,0.0,0.0,0.0, 
6625,必應,2019-11-08,0.0,0.0,9333.0,0.0,63.0,63.0,0.0,0.0,0.0,9333.0,0.0,0.0,0.0, 
6625,必應,2019-11-11,0.0,0.0,9333.0,1.0,62.0,63.0,0.0,0.0,0.0,9333.0,0.0,0.0,0.0, 
6625,必應,2019-11-12,3.0,0.0,9333.0,0.0,65.0,62.0,0.0,0.0,0.0,9333.0,0.0,0.0,0.0, 
6625,必應,2019-11-13,0.0,0.0,9333.0,0.0,65.0,65.0,0.0,0.0,0.0,9333.0,0.0,0.0,0.0, 
6625,必應,2019-11-14,0.0,0.0,9333.0,2.0,63.0,65.0,0.0,0.0,0.0,9333.0,0.0,0.0,0.0, 
6625,必應,2019-11-15,0.0,0.0,9333.0,0.0,63.0,63.0,0.0,0.0,0.0,9333.0,0.0,0.0,0.0, 
6625,必應,2019-11-18,0.0,0.0,9333.0,3.0,60.0,63.0,0.0,0.0,0.0,9333.0,0.0,0.0,0.0, 
6625,必應,2019-11-19,0.0,0.0,9333.0,0.0,60.0,60.0,0.0,0.0,0.0,9333.0,0.0,0.0,0.0, 
6625,必應,2019-11-20,0.0,0.0,9333.0,0.0,60.0,60.0,0.0,0.0,0.0,9333.0,0.0,0.0,0.0, 
6625,必應,2019-11-21,0.0,0.0,9333.0,0.0,60.0,60.0,0.0,0.0,0.0,9333.0,0.0,0.0,0.0, 
6625,必應,2019-11-22,1.0,0.0,9333.0,0.0,61.0,60.0,0.0,0.0,0.0,9333.0,0.0,0.0,0.0, 
6625,必應,2019-11-25,0.0,0.0,9333.0,0.0,61.0,61.0,0.0,0.0,0.0,9333.0,0.0,0.0,0.0, 
6625,必應,2019-11-26,0.0,0.0,9333.0,2.0,59.0,61.0,0.0,0.0,0.0,9333.0,0.0,0.0,0.0, 
6625,必應,2019-11-27,1.0,0.0,9333.0,2.0,58.0,59.0,0.0,0.0,0.0,9333.0,0.0,0.0,0.0, 
6625,必應,2019-11-28,1.0,0.0,9333.0,0.0,59.0,58.0,0.0,0.0,0.0,9333.0,0.0,0.0,0.0, 
6625,必應,2019-11-29,0.0,0.0,9333.0,2.0,57.0,59.0,0.0,0.0,0.0,9333.0,0.0,0.0,0.0, 
6625,必應,2019-12-02,0.0,0.0,9333.0,0.0,57.0,57.0,0.0,0.0,0.0,9333.0,0.0,0.0,0.0, 
6625,必應,2019-12-03,4.0,0.0,9333.0,0.0,61.0,57.0,0.0,0.0,0.0,9333.0,0.0,0.0,0.0, 
6625,必應,2019-12-04,0.0,0.0,9333.0,0.0,61.0,61.0,0.0,0.0,0.0,9333.0,0.0,0.0,0.0, 
6625,必應,2019-12-05,0.0,0.0,9333.0,0.0,61.0,61.0,1.0,0.0,0.0,9333.0,0.0,0.0,0.0, 
6625,必應,2019-12-06,4.0,0.0,9333.0,3.0,62.0,61.0,0.0,0.0,0.0,9333.0,0.0,0.0,0.0, 
6625,必應,2019-12-09,1.0,0.0,9333.0,0.0,63.0,62.0,0.0,0.0,0.0,9333.0,2.0,2.0,0.0, 
6625,必應,2019-12-10,0.0,0.0,9333.0,2.0,61.0,63.0,0.0,0.0,0.0,9333.0,0.0,2.0,2.0, 
6625,必應,2019-12-11,9.0,0.0,9333.0,1.0,69.0,61.0,0.0,0.0,0.0,9333.0,0.0,2.0,2.0, 
6625,必應,2019-12-12,0.0,0.0,9333.0,0.0,69.0,69.0,0.0,0.0,0.0,9333.0,0.0,2.0,2.0, 
6625,必應,2019-12-13,0.0,0.0,9333.0,0.0,69.0,69.0,0.0,0.0,0.0,9333.0,0.0,2.0,2.0, 
6625,必應,2019-12-16,0.0,0.0,9333.0,1.0,68.0,69.0,0.0,0.0,0.0,9333.0,0.0,2.0,2.0, 
6625,必應,2019-12-17,2.0,0.0,9333.0,0.0,70.0,68.0,0.0,0.0,0.0,9333.0,0.0,2.0,2.0, 
6625,必應,2019-12-18,2.0,0.0,9333.0,1.0,71.0,70.0,0.0,0.0,0.0,9333.0,0.0,2.0,2.0, 
6625,必應,2019-12-19,1.0,0.0,9333.0,0.0,72.0,71.0,0.0,0.0,0.0,9333.0,0.0,2.0,2.0, 
6625,必應,2019-12-20,3.0,0.0,9333.0,2.0,73.0,72.0,0.0,0.0,0.0,9333.0,0.0,2.0,2.0, 
6625,必應,2019-12-23,1.0,0.0,9333.0,0.0,74.0,73.0,0.0,0.0,0.0,9333.0,0.0,2.0,2.0, 
6625,必應,2019-12-24,1.0,0.0,9333.0,5.0,70.0,74.0,0.0,0.0,0.0,9333.0,1.0,3.0,2.0, 
6625,必應,2019-12-25,1.0,0.0,9333.0,0.0,71.0,70.0,0.0,0.0,0.0,9333.0,0.0,3.0,3.0, 
6625,必應,2019-12-26,0.0,0.0,9333.0,0.0,71.0,71.0,0.0,0.0,0.0,9333.0,0.0,3.0,3.0, 
6625,必應,2019-12-27,0.0,0.0,9333.0,2.0,69.0,71.0,0.0,0.0,0.0,9333.0,0.0,3.0,3.0, 
6625,必應,2019-12-30,1.0,0.0,9333.0,0.0,70.0,69.0,0.0,0.0,0.0,9333.0,0.0,3.0,3.0, 
6625,必應,2019-12-31,5.0,0.0,9333.0,7.0,68.0,70.0,0.0,2.0,0.0,9333.0,0.0,1.0,3.0, 
6625,必應,2020-01-02,9.0,0.0,9333.0,1.0,76.0,68.0,0.0,0.0,0.0,9333.0,0.0,1.0,1.0, 
6625,必應,2020-01-03,1.0,0.0,9333.0,0.0,77.0,76.0,0.0,0.0,0.0,9333.0,0.0,1.0,1.0, 
6625,必應,2020-01-06,0.0,0.0,9333.0,0.0,77.0,77.0,0.0,0.0,0.0,9333.0,0.0,1.0,1.0, 
6625,必應,2020-01-07,0.0,0.0,9333.0,0.0,77.0,77.0,0.0,0.0,0.0,9333.0,0.0,1.0,1.0, 
6625,必應,2020-01-08,1.0,0.0,9333.0,0.0,78.0,77.0,0.0,0.0,0.0,9333.0,0.0,1.0,1.0, 
6625,必應,2020-01-09,0.0,0.0,9333.0,0.0,78.0,78.0,0.0,0.0,0.0,9333.0,0.0,1.0,1.0, 
6625,必應,2020-01-10,0.0,0.0,9333.0,0.0,78.0,78.0,0.0,0.0,0.0,9333.0,0.0,1.0,1.0, 
6625,必應,2020-01-13,1.0,0.0,9333.0,1.0,78.0,78.0,0.0,0.0,0.0,9333.0,0.0,1.0,1.0, 
6625,必應,2020-01-14,1.0,0.0,9333.0,0.0,79.0,78.0,0.0,0.0,0.0,9333.0,0.0,1.0,1.0, 
6625,必應,2020-01-15,0.0,0.0,9333.0,5.0,74.0,79.0,0.0,0.0,0.0,9333.0,0.0,1.0,1.0, 
6625,必應,2020-01-16,0.0,0.0,9333.0,1.0,73.0,74.0,0.0,0.0,0.0,9333.0,0.0,1.0,1.0, 
6625,必應,2020-01-17,0.0,0.0,9333.0,0.0,73.0,73.0,0.0,1.0,0.0,9333.0,0.0,0.0,1.0, 
6625,必應,2020-01-20,0.0,1.0,9333.0,5.0,67.0,73.0,0.0,0.0,0.0,9333.0,0.0,0.0,0.0, 
6625,必應,2020-01-30,3.0,0.0,9333.0,8.0,62.0,67.0,0.0,0.0,0.0,9333.0,0.0,0.0,0.0, 
6625,必應,2020-01-31,0.0,0.0,9333.0,1.0,61.0,62.0,0.0,0.0,0.0,9333.0,0.0,0.0,0.0, 
6625,必應,2020-02-03,1.0,0.0,9333.0,6.0,56.0,61.0,0.0,0.0,0.0,9333.0,0.0,0.0,0.0, 
6625,必應,2020-02-04,2.0,0.0,9333.0,1.0,57.0,56.0,0.0,0.0,0.0,9333.0,0.0,0.0,0.0, 
6625,必應,2020-02-05,0.0,0.0,9333.0,1.0,56.0,57.0,0.0,0.0,0.0,9333.0,0.0,0.0,0.0, 
6625,必應,2020-02-06,2.0,0.0,9333.0,0.0,58.0,56.0,0.0,0.0,0.0,9333.0,0.0,0.0,0.0, 
6625,必應,2020-02-07,1.0,0.0,9333.0,0.0,59.0,58.0,0.0,0.0,0.0,9333.0,4.0,4.0,0.0, 
6625,必應,2020-02-10,0.0,0.0,9333.0,0.0,59.0,59.0,0.0,0.0,0.0,9333.0,0.0,4.0,4.0, 
6625,必應,2020-02-11,0.0,0.0,9333.0,0.0,59.0,59.0,0.0,0.0,0.0,9333.0,0.0,4.0,4.0, 
6625,必應,2020-02-12,3.0,0.0,9333.0,0.0,62.0,59.0,0.0,0.0,0.0,9333.0,0.0,4.0,4.0, 
6625,必應,2020-02-13,1.0,0.0,9333.0,1.0,62.0,62.0,0.0,0.0,0.0,9333.0,0.0,4.0,4.0, 
6625,必應,2020-02-14,2.0,0.0,9333.0,1.0,63.0,62.0,0.0,0.0,0.0,9333.0,0.0,4.0,4.0, 
6625,必應,2020-02-17,0.0,0.0,9333.0,2.0,61.0,63.0,0.0,0.0,0.0,9333.0,0.0,4.0,4.0, 
6625,必應,2020-02-18,0.0,0.0,9333.0,0.0,61.0,61.0,0.0,0.0,0.0,9333.0,0.0,4.0,4.0, 
6625,必應,2020-02-19,0.0,0.0,9333.0,2.0,59.0,61.0,0.0,0.0,0.0,9333.0,0.0,4.0,4.0, 
6625,必應,2020-02-20,0.0,0.0,9333.0,0.0,59.0,59.0,0.0,0.0,0.0,9333.0,0.0,4.0,4.0, 
6625,必應,2020-02-21,0.0,0.0,9333.0,0.0,59.0,59.0,0.0,0.0,0.0,9333.0,0.0,4.0,4.0, 
6625,必應,2020-02-24,1.0,0.0,9333.0,0.0,60.0,59.0,0.0,0.0,0.0,9333.0,0.0,4.0,4.0, 
6625,必應,2020-02-25,0.0,0.0,9333.0,0.0,60.0,60.0,0.0,0.0,0.0,9333.0,0.0,4.0,4.0, 
6625,必應,2020-02-26,0.0,0.0,9333.0,3.0,57.0,60.0,0.0,0.0,0.0,9333.0,0.0,4.0,4.0, 
6625,必應,2020-02-27,1.0,0.0,9333.0,0.0,58.0,57.0,0.0,0.0,0.0,9333.0,0.0,4.0,4.0, 
6625,必應,2020-03-02,1.0,0.0,9333.0,0.0,59.0,58.0,0.0,0.0,0.0,9333.0,0.0,4.0,4.0, 
6625,必應,2020-03-03,0.0,0.0,9333.0,0.0,59.0,59.0,0.0,0.0,0.0,9333.0,0.0,4.0,4.0, 
6625,必應,2020-03-04,0.0,0.0,9333.0,0.0,59.0,59.0,0.0,0.0,0.0,9333.0,0.0,4.0,4.0, 
6625,必應,2020-03-05,2.0,0.0,9333.0,3.0,58.0,59.0,0.0,0.0,0.0,9333.0,0.0,4.0,4.0, 
6625,必應,2020-03-06,0.0,0.0,9333.0,1.0,57.0,58.0,0.0,0.0,0.0,9333.0,0.0,4.0,4.0, 
6625,必應,2020-03-09,1.0,0.0,9333.0,0.0,58.0,57.0,0.0,0.0,0.0,9333.0,0.0,4.0,4.0, 
6625,必應,2020-03-10,0.0,0.0,9333.0,2.0,56.0,58.0,0.0,0.0,0.0,9333.0,0.0,4.0,4.0, 
6625,必應,2020-03-11,0.0,0.0,9333.0,0.0,56.0,56.0,0.0,0.0,0.0,9333.0,0.0,4.0,4.0, 
6625,必應,2020-03-12,0.0,0.0,9333.0,3.0,53.0,56.0,0.0,0.0,0.0,9333.0,0.0,4.0,4.0, 
6625,必應,2020-03-13,1.0,0.0,9333.0,3.0,51.0,53.0,0.0,0.0,0.0,9333.0,0.0,4.0,4.0, 
6625,必應,2020-03-16,4.0,0.0,9333.0,2.0,53.0,51.0,0.0,0.0,0.0,9333.0,0.0,4.0,4.0, 
6625,必應,2020-03-17,3.0,1.0,9333.0,0.0,55.0,53.0,0.0,0.0,0.0,9333.0,0.0,4.0,4.0, 
6625,必應,2020-03-18,2.0,2.0,9333.0,5.0,50.0,55.0,0.0,0.0,0.0,9333.0,2.0,6.0,4.0, 
6625,必應,2020-03-19,2.0,0.0,9333.0,1.0,51.0,50.0,0.0,0.0,0.0,9333.0,4.0,10.0,6.0, 
6625,必應,2020-03-20,0.0,0.0,9333.0,6.0,45.0,51.0,0.0,0.0,0.0,9333.0,0.0,10.0,10.0, 
6625,必應,2020-03-23,0.0,0.0,9333.0,0.0,45.0,45.0,0.0,0.0,0.0,9333.0,0.0,10.0,10.0, 
6625,必應,2020-03-24,0.0,0.0,9333.0,0.0,45.0,45.0,0.0,0.0,0.0,9333.0,0.0,10.0,10.0, 
6625,必應,2020-03-25,0.0,0.0,9333.0,0.0,45.0,45.0,0.0,5.0,0.0,9333.0,0.0,5.0,10.0, 
6625,必應,2020-03-26,0.0,0.0,9333.0,0.0,45.0,45.0,0.0,1.0,0.0,9333.0,3.0,7.0,5.0, 
6625,必應,2020-03-27,1.0,0.0,9333.0,0.0,46.0,45.0,0.0,0.0,0.0,9333.0,0.0,7.0,7.0, 
6625,必應,2020-03-30,1.0,0.0,9333.0,2.0,45.0,46.0,0.0,0.0,0.0,9333.0,0.0,7.0,7.0, 
6625,必應,2020-03-31,0.0,0.0,9333.0,1.0,44.0,45.0,0.0,0.0,0.0,9333.0,0.0,7.0,7.0, 
6625,必應,2020-04-01,3.0,0.0,9333.0,0.0,47.0,44.0,0.0,0.0,0.0,9333.0,1.0,8.0,7.0, 
6625,必應,2020-04-06,2.0,0.0,9333.0,2.0,47.0,47.0,0.0,4.0,0.0,9333.0,1.0,5.0,8.0, 
6625,必應,2020-04-07,0.0,0.0,9333.0,4.0,43.0,47.0,0.0,2.0,0.0,9333.0,0.0,3.0,5.0, 
6625,必應,2020-04-08,0.0,0.0,9333.0,0.0,43.0,43.0,0.0,1.0,0.0,9333.0,0.0,2.0,3.0, 
6625,必應,2020-04-09,0.0,0.0,9333.0,0.0,43.0,43.0,0.0,1.0,0.0,9333.0,0.0,1.0,2.0,X 
6625,必應,2020-04-10,1.0,0.0,9333.0,0.0,44.0,43.0,0.0,1.0,0.0,9333.0,0.0,0.0,1.0,X 
6625,必應,2020-04-13,0.0,0.0,9333.0,0.0,44.0,44.0,0.0,0.0,0.0,9333.0,0.0,0.0,0.0,X 
6625,必應,2020-04-14,5.0,0.0,9333.0,0.0,49.0,44.0,0.0,0.0,0.0,9333.0,0.0,0.0,0.0,X 
6625,必應,2020-04-15,4.0,0.0,9333.0,2.0,51.0,49.0,0.0,0.0,0.0,9333.0,0.0,0.0,0.0, 
6625,必應,2020-04-16,3.0,0.0,9333.0,4.0,50.0,51.0,0.0,0.0,0.0,9333.0,4.0,4.0,0.0, 
6625,必應,2020-04-17,0.0,0.0,9333.0,3.0,47.0,50.0,0.0,0.0,0.0,9333.0,0.0,4.0,4.0, 
6625,必應,2020-04-20,2.0,0.0,9333.0,2.0,47.0,47.0,0.0,2.0,0.0,9333.0,0.0,2.0,4.0, 
6625,必應,2020-04-21,1.0,0.0,9333.0,1.0,47.0,47.0,0.0,0.0,0.0,9333.0,0.0,2.0,2.0, 
6625,必應,2020-04-22,0.0,0.0,9333.0,2.0,45.0,47.0,0.0,0.0,0.0,9333.0,0.0,2.0,2.0, 
6625,必應,2020-04-23,0.0,0.0,9333.0,0.0,45.0,45.0,0.0,0.0,0.0,9333.0,0.0,2.0,2.0, 
6625,必應,2020-04-24,0.0,0.0,9333.0,3.0,42.0,45.0,0.0,0.0,0.0,9333.0,0.0,2.0,2.0, 
6625,必應,2020-04-27,1.0,0.0,9333.0,0.0,43.0,42.0,0.0,0.0,0.0,9333.0,2.0,4.0,2.0, 
6625,必應,2020-04-28,1.0,0.0,9333.0,0.0,44.0,43.0,0.0,0.0,0.0,9333.0,0.0,4.0,4.0, 
6625,必應,2020-04-29,5.0,0.0,9358.0,4.0,45.0,44.0,0.0,0.0,0.0,9358.0,0.0,4.0,4.0, 
6625,必應,2020-04-30,0.0,0.0,9358.0,0.0,45.0,45.0,0.0,0.0,0.0,9358.0,0.0,4.0,4.0, 
6625,必應,2020-05-04,0.0,0.0,9358.0,0.0,45.0,45.0,0.0,0.0,0.0,9358.0,0.0,4.0,4.0, 
6625,必應,2020-05-05,0.0,0.0,9358.0,1.0,44.0,45.0,0.0,0.0,0.0,9358.0,0.0,4.0,4.0, 
6625,必應,2020-05-06,0.0,0.0,9358.0,0.0,44.0,44.0,0.0,0.0,0.0,9358.0,0.0,4.0,4.0, 
6625,必應,2020-05-07,0.0,0.0,9358.0,0.0,44.0,44.0,0.0,0.0,0.0,9358.0,0.0,4.0,4.0, 
6625,必應,2020-05-08,0.0,0.0,9358.0,0.0,44.0,44.0,0.0,0.0,0.0,9358.0,0.0,4.0,4.0, 
6625,必應,2020-05-11,0.0,0.0,9358.0,0.0,44.0,44.0,0.0,0.0,0.0,9358.0,0.0,4.0,4.0, 
6625,必應,2020-05-12,0.0,0.0,9358.0,0.0,44.0,44.0,0.0,0.0,0.0,9358.0,0.0,4.0,4.0, 
6625,必應,2020-05-13,0.0,0.0,9358.0,0.0,44.0,44.0,0.0,0.0,0.0,9358.0,0.0,4.0,4.0, 
6625,必應,2020-05-14,0.0,0.0,9358.0,1.0,43.0,44.0,1.0,0.0,0.0,9358.0,0.0,4.0,4.0, 
6625,必應,2020-05-15,0.0,0.0,9358.0,0.0,43.0,43.0,0.0,0.0,0.0,9358.0,0.0,4.0,4.0, 
6625,必應,2020-05-18,0.0,0.0,9358.0,0.0,43.0,43.0,0.0,0.0,0.0,9358.0,0.0,4.0,4.0, 
6625,必應,2020-05-19,0.0,0.0,9358.0,0.0,43.0,43.0,0.0,0.0,0.0,9358.0,0.0,4.0,4.0, 
6625,必應,2020-05-20,0.0,0.0,9358.0,0.0,43.0,43.0,0.0,0.0,0.0,9358.0,0.0,4.0,4.0, 
6625,必應,2020-05-21,0.0,0.0,9358.0,0.0,43.0,43.0,0.0,0.0,0.0,9358.0,0.0,4.0,4.0, 
6625,必應,2020-05-22,0.0,0.0,9358.0,0.0,43.0,43.0,0.0,0.0,0.0,9358.0,0.0,4.0,4.0, 
6625,必應,2020-05-25,1.0,0.0,9358.0,0.0,44.0,43.0,0.0,0.0,0.0,9358.0,0.0,4.0,4.0, 
6625,必應,2020-05-26,0.0,0.0,9358.0,0.0,44.0,44.0,0.0,0.0,0.0,9358.0,0.0,4.0,4.0, 
6625,必應,2020-05-27,0.0,0.0,9358.0,1.0,43.0,44.0,0.0,0.0,0.0,9358.0,0.0,4.0,4.0, 
6625,必應,2020-05-28,0.0,0.0,9358.0,0.0,43.0,43.0,0.0,0.0,0.0,9358.0,0.0,4.0,4.0, 
6625,必應,2020-05-29,0.0,0.0,9358.0,3.0,40.0,43.0,0.0,0.0,0.0,9358.0,0.0,4.0,4.0, 
6625,必應,2020-06-01,10.0,0.0,9383.0,0.0,50.0,40.0,0.0,4.0,0.0,9383.0,0.0,0.0,4.0, 
6625,必應,2020-06-02,0.0,0.0,9383.0,8.0,42.0,50.0,0.0,0.0,0.0,9383.0,0.0,0.0,0.0, 
6625,必應,2020-06-03,0.0,0.0,9383.0,0.0,42.0,42.0,0.0,0.0,0.0,9383.0,0.0,0.0,0.0, 
6625,必應,2020-06-04,0.0,0.0,9383.0,0.0,42.0,42.0,0.0,0.0,0.0,9383.0,0.0,0.0,0.0, 
6625,必應,2020-06-05,0.0,0.0,9383.0,0.0,42.0,42.0,0.0,0.0,0.0,9383.0,0.0,0.0,0.0, 
6625,必應,2020-06-08,0.0,0.0,9383.0,0.0,42.0,42.0,0.0,0.0,0.0,9383.0,0.0,0.0,0.0, 
6625,必應,2020-06-09,0.0,0.0,9383.0,0.0,42.0,42.0,0.0,0.0,0.0,9383.0,0.0,0.0,0.0, 
6625,必應,2020-06-10,0.0,2.0,9383.0,0.0,40.0,42.0,0.0,0.0,0.0,9383.0,0.0,0.0,0.0, 
6625,必應,2020-06-11,0.0,0.0,9383.0,0.0,40.0,40.0,0.0,0.0,0.0,9383.0,0.0,0.0,0.0, 
6625,必應,2020-06-12,0.0,0.0,9383.0,0.0,40.0,40.0,0.0,0.0,0.0,9383.0,0.0,0.0,0.0, 
6625,必應,2020-06-15,0.0,0.0,9383.0,0.0,40.0,40.0,0.0,0.0,0.0,9383.0,0.0,0.0,0.0, 
6625,必應,2020-06-16,0.0,0.0,9383.0,0.0,40.0,40.0,0.0,0.0,0.0,9383.0,0.0,0.0,0.0, 
6625,必應,2020-06-17,0.0,0.0,9383.0,0.0,40.0,40.0,0.0,0.0,0.0,9383.0,0.0,0.0,0.0, 
6625,必應,2020-06-18,0.0,0.0,9383.0,0.0,40.0,40.0,0.0,0.0,0.0,9383.0,0.0,0.0,0.0, 
6625,必應,2020-06-19,0.0,0.0,9383.0,0.0,40.0,40.0,0.0,0.0,0.0,9383.0,0.0,0.0,0.0, 
6625,必應,2020-06-22,2.0,0.0,9383.0,0.0,42.0,40.0,0.0,0.0,0.0,9383.0,0.0,0.0,0.0, 
6625,必應,2020-06-23,0.0,0.0,9383.0,0.0,42.0,42.0,0.0,0.0,0.0,9383.0,0.0,0.0,0.0, 
6625,必應,2020-06-24,0.0,0.0,9383.0,1.0,41.0,42.0,0.0,0.0,0.0,9383.0,0.0,0.0,0.0, 
6625,必應,2020-06-29,0.0,0.0,9383.0,1.0,40.0,41.0,0.0,0.0,0.0,9383.0,0.0,0.0,0.0, 
6625,必應,2020-06-30,0.0,0.0,9383.0,0.0,40.0,40.0,0.0,0.0,0.0,9383.0,0.0,0.0,0.0, 
6625,必應,2020-07-01,0.0,0.0,9383.0,0.0,40.0,40.0,0.0,0.0,0.0,9383.0,0.0,0.0,0.0, 
6625,必應,2020-07-02,0.0,0.0,9383.0,0.0,40.0,40.0,0.0,0.0,0.0,9383.0,0.0,0.0,0.0, 
6625,必應,2020-07-03,1.0,0.0,9383.0,0.0,41.0,40.0,0.0,0.0,0.0,9383.0,0.0,0.0,0.0, 
6625,必應,2020-07-06,0.0,0.0,9383.0,4.0,37.0,41.0,0.0,0.0,0.0,9383.0,0.0,0.0,0.0, 
6625,必應,2020-07-07,0.0,0.0,9383.0,0.0,37.0,37.0,0.0,0.0,0.0,9383.0,0.0,0.0,0.0, 
6625,必應,2020-07-08,0.0,0.0,9383.0,1.0,36.0,37.0,0.0,0.0,0.0,9383.0,0.0,0.0,0.0, 
6625,必應,2020-07-09,0.0,0.0,9383.0,0.0,36.0,36.0,1.0,0.0,0.0,9383.0,0.0,0.0,0.0, 
6625,必應,2020-07-10,1.0,0.0,9383.0,0.0,37.0,36.0,0.0,0.0,0.0,9383.0,0.0,0.0,0.0, 
6625,必應,2020-07-13,1.0,0.0,9383.0,0.0,38.0,37.0,0.0,0.0,0.0,9383.0,0.0,0.0,0.0, 
6625,必應,2020-07-14,0.0,0.0,9383.0,0.0,38.0,38.0,0.0,0.0,0.0,9383.0,0.0,0.0,0.0, 
6625,必應,2020-07-15,0.0,0.0,9383.0,0.0,38.0,38.0,0.0,0.0,0.0,9383.0,0.0,0.0,0.0, 
6625,必應,2020-07-16,0.0,0.0,9383.0,1.0,37.0,38.0,0.0,0.0,0.0,9383.0,0.0,0.0,0.0, 
6625,必應,2020-07-17,0.0,0.0,9383.0,0.0,37.0,37.0,0.0,0.0,0.0,9383.0,0.0,0.0,0.0, 
6625,必應,2020-07-20,0.0,0.0,9383.0,0.0,37.0,37.0,0.0,0.0,0.0,9383.0,0.0,0.0,0.0, 
6625,必應,2020-07-21,0.0,0.0,9383.0,0.0,37.0,37.0,0.0,0.0,0.0,9383.0,0.0,0.0,0.0, 
6625,必應,2020-07-22,0.0,0.0,9383.0,0.0,37.0,37.0,0.0,0.0,0.0,9383.0,0.0,0.0,0.0, 
6625,必應,2020-07-23,0.0,0.0,9383.0,0.0,37.0,37.0,0.0,0.0,0.0,9383.0,0.0,0.0,0.0, 
6625,必應,2020-07-24,0.0,0.0,9383.0,0.0,37.0,37.0,0.0,0.0,0.0,9383.0,0.0,0.0,0.0, 
6625,必應,2020-07-27,0.0,0.0,9383.0,0.0,37.0,37.0,0.0,0.0,0.0,9383.0,0.0,0.0,0.0, 
6625,必應,2020-07-28,0.0,0.0,9383.0,0.0,37.0,37.0,0.0,0.0,0.0,9383.0,0.0,0.0,0.0, 
6625,必應,2020-07-29,0.0,0.0,9383.0,0.0,37.0,37.0,0.0,0.0,0.0,9383.0,0.0,0.0,0.0, 
6625,必應,2020-07-30,0.0,0.0,9383.0,0.0,37.0,37.0,0.0,0.0,0.0,9383.0,0.0,0.0,0.0, 
6625,必應,2020-07-31,0.0,0.0,9383.0,0.0,37.0,37.0,0.0,0.0,0.0,9383.0,0.0,0.0,0.0, 
6625,必應,2020-08-03,0.0,0.0,9383.0,0.0,37.0,37.0,0.0,0.0,0.0,9383.0,0.0,0.0,0.0, 
6625,必應,2020-08-04,0.0,0.0,9383.0,0.0,37.0,37.0,0.0,0.0,0.0,9383.0,0.0,0.0,0.0, 
6625,必應,2020-08-05,0.0,0.0,9383.0,0.0,37.0,37.0,0.0,0.0,0.0,9383.0,0.0,0.0,0.0, 
6625,必應,2020-08-06,0.0,0.0,9383.0,0.0,37.0,37.0,0.0,0.0,0.0,9383.0,0.0,0.0,0.0, 
6625,必應,2020-08-07,0.0,0.0,9383.0,0.0,37.0,37.0,0.0,0.0,0.0,9383.0,0.0,0.0,0.0, 
6625,必應,2020-08-10,1.0,0.0,9383.0,0.0,38.0,37.0,0.0,0.0,0.0,9383.0,0.0,0.0,0.0, 
6625,必應,2020-08-11,0.0,0.0,9383.0,3.0,35.0,38.0,0.0,0.0,0.0,9383.0,0.0,0.0,0.0, 
6625,必應,2020-08-12,0.0,0.0,9383.0,0.0,35.0,35.0,0.0,0.0,0.0,9383.0,0.0,0.0,0.0, 
6625,必應,2020-08-13,0.0,0.0,9383.0,0.0,35.0,35.0,0.0,0.0,0.0,9383.0,0.0,0.0,0.0, 
6625,必應,2020-08-14,0.0,0.0,9383.0,0.0,35.0,35.0,0.0,0.0,0.0,9383.0,0.0,0.0,0.0, 
6625,必應,2020-08-17,0.0,0.0,9383.0,0.0,35.0,35.0,0.0,0.0,0.0,9383.0,0.0,0.0,0.0, 
6625,必應,2020-08-18,0.0,0.0,9383.0,0.0,35.0,35.0,0.0,0.0,0.0,9383.0,0.0,0.0,0.0, 
6625,必應,2020-08-19,0.0,0.0,9383.0,0.0,35.0,35.0,0.0,0.0,0.0,9383.0,0.0,0.0,0.0,X 
6625,必應,2020-08-20,2.0,0.0,9383.0,1.0,36.0,35.0,0.0,0.0,0.0,9383.0,0.0,0.0,0.0,X 
6625,必應,2020-08-21,0.0,0.0,9383.0,0.0,36.0,36.0,0.0,0.0,0.0,9383.0,0.0,0.0,0.0,X 
6625,必應,2020-08-24,0.0,0.0,9383.0,0.0,36.0,36.0,0.0,0.0,0.0,9383.0,0.0,0.0,0.0,X 
6625,必應,2020-08-25,0.0,0.0,9383.0,0.0,36.0,36.0,0.0,0.0,0.0,9383.0,0.0,0.0,0.0, 
6625,必應,2020-08-26,0.0,0.0,9383.0,0.0,36.0,36.0,0.0,0.0,0.0,9383.0,0.0,0.0,0.0, 
6625,必應,2020-08-27,0.0,0.0,9383.0,0.0,36.0,36.0,0.0,0.0,0.0,9383.0,0.0,0.0,0.0, 
6625,必應,2020-08-28,0.0,0.0,9383.0,0.0,36.0,36.0,0.0,0.0,0.0,9383.0,0.0,0.0,0.0, 
6625,必應,2020-08-31,0.0,0.0,9383.0,0.0,36.0,36.0,0.0,0.0,0.0,9383.0,0.0,0.0,0.0, 
6625,必應,2020-09-01,0.0,0.0,9383.0,0.0,36.0,36.0,0.0,0.0,0.0,9383.0,0.0,0.0,0.0, 
6625,必應,2020-09-02,0.0,0.0,9383.0,0.0,36.0,36.0,0.0,0.0,0.0,9383.0,0.0,0.0,0.0, 
6625,必應,2020-09-03,1.0,0.0,9383.0,0.0,37.0,36.0,0.0,0.0,0.0,9383.0,0.0,0.0,0.0, 
6625,必應,2020-09-04,0.0,0.0,9383.0,0.0,37.0,37.0,0.0,0.0,0.0,9383.0,0.0,0.0,0.0, 
6625,必應,2020-09-07,3.0,0.0,9383.0,0.0,40.0,37.0,0.0,0.0,0.0,9383.0,0.0,0.0,0.0, 
6625,必應,2020-09-08,0.0,0.0,9383.0,0.0,40.0,40.0,0.0,0.0,0.0,9383.0,0.0,0.0,0.0, 
6625,必應,2020-09-09,0.0,0.0,9383.0,0.0,40.0,40.0,0.0,0.0,0.0,9383.0,0.0,0.0,0.0, 
6625,必應,2020-09-10,0.0,0.0,9383.0,0.0,40.0,40.0,0.0,0.0,0.0,9383.0,0.0,0.0,0.0, 
6625,必應,2020-09-11,0.0,0.0,9383.0,1.0,39.0,40.0,0.0,0.0,0.0,9383.0,0.0,0.0,0.0, 
6625,必應,2020-09-14,0.0,0.0,9383.0,0.0,39.0,39.0,0.0,0.0,0.0,9383.0,0.0,0.0,0.0, 
6625,必應,2020-09-15,0.0,0.0,9383.0,0.0,39.0,39.0,0.0,0.0,0.0,9383.0,0.0,0.0,0.0, 
6625,必應,2020-09-16,0.0,0.0,9383.0,0.0,39.0,39.0,0.0,0.0,0.0,9383.0,0.0,0.0,0.0, 
6625,必應,2020-09-17,0.0,0.0,9383.0,0.0,39.0,39.0,0.0,0.0,0.0,9383.0,0.0,0.0,0.0, 
6625,必應,2020-09-18,0.0,0.0,9383.0,1.0,38.0,39.0,0.0,0.0,0.0,9383.0,0.0,0.0,0.0, 
6625,必應,2020-09-21,0.0,0.0,9383.0,1.0,37.0,38.0,0.0,0.0,0.0,9383.0,0.0,0.0,0.0, 
6625,必應,2020-09-22,0.0,0.0,9383.0,1.0,36.0,37.0,0.0,0.0,0.0,9383.0,0.0,0.0,0.0, 
6625,必應,2020-09-23,0.0,0.0,9383.0,0.0,36.0,36.0,0.0,0.0,0.0,9383.0,0.0,0.0,0.0, 
6625,必應,2020-09-24,0.0,0.0,9843.0,0.0,36.0,36.0,0.0,0.0,0.0,9843.0,0.0,0.0,0.0, 
6625,必應,2020-09-25,0.0,0.0,9843.0,0.0,36.0,36.0,0.0,0.0,0.0,9843.0,0.0,0.0,0.0, 
6625,必應,2020-09-28,0.0,0.0,9843.0,2.0,34.0,36.0,0.0,0.0,0.0,9843.0,1.0,1.0,0.0, 
6625,必應,2020-09-29,0.0,0.0,9843.0,1.0,33.0,34.0,0.0,0.0,0.0,9843.0,0.0,1.0,1.0, 
6625,必應,2020-09-30,0.0,0.0,9843.0,0.0,33.0,33.0,0.0,0.0,0.0,9843.0,0.0,1.0,1.0, 
6625,必應,2020-10-05,0.0,0.0,9843.0,0.0,33.0,33.0,0.0,0.0,0.0,9843.0,0.0,1.0,1.0, 
6625,必應,2020-10-06,0.0,0.0,9843.0,0.0,33.0,33.0,0.0,0.0,0.0,9843.0,0.0,1.0,1.0, 
6625,必應,2020-10-07,1.0,0.0,9843.0,0.0,34.0,33.0,0.0,1.0,0.0,9843.0,0.0,0.0,1.0, 
6625,必應,2020-10-08,21.0,0.0,9843.0,5.0,50.0,34.0,0.0,0.0,0.0,9843.0,0.0,0.0,0.0, 
6625,必應,2020-10-12,51.0,0.0,9843.0,12.0,89.0,50.0,1.0,0.0,0.0,9843.0,0.0,0.0,0.0, 
6625,必應,2020-10-13,11.0,0.0,9843.0,18.0,82.0,89.0,0.0,0.0,0.0,9843.0,0.0,0.0,0.0, 
6625,必應,2020-10-14,5.0,0.0,9843.0,3.0,84.0,82.0,0.0,0.0,0.0,9843.0,0.0,0.0,0.0, 
6625,必應,2020-10-15,7.0,0.0,9843.0,14.0,77.0,84.0,0.0,0.0,0.0,9843.0,0.0,0.0,0.0, 
6625,必應,2020-10-16,3.0,0.0,9843.0,9.0,71.0,77.0,0.0,0.0,0.0,9843.0,0.0,0.0,0.0,X 
6625,必應,2020-10-19,1.0,0.0,9843.0,1.0,71.0,71.0,0.0,0.0,0.0,9843.0,0.0,0.0,0.0,X 
6625,必應,2020-10-20,0.0,0.0,9843.0,1.0,70.0,71.0,0.0,0.0,0.0,9843.0,0.0,0.0,0.0,X 
6625,必應,2020-10-21,1.0,0.0,9843.0,0.0,71.0,70.0,0.0,0.0,0.0,9843.0,0.0,0.0,0.0,X 
6625,必應,2020-10-22,0.0,0.0,9843.0,4.0,67.0,71.0,0.0,0.0,0.0,9843.0,0.0,0.0,0.0, 
6625,必應,2020-10-23,1.0,0.0,9843.0,0.0,68.0,67.0,0.0,0.0,0.0,9843.0,0.0,0.0,0.0, 
6625,必應,2020-10-26,1.0,0.0,9843.0,3.0,66.0,68.0,0.0,0.0,0.0,9843.0,0.0,0.0,0.0, 
6625,必應,2020-10-27,0.0,0.0,9843.0,0.0,66.0,66.0,0.0,0.0,0.0,9843.0,0.0,0.0,0.0, 
6625,必應,2020-10-28,2.0,0.0,9843.0,1.0,67.0,66.0,0.0,0.0,0.0,9843.0,0.0,0.0,0.0, 
6625,必應,2020-10-29,5.0,1.0,9843.0,1.0,70.0,67.0,0.0,0.0,0.0,9843.0,0.0,0.0,0.0, 
6625,必應,2020-10-30,0.0,0.0,9843.0,2.0,68.0,70.0,0.0,0.0,0.0,9843.0,0.0,0.0,0.0, 
6625,必應,2020-11-02,0.0,0.0,9843.0,0.0,68.0,68.0,0.0,0.0,0.0,9843.0,0.0,0.0,0.0, 
6625,必應,2020-11-03,0.0,0.0,9843.0,1.0,67.0,68.0,0.0,0.0,0.0,9843.0,0.0,0.0,0.0, 
6625,必應,2020-11-04,0.0,0.0,9843.0,0.0,67.0,67.0,0.0,0.0,0.0,9843.0,0.0,0.0,0.0, 
6625,必應,2020-11-05,0.0,0.0,9843.0,3.0,64.0,67.0,0.0,0.0,0.0,9843.0,0.0,0.0,0.0, 
6625,必應,2020-11-06,2.0,0.0,9843.0,0.0,66.0,64.0,0.0,0.0,0.0,9843.0,0.0,0.0,0.0, 
6625,必應,2020-11-09,4.0,0.0,9843.0,0.0,70.0,66.0,0.0,0.0,0.0,9843.0,1.0,1.0,0.0, 
6625,必應,2020-11-10,16.0,0.0,9843.0,0.0,86.0,70.0,0.0,0.0,0.0,9843.0,0.0,1.0,1.0, 
6625,必應,2020-11-11,1.0,0.0,9843.0,2.0,85.0,86.0,0.0,0.0,0.0,9843.0,0.0,1.0,1.0, 
6625,必應,2020-11-12,2.0,0.0,9843.0,4.0,83.0,85.0,0.0,0.0,0.0,9843.0,0.0,1.0,1.0, 
6625,必應,2020-11-13,0.0,0.0,9843.0,1.0,82.0,83.0,0.0,0.0,0.0,9843.0,0.0,1.0,1.0, 
6625,必應,2020-11-16,1.0,0.0,9843.0,0.0,83.0,82.0,0.0,0.0,0.0,9843.0,2.0,3.0,1.0, 
6625,必應,2020-11-17,1.0,0.0,9843.0,4.0,80.0,83.0,0.0,0.0,0.0,9843.0,2.0,5.0,3.0, 
6625,必應,2020-11-18,0.0,0.0,9843.0,0.0,80.0,80.0,0.0,0.0,0.0,9843.0,2.0,7.0,5.0, 
6625,必應,2020-11-19,3.0,0.0,9843.0,1.0,82.0,80.0,0.0,0.0,0.0,9843.0,1.0,8.0,7.0, 
6625,必應,2020-11-20,0.0,0.0,9843.0,0.0,82.0,82.0,0.0,0.0,0.0,9843.0,2.0,10.0,8.0, 
6625,必應,2020-11-23,3.0,0.0,11218.0,23.0,62.0,82.0,0.0,0.0,0.0,11218.0,8.0,18.0,10.0, 
6625,必應,2020-11-24,20.0,0.0,11218.0,0.0,82.0,62.0,0.0,11.0,1.0,11218.0,0.0,6.0,18.0, 
6625,必應,2020-11-25,1.0,0.0,11218.0,0.0,83.0,82.0,0.0,0.0,1.0,11218.0,2.0,7.0,6.0, 
6625,必應,2020-11-26,1.0,0.0,11218.0,5.0,79.0,83.0,0.0,0.0,0.0,11218.0,0.0,7.0,7.0, 
6625,必應,2020-11-27,1.0,0.0,11218.0,0.0,80.0,79.0,0.0,2.0,0.0,11218.0,0.0,5.0,7.0, 
6625,必應,2020-11-30,6.0,0.0,11218.0,3.0,83.0,80.0,0.0,5.0,0.0,11218.0,0.0,0.0,5.0, 
6625,必應,2020-12-01,0.0,0.0,11218.0,2.0,81.0,83.0,0.0,0.0,0.0,11218.0,0.0,0.0,0.0, 
6625,必應,2020-12-02,2.0,0.0,11218.0,0.0,83.0,81.0,0.0,0.0,0.0,11218.0,0.0,0.0,0.0, 
6625,必應,2020-12-03,8.0,0.0,11218.0,0.0,91.0,83.0,0.0,0.0,0.0,11218.0,0.0,0.0,0.0, 
6625,必應,2020-12-04,0.0,0.0,11218.0,4.0,87.0,91.0,0.0,0.0,0.0,11218.0,0.0,0.0,0.0, 
6625,必應,2020-12-07,8.0,0.0,11218.0,0.0,95.0,87.0,0.0,0.0,0.0,11218.0,0.0,0.0,0.0, 
6625,必應,2020-12-08,1.0,0.0,11218.0,3.0,93.0,95.0,0.0,0.0,0.0,11218.0,0.0,0.0,0.0, 
6625,必應,2020-12-09,2.0,0.0,11218.0,0.0,95.0,93.0,0.0,0.0,0.0,11218.0,0.0,0.0,0.0, 
6625,必應,2020-12-10,5.0,0.0,11218.0,0.0,100.0,95.0,0.0,0.0,0.0,11218.0,0.0,0.0,0.0, 
6625,必應,2020-12-11,7.0,0.0,11218.0,2.0,105.0,100.0,0.0,0.0,0.0,11218.0,0.0,0.0,0.0, 
6625,必應,2020-12-14,2.0,0.0,11218.0,0.0,107.0,105.0,0.0,0.0,0.0,11218.0,0.0,0.0,0.0, 
6625,必應,2020-12-15,14.0,0.0,11218.0,9.0,112.0,107.0,0.0,0.0,0.0,11218.0,0.0,0.0,0.0, 
6625,必應,2020-12-16,1.0,0.0,11218.0,2.0,111.0,112.0,0.0,0.0,0.0,11218.0,0.0,0.0,0.0, 
6625,必應,2020-12-17,13.0,0.0,11218.0,0.0,124.0,111.0,0.0,0.0,0.0,11218.0,0.0,0.0,0.0, 
6625,必應,2020-12-18,0.0,0.0,11218.0,0.0,124.0,124.0,0.0,0.0,0.0,11218.0,0.0,0.0,0.0, 
6625,必應,2020-12-21,0.0,0.0,11218.0,0.0,124.0,124.0,0.0,0.0,0.0,11218.0,0.0,0.0,0.0, 
6625,必應,2020-12-22,0.0,0.0,11218.0,8.0,116.0,124.0,0.0,0.0,0.0,11218.0,0.0,0.0,0.0, 
6625,必應,2020-12-23,1.0,0.0,11218.0,7.0,110.0,116.0,0.0,0.0,0.0,11218.0,0.0,0.0,0.0, 
6625,必應,2020-12-24,2.0,0.0,11218.0,13.0,99.0,110.0,0.0,0.0,0.0,11218.0,0.0,0.0,0.0, 
6625,必應,2020-12-25,0.0,0.0,11218.0,1.0,98.0,99.0,0.0,0.0,0.0,11218.0,0.0,0.0,0.0, 
6625,必應,2020-12-28,1.0,0.0,11218.0,4.0,95.0,98.0,0.0,0.0,0.0,11218.0,0.0,0.0,0.0, 
6625,必應,2020-12-29,0.0,0.0,11218.0,2.0,93.0,95.0,0.0,0.0,0.0,11218.0,0.0,0.0,0.0, 
6625,必應,2020-12-30,0.0,0.0,11218.0,3.0,90.0,93.0,0.0,0.0,0.0,11218.0,0.0,0.0,0.0, 
6625,必應,2020-12-31,1.0,0.0,11218.0,0.0,91.0,90.0,0.0,0.0,0.0,11218.0,0.0,0.0,0.0, 
6625,必應,2021-01-04,2.0,0.0,11218.0,1.0,92.0,91.0,0.0,0.0,0.0,11218.0,0.0,0.0,0.0, 
6625,必應,2021-01-05,0.0,0.0,11218.0,1.0,91.0,92.0,0.0,0.0,0.0,11218.0,0.0,0.0,0.0, 
6625,必應,2021-01-06,2.0,0.0,11218.0,2.0,91.0,91.0,0.0,0.0,0.0,11218.0,0.0,0.0,0.0, 
6625,必應,2021-01-07,1.0,0.0,11218.0,6.0,86.0,91.0,0.0,0.0,0.0,11218.0,0.0,0.0,0.0, 
6625,必應,2021-01-08,1.0,0.0,11218.0,3.0,84.0,86.0,0.0,0.0,0.0,11218.0,0.0,0.0,0.0, 
6625,必應,2021-01-11,5.0,0.0,11218.0,0.0,89.0,84.0,0.0,0.0,0.0,11218.0,0.0,0.0,0.0, 
6625,必應,2021-01-12,1.0,0.0,11218.0,0.0,90.0,89.0,0.0,0.0,0.0,11218.0,0.0,0.0,0.0, 
6625,必應,2021-01-13,8.0,0.0,11218.0,3.0,95.0,90.0,0.0,0.0,0.0,11218.0,0.0,0.0,0.0, 
6625,必應,2021-01-14,0.0,0.0,11218.0,0.0,95.0,95.0,0.0,0.0,0.0,11218.0,0.0,0.0,0.0, 
6625,必應,2021-01-15,2.0,0.0,11218.0,0.0,97.0,95.0,0.0,0.0,0.0,11218.0,0.0,0.0,0.0, 
6625,必應,2021-01-18,4.0,0.0,11218.0,4.0,97.0,97.0,0.0,0.0,0.0,11218.0,2.0,2.0,0.0, 
6625,必應,2021-01-19,0.0,0.0,11218.0,0.0,97.0,97.0,0.0,0.0,0.0,11218.0,0.0,2.0,2.0, 
6625,必應,2021-01-20,0.0,0.0,11218.0,8.0,89.0,97.0,0.0,0.0,0.0,11218.0,0.0,2.0,2.0, 
6625,必應,2021-01-21,1.0,0.0,11218.0,0.0,90.0,89.0,0.0,0.0,0.0,11218.0,0.0,2.0,2.0, 
6625,必應,2021-01-22,0.0,0.0,11218.0,0.0,90.0,90.0,0.0,0.0,0.0,11218.0,0.0,2.0,2.0, 
6625,必應,2021-01-25,1.0,0.0,11218.0,0.0,91.0,90.0,0.0,2.0,0.0,11218.0,0.0,0.0,2.0, 
6625,必應,2021-01-26,4.0,0.0,11218.0,0.0,95.0,91.0,0.0,0.0,0.0,11218.0,0.0,0.0,0.0, 
6625,必應,2021-01-27,0.0,0.0,11218.0,0.0,95.0,95.0,0.0,0.0,0.0,11218.0,0.0,0.0,0.0, 
6625,必應,2021-01-28,0.0,0.0,11218.0,2.0,93.0,95.0,0.0,0.0,0.0,11218.0,0.0,0.0,0.0, 
6625,必應,2021-01-29,1.0,0.0,11218.0,3.0,91.0,93.0,0.0,0.0,0.0,11218.0,0.0,0.0,0.0, 
6625,必應,2021-02-01,0.0,0.0,11218.0,1.0,90.0,91.0,0.0,0.0,0.0,11218.0,0.0,0.0,0.0, 
6625,必應,2021-02-02,0.0,0.0,11218.0,0.0,90.0,90.0,0.0,0.0,0.0,11218.0,0.0,0.0,0.0, 
6625,必應,2021-02-03,0.0,0.0,11218.0,0.0,90.0,90.0,0.0,0.0,0.0,11218.0,0.0,0.0,0.0, 
6625,必應,2021-02-04,0.0,0.0,11218.0,0.0,90.0,90.0,0.0,0.0,0.0,11218.0,0.0,0.0,0.0, 
6625,必應,2021-02-05,0.0,0.0,11218.0,0.0,90.0,90.0,0.0,0.0,0.0,11218.0,0.0,0.0,0.0, 
6625,必應,2021-02-17,0.0,0.0,11218.0,0.0,90.0,90.0,0.0,0.0,0.0,11218.0,0.0,0.0,0.0, 
6625,必應,2021-02-18,8.0,0.0,11218.0,0.0,98.0,90.0,0.0,0.0,0.0,11218.0,0.0,0.0,0.0, 
6625,必應,2021-02-19,25.0,0.0,11218.0,3.0,120.0,98.0,0.0,0.0,0.0,11218.0,0.0,0.0,0.0, 
6625,必應,2021-02-22,2.0,0.0,11218.0,7.0,115.0,120.0,1.0,0.0,0.0,11218.0,0.0,0.0,0.0, 
6625,必應,2021-02-23,3.0,0.0,11218.0,3.0,115.0,115.0,0.0,0.0,0.0,11218.0,0.0,0.0,0.0, 
6625,必應,2021-02-24,1.0,0.0,11218.0,4.0,112.0,115.0,0.0,0.0,0.0,11218.0,0.0,0.0,0.0, 
6625,必應,2021-02-25,0.0,0.0,11218.0,0.0,112.0,112.0,0.0,0.0,0.0,11218.0,0.0,0.0,0.0, 
6625,必應,2021-02-26,1.0,0.0,11218.0,16.0,97.0,112.0,0.0,0.0,0.0,11218.0,0.0,0.0,0.0, 
6625,必應,2021-03-02,1.0,0.0,11218.0,0.0,98.0,97.0,0.0,0.0,0.0,11218.0,0.0,0.0,0.0, 
6625,必應,2021-03-03,1.0,0.0,11218.0,0.0,99.0,98.0,0.0,0.0,0.0,11218.0,0.0,0.0,0.0, 
6625,必應,2021-03-04,0.0,0.0,11218.0,2.0,97.0,99.0,0.0,0.0,0.0,11218.0,0.0,0.0,0.0, 
6625,必應,2021-03-05,4.0,0.0,11218.0,0.0,101.0,97.0,0.0,0.0,0.0,11218.0,0.0,0.0,0.0, 
6625,必應,2021-03-08,0.0,0.0,11218.0,0.0,101.0,101.0,0.0,0.0,0.0,11218.0,0.0,0.0,0.0, 
6625,必應,2021-03-09,0.0,0.0,11218.0,2.0,99.0,101.0,0.0,0.0,0.0,11218.0,0.0,0.0,0.0, 
6625,必應,2021-03-10,4.0,0.0,11218.0,1.0,102.0,99.0,0.0,0.0,0.0,11218.0,0.0,0.0,0.0, 
6625,必應,2021-03-11,1.0,0.0,11218.0,1.0,102.0,102.0,0.0,0.0,0.0,11218.0,0.0,0.0,0.0, 
6625,必應,2021-03-12,0.0,0.0,11218.0,0.0,102.0,102.0,0.0,0.0,0.0,11218.0,0.0,0.0,0.0, 
6625,必應,2021-03-15,2.0,0.0,11218.0,4.0,100.0,102.0,0.0,0.0,0.0,11218.0,0.0,0.0,0.0, 
6625,必應,2021-03-16,5.0,0.0,11218.0,0.0,105.0,100.0,0.0,0.0,0.0,11218.0,0.0,0.0,0.0, 
6625,必應,2021-03-17,21.0,0.0,11218.0,12.0,114.0,105.0,0.0,0.0,0.0,11218.0,0.0,0.0,0.0, 
6625,必應,2021-03-18,8.0,0.0,11218.0,26.0,96.0,114.0,3.0,0.0,0.0,11218.0,0.0,0.0,0.0, 
6625,必應,2021-03-19,14.0,0.0,11218.0,3.0,107.0,96.0,0.0,0.0,0.0,11218.0,0.0,0.0,0.0, 
6625,必應,2021-03-22,2.0,0.0,11218.0,6.0,103.0,107.0,4.0,0.0,0.0,11218.0,0.0,0.0,0.0, 
6625,必應,2021-03-23,1.0,0.0,11218.0,17.0,87.0,103.0,0.0,0.0,0.0,11218.0,0.0,0.0,0.0, 
6625,必應,2021-03-24,10.0,0.0,11218.0,1.0,96.0,87.0,0.0,0.0,0.0,11218.0,1.0,1.0,0.0, 
6625,必應,2021-03-25,0.0,0.0,11218.0,0.0,96.0,96.0,0.0,1.0,0.0,11218.0,0.0,0.0,1.0, 
6625,必應,2021-03-26,10.0,0.0,11218.0,0.0,106.0,96.0,0.0,0.0,0.0,11218.0,0.0,0.0,0.0, 
6625,必應,2021-03-29,0.0,0.0,11218.0,0.0,106.0,106.0,0.0,0.0,0.0,11218.0,0.0,0.0,0.0, 
6625,必應,2021-03-30,0.0,0.0,11218.0,0.0,106.0,106.0,0.0,0.0,0.0,11218.0,0.0,0.0,0.0, 
6625,必應,2021-03-31,0.0,0.0,11218.0,0.0,106.0,106.0,0.0,0.0,0.0,11218.0,0.0,0.0,0.0, 
6625,必應,2021-04-01,0.0,0.0,11218.0,3.0,103.0,106.0,0.0,0.0,0.0,11218.0,0.0,0.0,0.0, 
6625,必應,2021-04-06,0.0,0.0,11218.0,5.0,98.0,103.0,0.0,0.0,0.0,11218.0,0.0,0.0,0.0, 
6625,必應,2021-04-07,0.0,0.0,11218.0,1.0,97.0,98.0,0.0,0.0,0.0,11218.0,0.0,0.0,0.0, 
6625,必應,2021-04-08,1.0,0.0,11218.0,2.0,96.0,97.0,0.0,0.0,0.0,11218.0,0.0,0.0,0.0, 
6625,必應,2021-04-09,0.0,0.0,11218.0,0.0,96.0,96.0,0.0,0.0,0.0,11218.0,0.0,0.0,0.0,X 
6625,必應,2021-04-12,1.0,0.0,11218.0,1.0,96.0,96.0,0.0,0.0,0.0,11218.0,0.0,0.0,0.0,X 
6625,必應,2021-04-13,9.0,0.0,11218.0,0.0,105.0,96.0,0.0,0.0,0.0,11218.0,0.0,0.0,0.0,X 
6625,必應,2021-04-14,1.0,0.0,11218.0,0.0,106.0,105.0,0.0,0.0,0.0,11218.0,0.0,0.0,0.0,X 
6625,必應,2021-04-15,3.0,0.0,11218.0,1.0,108.0,106.0,0.0,0.0,0.0,11218.0,0.0,0.0,0.0, 
6625,必應,2021-04-16,0.0,0.0,11218.0,0.0,108.0,108.0,0.0,0.0,0.0,11218.0,0.0,0.0,0.0, 
6625,必應,2021-04-19,0.0,0.0,11218.0,3.0,105.0,108.0,0.0,0.0,0.0,11218.0,0.0,0.0,0.0, 
6625,必應,2021-04-20,1.0,0.0,11218.0,0.0,106.0,105.0,0.0,0.0,0.0,11218.0,0.0,0.0,0.0, 
6625,必應,2021-04-21,0.0,0.0,11218.0,1.0,105.0,106.0,0.0,0.0,0.0,11218.0,0.0,0.0,0.0, 
6625,必應,2021-04-22,5.0,0.0,11218.0,2.0,108.0,105.0,0.0,0.0,0.0,11218.0,0.0,0.0,0.0, 
6625,必應,2021-04-23,0.0,0.0,11218.0,0.0,108.0,108.0,0.0,0.0,0.0,11218.0,0.0,0.0,0.0, 
