stock_id,stock_name,date,Volume,Volume_Cash,Open,High,Low,Close,Change,Order
6492,生華科,2017-04-24,2611000.0,410847500.0,160.5,165.0,146.0,146.0,-16.0,1255.0
6492,生華科,2017-04-25,701000.0,99704500.0,147.0,148.0,137.5,137.5,-8.5,573.0
6492,生華科,2017-04-26,597000.0,85286000.0,140.5,146.5,138.5,145.0,7.5,453.0
6492,生華科,2017-04-27,346000.0,50536500.0,145.0,147.5,144.0,147.0,2.0,270.0
6492,生華科,2017-04-28,261000.0,38472500.0,146.0,149.0,146.0,148.0,1.0,214.0
6492,生華科,2017-05-02,286000.0,40419000.0,148.0,148.0,139.0,139.5,-8.5,241.0
6492,生華科,2017-05-03,264000.0,36585500.0,139.0,141.5,136.5,138.0,-1.5,210.0
6492,生華科,2017-05-04,1065000.0,136295000.0,140.0,140.0,124.5,125.5,-12.5,688.0
6492,生華科,2017-05-05,496000.0,60008500.0,124.0,124.0,116.5,120.5,-5.0,391.0
6492,生華科,2017-05-08,481000.0,58437000.0,122.0,123.0,119.5,122.5,2.0,309.0
6492,生華科,2017-05-09,276000.0,33486500.0,122.0,123.0,120.0,121.5,-1.0,181.0
6492,生華科,2017-05-10,235000.0,28380500.0,121.5,122.0,120.5,120.5,-1.0,142.0
6492,生華科,2017-05-11,274000.0,32940500.0,121.0,121.5,120.0,120.0,-0.5,121.0
6492,生華科,2017-05-12,190000.0,22993500.0,120.5,122.0,120.0,120.5,0.5,130.0
6492,生華科,2017-05-15,144000.0,17711000.0,123.0,123.5,122.5,123.5,3.0,120.0
6492,生華科,2017-05-16,156000.0,19181000.0,124.0,124.0,122.0,123.5,0.0,114.0
6492,生華科,2017-05-17,115000.0,14032500.0,122.5,123.5,121.0,121.0,-2.5,76.0
6492,生華科,2017-05-18,151000.0,18307500.0,121.0,122.0,121.0,121.5,0.5,106.0
6492,生華科,2017-05-19,110000.0,13617000.0,122.0,125.5,122.0,123.0,1.5,98.0
6492,生華科,2017-05-22,68000.0,8451000.0,123.0,127.0,122.5,127.0,4.0,65.0
6492,生華科,2017-05-23,162000.0,20669000.0,126.5,130.0,125.0,130.0,3.0,133.0
6492,生華科,2017-05-24,90000.0,11719500.0,130.5,132.0,129.5,130.0,0.0,76.0
6492,生華科,2017-05-25,401000.0,52096000.0,130.0,131.5,128.0,130.5,0.5,141.0
6492,生華科,2017-05-26,79000.0,10175000.0,131.0,131.0,127.5,128.5,-2.0,61.0
6492,生華科,2017-05-31,69000.0,8741500.0,128.0,128.5,124.0,125.5,-3.0,52.0
6492,生華科,2017-06-01,62000.0,7774500.0,127.0,127.0,124.5,126.0,0.5,49.0
6492,生華科,2017-06-02,49000.0,6143500.0,126.0,126.5,125.0,125.0,-1.0,41.0
6492,生華科,2017-06-03,47000.0,5912500.0,125.5,127.0,124.0,127.0,2.0,36.0
6492,生華科,2017-06-05,41000.0,5188500.0,127.0,127.0,125.5,127.0,0.0,31.0
6492,生華科,2017-06-06,23000.0,2901000.0,127.0,127.0,125.0,126.5,-0.5,22.0
6492,生華科,2017-06-07,39000.0,4886000.0,125.5,126.5,125.0,125.0,-1.5,30.0
6492,生華科,2017-06-08,57000.0,7165500.0,125.0,127.0,125.0,126.0,1.0,49.0
6492,生華科,2017-06-09,102000.0,12946000.0,126.0,130.0,124.5,130.0,4.0,80.0
6492,生華科,2017-06-12,39000.0,4972500.0,127.0,130.0,127.0,127.0,-3.0,34.0
6492,生華科,2017-06-13,56000.0,7000000.0,126.5,126.5,124.0,125.0,-2.0,46.0
6492,生華科,2017-06-14,192000.0,23553000.0,125.0,125.0,120.0,123.0,-2.0,110.0
6492,生華科,2017-06-15,31000.0,3847000.0,125.0,125.0,123.0,124.5,1.5,28.0
6492,生華科,2017-06-16,16000.0,1996000.0,126.0,126.0,123.5,125.0,0.5,14.0
6492,生華科,2017-06-19,65000.0,8142500.0,125.5,127.0,123.0,127.0,2.0,55.0
6492,生華科,2017-06-20,20000.0,2508500.0,125.0,126.5,125.0,125.0,-2.0,17.0
6492,生華科,2017-06-21,27000.0,3363500.0,126.0,126.0,123.5,125.0,0.0,25.0
6492,生華科,2017-06-22,76000.0,9574000.0,125.0,127.0,124.5,127.0,2.0,66.0
6492,生華科,2017-06-23,81000.0,10188500.0,126.0,127.0,124.5,127.0,0.0,55.0
6492,生華科,2017-06-26,71000.0,8855500.0,127.0,127.0,123.0,125.0,-2.0,66.0
6492,生華科,2017-06-27,39000.0,4832500.0,125.0,125.0,123.5,124.0,-1.0,37.0
6492,生華科,2017-06-28,80000.0,9838000.0,124.0,124.0,122.0,123.0,-1.0,66.0
6492,生華科,2017-06-29,77000.0,9492500.0,124.0,124.0,121.5,123.5,0.5,51.0
6492,生華科,2017-06-30,52000.0,6401500.0,123.0,124.0,122.5,123.0,-0.5,45.0
6492,生華科,2017-07-03,62000.0,7564000.0,124.0,124.0,120.5,122.5,-0.5,44.0
6492,生華科,2017-07-04,66000.0,7996000.0,122.5,123.0,120.5,120.5,-2.0,48.0
6492,生華科,2017-07-05,100000.0,12035000.0,120.5,121.0,118.0,121.0,0.5,83.0
6492,生華科,2017-07-06,100000.0,11961000.0,120.0,120.0,119.0,120.0,-1.0,89.0
6492,生華科,2017-07-07,470000.0,53533000.0,120.0,120.0,108.0,109.0,-11.0,297.0
6492,生華科,2017-07-10,479000.0,47392500.0,106.5,107.0,98.1,98.1,-10.9,302.0
6492,生華科,2017-07-11,863000.0,76645800.0,89.1,92.5,88.3,92.5,-5.6,495.0
6492,生華科,2017-07-12,396000.0,35681200.0,90.8,91.9,88.3,91.9,-0.6,302.0
6492,生華科,2017-07-13,290000.0,26299800.0,91.0,91.5,89.6,91.5,-0.4,214.0
6492,生華科,2017-07-14,90000.0,8204900.0,91.5,91.8,90.3,91.3,-0.2,80.0
6492,生華科,2017-07-17,174000.0,15776600.0,91.3,91.3,89.8,91.3,0.0,137.0
6492,生華科,2017-07-18,94000.0,8499100.0,90.3,90.7,89.9,90.7,-0.6,63.0
6492,生華科,2017-07-19,80000.0,7187800.0,90.1,91.0,89.6,89.8,-0.9,51.0
6492,生華科,2017-07-20,104000.0,9297600.0,89.0,89.9,88.3,89.9,0.1,88.0
6492,生華科,2017-07-21,164000.0,15209800.0,90.0,94.5,90.0,93.5,3.6,149.0
6492,生華科,2017-07-24,112000.0,10265200.0,92.2,92.5,90.9,92.0,-1.5,99.0
6492,生華科,2017-07-25,165000.0,15446400.0,93.0,96.0,91.2,96.0,4.0,124.0
6492,生華科,2017-07-26,158000.0,15567400.0,96.0,99.9,96.0,98.0,2.0,107.0
6492,生華科,2017-07-27,127000.0,12114100.0,98.0,98.0,94.2,94.3,-3.7,116.0
6492,生華科,2017-07-28,75000.0,7039700.0,93.8,95.9,93.0,93.2,-1.1,67.0
6492,生華科,2017-07-31,71000.0,6654400.0,93.5,94.6,93.0,93.2,0.0,64.0
6492,生華科,2017-08-01,62000.0,5752500.0,93.5,93.8,91.5,92.9,-0.3,60.0
6492,生華科,2017-08-02,43000.0,3957200.0,92.0,92.9,91.6,92.0,-0.9,40.0
6492,生華科,2017-08-03,113000.0,10258400.0,92.0,92.0,90.0,91.2,-0.8,104.0
6492,生華科,2017-08-04,83000.0,7472600.0,90.6,90.9,89.1,89.9,-1.3,76.0
6492,生華科,2017-08-07,63000.0,5601500.0,89.0,89.9,88.5,88.8,-1.1,52.0
6492,生華科,2017-08-08,42000.0,3732000.0,89.0,90.0,88.3,88.3,-0.5,38.0
6492,生華科,2017-08-09,70000.0,6113700.0,87.6,88.9,86.3,86.5,-1.8,68.0
6492,生華科,2017-08-10,324000.0,25804800.0,85.0,86.0,77.9,77.9,-8.6,247.0
6492,生華科,2017-08-11,310000.0,22455700.0,75.0,75.0,70.6,71.3,-6.6,232.0
6492,生華科,2017-08-14,272000.0,18227400.0,72.7,72.8,64.3,65.4,-5.9,195.0
6492,生華科,2017-08-15,236000.0,15661400.0,65.7,69.4,64.3,68.9,3.5,204.0
6492,生華科,2017-08-16,118000.0,8115000.0,68.0,70.8,66.9,70.0,1.1,112.0
6492,生華科,2017-08-17,62000.0,4290100.0,69.9,70.0,68.6,69.6,-0.4,61.0
6492,生華科,2017-08-18,29000.0,2004300.0,68.8,69.4,68.2,69.4,-0.2,29.0
6492,生華科,2017-08-21,42000.0,2901300.0,70.0,70.0,68.4,69.0,-0.4,39.0
6492,生華科,2017-08-22,66000.0,4534600.0,68.5,69.7,67.6,69.7,0.7,58.0
6492,生華科,2017-08-23,32000.0,2212900.0,69.0,69.5,68.8,69.5,-0.2,31.0
6492,生華科,2017-08-24,40000.0,2749700.0,69.0,69.3,67.7,68.6,-0.9,28.0
6492,生華科,2017-08-25,74000.0,5154800.0,68.6,70.5,68.6,69.8,1.2,60.0
6492,生華科,2017-08-28,29000.0,2000000.0,69.4,69.5,68.5,68.5,-1.3,27.0
6492,生華科,2017-08-29,54000.0,3630300.0,67.8,68.0,66.6,67.5,-1.0,48.0
6492,生華科,2017-08-30,27000.0,1811900.0,67.0,68.0,66.4,66.9,-0.6,21.0
6492,生華科,2017-08-31,80000.0,5527200.0,67.8,70.0,67.8,68.2,1.3,66.0
6492,生華科,2017-09-01,47000.0,3248300.0,70.4,70.4,68.4,68.6,0.4,41.0
6492,生華科,2017-09-04,44000.0,2943200.0,68.0,68.0,66.3,66.3,-2.3,42.0
6492,生華科,2017-09-05,67000.0,4493200.0,66.2,68.0,66.2,66.5,0.2,52.0
6492,生華科,2017-09-06,76000.0,5078200.0,66.3,67.7,66.1,66.2,-0.3,63.0
6492,生華科,2017-09-07,31000.0,2061700.0,66.6,67.0,66.0,66.8,0.6,29.0
6492,生華科,2017-09-08,34000.0,2275400.0,66.6,67.5,66.6,67.0,0.2,27.0
6492,生華科,2017-09-11,41000.0,2766900.0,67.4,67.9,67.0,67.5,0.5,37.0
6492,生華科,2017-09-12,33000.0,2230300.0,68.0,68.0,66.1,68.0,0.5,33.0
6492,生華科,2017-09-13,28000.0,1896900.0,67.5,68.4,67.2,67.8,-0.2,25.0
6492,生華科,2017-09-14,26000.0,1757100.0,67.8,68.0,67.3,67.3,-0.5,21.0
6492,生華科,2017-09-15,54000.0,3609800.0,67.3,67.3,65.6,66.5,-0.8,49.0
6492,生華科,2017-09-18,335000.0,24065900.0,67.5,73.1,64.5,73.1,6.6,258.0
6492,生華科,2017-09-19,582000.0,45671600.0,75.0,80.4,73.3,80.4,7.3,450.0
6492,生華科,2017-09-20,610000.0,52814400.0,81.6,88.4,81.6,88.4,8.0,410.0
6492,生華科,2017-09-21,793000.0,71837100.0,95.5,95.5,84.0,88.0,-0.4,633.0
6492,生華科,2017-09-22,310000.0,26564800.0,88.0,88.0,84.0,84.0,-4.0,235.0
6492,生華科,2017-09-25,174000.0,14761000.0,84.0,86.9,83.0,84.5,0.5,146.0
6492,生華科,2017-09-26,202000.0,16512100.0,84.5,85.4,79.0,79.0,-5.5,163.0
6492,生華科,2017-09-27,123000.0,9699100.0,79.6,80.2,77.3,78.0,-1.0,110.0
6492,生華科,2017-09-28,123000.0,9445900.0,78.1,78.5,76.1,76.2,-1.8,102.0
6492,生華科,2017-09-29,229000.0,18332500.0,77.1,82.1,76.6,79.5,3.3,192.0
6492,生華科,2017-09-30,120000.0,9382700.0,79.9,80.0,76.8,78.1,-1.4,98.0
6492,生華科,2017-10-02,180000.0,14589900.0,79.4,84.0,77.6,83.9,5.8,139.0
6492,生華科,2017-10-03,141000.0,11462900.0,83.0,83.4,80.5,80.5,-3.4,136.0
6492,生華科,2017-10-05,130000.0,10337600.0,81.2,81.2,78.8,79.0,-1.5,105.0
6492,生華科,2017-10-06,74000.0,5869500.0,80.1,80.1,78.9,79.0,0.0,59.0
6492,生華科,2017-10-11,71000.0,5634100.0,81.0,81.0,78.1,80.4,1.4,61.0
6492,生華科,2017-10-12,97000.0,7762900.0,80.7,80.7,79.4,79.4,-1.0,85.0
6492,生華科,2017-10-13,56000.0,4442500.0,79.4,80.5,78.7,79.3,-0.1,48.0
6492,生華科,2017-10-16,81000.0,6413400.0,80.3,80.3,78.6,79.2,-0.1,69.0
6492,生華科,2017-10-17,322000.0,26411700.0,80.4,84.9,80.4,82.0,2.8,263.0
6492,生華科,2017-10-18,171000.0,13725800.0,81.4,82.0,78.3,82.0,0.0,150.0
6492,生華科,2017-10-19,90000.0,7264600.0,81.9,81.9,80.1,81.0,-1.0,78.0
6492,生華科,2017-10-20,62000.0,4972700.0,80.5,81.0,79.5,80.5,-0.5,57.0
6492,生華科,2017-10-23,68000.0,5404700.0,80.5,80.5,79.0,80.0,-0.5,57.0
6492,生華科,2017-10-24,127000.0,10275900.0,79.5,81.9,79.5,81.9,1.9,111.0
6492,生華科,2017-10-25,107000.0,8677900.0,82.0,82.4,80.4,81.3,-0.6,92.0
6492,生華科,2017-10-26,61000.0,4944000.0,81.3,81.4,80.0,81.2,-0.1,54.0
6492,生華科,2017-10-27,106000.0,8522700.0,80.7,81.3,79.7,80.0,-1.2,81.0
6492,生華科,2017-10-30,65000.0,5118200.0,80.0,80.0,76.3,76.3,-3.7,54.0
6492,生華科,2017-10-31,49000.0,3764400.0,76.7,77.4,76.4,77.0,0.7,48.0
6492,生華科,2017-11-01,64000.0,4853100.0,77.0,77.0,74.7,75.3,-1.7,61.0
6492,生華科,2017-11-02,44000.0,3351100.0,75.5,77.1,75.5,75.5,0.2,38.0
6492,生華科,2017-11-03,81000.0,5851800.0,75.5,75.5,70.7,70.7,-4.8,74.0
6492,生華科,2017-11-06,66000.0,4699300.0,70.7,71.7,70.7,71.7,1.0,62.0
6492,生華科,2017-11-07,43000.0,3086500.0,71.7,72.7,71.2,71.7,0.0,37.0
6492,生華科,2017-11-08,39000.0,2781800.0,71.5,71.7,71.0,71.2,-0.5,34.0
6492,生華科,2017-11-09,80000.0,5754300.0,71.5,72.5,71.3,71.3,0.1,69.0
6492,生華科,2017-11-10,19000.0,1354300.0,72.1,72.1,70.8,70.9,-0.4,18.0
6492,生華科,2017-11-13,31000.0,2177300.0,71.2,71.2,69.0,69.6,-1.3,28.0
6492,生華科,2017-11-14,16000.0,1124200.0,69.3,70.9,69.3,70.6,1.0,16.0
6492,生華科,2017-11-15,17000.0,1196700.0,70.2,70.9,69.9,70.1,-0.5,15.0
6492,生華科,2017-11-16,16000.0,1119500.0,70.1,70.1,69.8,69.8,-0.3,16.0
6492,生華科,2017-11-17,31000.0,2183900.0,69.8,70.9,69.6,70.3,0.5,28.0
6492,生華科,2017-11-20,38000.0,2699400.0,70.5,71.8,70.3,71.2,0.9,36.0
6492,生華科,2017-11-21,25000.0,1780700.0,71.2,71.5,71.0,71.1,-0.1,23.0
6492,生華科,2017-11-22,27000.0,1906700.0,70.9,71.4,70.4,71.4,0.3,23.0
6492,生華科,2017-11-23,18000.0,1279600.0,71.5,71.5,70.6,70.7,-0.7,15.0
6492,生華科,2017-11-24,15000.0,1066500.0,70.8,71.4,70.8,71.1,0.4,15.0
6492,生華科,2017-11-27,46000.0,3268700.0,71.2,71.5,70.4,71.5,0.4,39.0
6492,生華科,2017-11-28,60000.0,4343300.0,72.9,73.0,71.9,72.1,0.6,52.0
6492,生華科,2017-11-29,21000.0,1501700.0,71.8,72.0,71.3,71.3,-0.8,21.0
6492,生華科,2017-11-30,34000.0,2410500.0,70.9,71.5,70.2,70.9,-0.4,34.0
6492,生華科,2017-12-01,31000.0,2201700.0,71.1,71.3,70.6,71.1,0.2,30.0
6492,生華科,2017-12-04,44000.0,3111000.0,71.0,71.2,70.2,70.2,-0.9,39.0
6492,生華科,2017-12-05,30000.0,2113300.0,70.3,71.0,70.0,70.5,0.3,24.0
6492,生華科,2017-12-06,35000.0,2461700.0,70.5,71.0,69.4,69.4,-1.1,32.0
6492,生華科,2017-12-07,56000.0,3907800.0,70.0,70.2,69.4,69.7,0.3,46.0
6492,生華科,2017-12-08,50000.0,3492200.0,70.5,70.5,69.5,69.8,0.1,44.0
6492,生華科,2017-12-11,32000.0,2225400.0,69.7,70.0,68.5,69.5,-0.3,29.0
6492,生華科,2017-12-12,165000.0,11776900.0,69.5,72.6,69.3,72.0,2.5,126.0
6492,生華科,2017-12-13,171000.0,12089500.0,72.0,72.0,69.8,69.8,-2.2,127.0
6492,生華科,2017-12-14,50000.0,3480200.0,69.4,70.1,69.1,69.1,-0.7,45.0
6492,生華科,2017-12-15,46000.0,3167400.0,69.2,69.5,68.1,68.1,-1.0,39.0
6492,生華科,2017-12-18,60000.0,4079700.0,68.7,68.9,67.2,67.8,-0.3,45.0
6492,生華科,2017-12-19,14000.0,946900.0,67.6,67.9,67.4,67.4,-0.4,14.0
6492,生華科,2017-12-20,118000.0,7845300.0,67.1,67.2,65.8,66.7,-0.7,96.0
6492,生華科,2017-12-21,138000.0,9502900.0,66.8,69.5,66.8,68.1,1.4,112.0
6492,生華科,2017-12-22,40000.0,2729900.0,69.4,69.4,67.8,68.0,-0.1,34.0
6492,生華科,2017-12-25,34000.0,2318300.0,68.0,68.5,68.0,68.0,0.0,22.0
6492,生華科,2017-12-26,36000.0,2410700.0,68.4,68.4,65.6,66.1,-1.9,32.0
6492,生華科,2017-12-27,63000.0,4133700.0,66.0,66.0,65.0,65.5,-0.6,53.0
6492,生華科,2017-12-28,47000.0,3068700.0,65.8,65.8,65.0,65.7,0.2,34.0
6492,生華科,2017-12-29,84000.0,5546300.0,65.7,67.7,65.0,67.7,2.0,68.0
6492,生華科,2018-01-02,29000.0,1930100.0,66.2,67.1,66.2,66.5,-1.2,25.0
6492,生華科,2018-01-03,40000.0,2653500.0,66.3,66.5,66.0,66.0,-0.5,28.0
6492,生華科,2018-01-04,36000.0,2354000.0,65.8,65.8,65.2,65.2,-0.8,36.0
6492,生華科,2018-01-05,48000.0,3122800.0,65.4,65.4,64.7,65.0,-0.2,42.0
6492,生華科,2018-01-08,77000.0,4926200.0,65.0,65.0,63.0,63.4,-1.6,68.0
6492,生華科,2018-01-09,45000.0,2876100.0,63.4,64.7,63.4,64.7,1.3,39.0
6492,生華科,2018-01-10,41000.0,2634000.0,64.5,65.0,63.8,64.6,-0.1,41.0
6492,生華科,2018-01-11,27000.0,1729300.0,63.9,64.7,63.8,64.7,0.1,27.0
6492,生華科,2018-01-12,32000.0,2052700.0,64.2,64.6,63.8,64.2,-0.5,31.0
6492,生華科,2018-01-15,257000.0,17775500.0,65.6,70.6,65.0,70.6,6.4,191.0
6492,生華科,2018-01-16,478000.0,35526200.0,72.7,76.3,72.2,72.2,1.6,379.0
6492,生華科,2018-01-17,146000.0,10210400.0,71.5,71.5,69.0,69.7,-2.5,132.0
6492,生華科,2018-01-18,113000.0,8020800.0,70.0,71.8,69.7,71.2,1.5,88.0
6492,生華科,2018-01-19,87000.0,6247300.0,72.6,72.7,71.2,71.6,0.4,79.0
6492,生華科,2018-01-22,84000.0,5866300.0,71.6,71.6,69.0,69.8,-1.8,63.0
6492,生華科,2018-01-23,97000.0,6688200.0,70.0,70.2,68.0,68.0,-1.8,78.0
6492,生華科,2018-01-24,41000.0,2792300.0,68.0,69.0,68.0,68.0,0.0,33.0
6492,生華科,2018-01-25,68000.0,4753500.0,69.3,71.5,68.9,69.4,1.4,65.0
6492,生華科,2018-01-26,53000.0,3663100.0,68.5,69.7,68.5,69.7,0.3,42.0
6492,生華科,2018-01-29,38000.0,2665100.0,69.7,70.5,69.7,70.4,0.7,34.0
6492,生華科,2018-01-30,33000.0,2292000.0,70.4,70.4,68.9,68.9,-1.5,30.0
6492,生華科,2018-01-31,17000.0,1180600.0,68.9,70.1,68.5,70.1,1.2,17.0
6492,生華科,2018-02-01,49000.0,3383700.0,69.3,70.0,68.6,68.7,-1.4,44.0
6492,生華科,2018-02-02,40000.0,2745400.0,68.7,69.7,68.2,69.7,1.0,38.0
6492,生華科,2018-02-05,53000.0,3577900.0,64.5,69.0,64.5,69.0,-0.7,47.0
6492,生華科,2018-02-06,88000.0,5784100.0,68.0,68.5,63.6,63.6,-5.4,76.0
6492,生華科,2018-02-07,41000.0,2686300.0,66.8,66.8,65.0,65.6,2.0,32.0
6492,生華科,2018-02-08,35000.0,2300100.0,66.8,67.3,64.7,65.9,0.3,31.0
6492,生華科,2018-02-09,55000.0,3533200.0,64.5,65.7,63.6,64.8,-1.1,45.0
6492,生華科,2018-02-12,53000.0,3459300.0,64.8,65.9,64.8,65.7,0.9,40.0
6492,生華科,2018-02-21,49000.0,3222100.0,65.8,67.0,65.2,65.5,-0.2,41.0
6492,生華科,2018-02-22,63000.0,4143300.0,65.3,66.5,65.3,65.6,0.1,54.0
6492,生華科,2018-02-23,28000.0,1843000.0,66.9,66.9,65.4,65.6,0.0,25.0
6492,生華科,2018-02-26,56000.0,3680300.0,66.2,66.2,65.4,65.5,-0.1,37.0
6492,生華科,2018-02-27,44000.0,2875900.0,65.0,66.8,64.3,64.6,-0.9,39.0
6492,生華科,2018-03-01,41000.0,2667300.0,65.0,65.7,64.5,65.4,0.8,30.0
6492,生華科,2018-03-02,35000.0,2255500.0,65.0,65.2,64.0,64.9,-0.5,32.0
6492,生華科,2018-03-05,87000.0,5775600.0,65.0,68.9,64.8,66.1,1.2,68.0
6492,生華科,2018-03-06,45000.0,2985200.0,67.0,67.0,65.8,66.4,0.3,27.0
6492,生華科,2018-03-07,319000.0,23287000.0,73.0,73.0,73.0,73.0,6.6,162.0
6492,生華科,2018-03-08,1432000.0,113603200.0,77.0,80.3,76.3,80.3,7.3,788.0
6492,生華科,2018-03-09,999000.0,78842700.0,80.8,82.8,76.4,82.8,2.5,700.0
6492,生華科,2018-03-12,909000.0,76226200.0,83.0,86.0,82.0,85.0,2.2,612.0
6492,生華科,2018-03-13,637000.0,54546100.0,84.5,87.0,84.5,85.0,0.0,475.0
6492,生華科,2018-03-14,565000.0,47657600.0,84.4,86.5,82.1,85.0,0.0,447.0
6492,生華科,2018-03-15,1057000.0,96866000.0,85.1,93.5,85.1,93.5,8.5,670.0
6492,生華科,2018-03-16,737000.0,69228600.0,93.5,96.4,92.1,92.1,-1.4,543.0
6492,生華科,2018-03-19,726000.0,68561500.0,91.3,98.5,88.3,96.1,4.0,586.0
6492,生華科,2018-03-20,904000.0,86999500.0,96.1,99.5,94.5,95.0,-1.1,678.0
6492,生華科,2018-03-21,874000.0,78638600.0,94.5,94.6,85.6,88.0,-7.0,652.0
6492,生華科,2018-03-22,373000.0,32734500.0,87.9,90.9,84.7,88.0,0.0,300.0
6492,生華科,2018-03-23,242000.0,20653200.0,86.0,86.5,83.6,84.1,-3.9,191.0
6492,生華科,2018-03-26,286000.0,24677600.0,85.0,87.8,84.0,86.7,2.6,228.0
6492,生華科,2018-03-27,206000.0,17700800.0,86.8,87.1,84.3,85.0,-1.7,173.0
6492,生華科,2018-03-28,146000.0,12443500.0,85.0,86.9,84.5,84.5,-0.5,118.0
6492,生華科,2018-03-29,411000.0,36615400.0,86.5,91.0,86.0,89.9,5.4,324.0
6492,生華科,2018-03-30,216000.0,19221900.0,89.9,91.0,88.1,89.1,-0.8,173.0
6492,生華科,2018-03-31,185000.0,16449000.0,89.8,90.6,86.1,87.2,-1.9,162.0
6492,生華科,2018-04-02,220000.0,19703600.0,89.4,90.9,88.4,89.0,1.8,195.0
6492,生華科,2018-04-03,1326000.0,127765700.0,89.0,97.9,88.0,97.9,8.9,772.0
6492,生華科,2018-04-09,888000.0,94492000.0,104.0,107.5,104.0,107.5,9.6,451.0
6492,生華科,2018-04-10,2904000.0,327744000.0,118.0,118.0,102.5,112.0,4.5,1953.0
6492,生華科,2018-04-11,2739000.0,324431000.0,111.0,123.0,107.5,123.0,11.0,1792.0
6492,生華科,2018-04-12,2478000.0,306324000.0,127.5,129.0,119.0,120.0,-3.0,1890.0
6492,生華科,2018-04-13,1240000.0,151844000.0,122.5,126.5,120.0,123.0,3.0,885.0
6492,生華科,2018-04-16,862000.0,98081500.0,120.0,120.0,111.0,111.0,-12.0,663.0
6492,生華科,2018-04-17,662000.0,71125000.0,113.0,113.5,101.0,103.5,-7.5,508.0
6492,生華科,2018-04-18,474000.0,50244000.0,106.0,108.0,103.5,108.0,4.5,370.0
6492,生華科,2018-04-19,328000.0,34892500.0,108.0,108.0,105.0,105.0,-3.0,271.0
6492,生華科,2018-04-20,567000.0,60414000.0,106.0,110.0,103.0,105.5,0.5,426.0
6492,生華科,2018-04-23,359000.0,38574500.0,106.0,108.5,106.0,107.5,2.0,287.0
6492,生華科,2018-04-24,548000.0,59959500.0,106.5,114.0,104.0,111.0,3.5,455.0
6492,生華科,2018-04-25,516000.0,57632500.0,108.5,116.0,106.5,115.0,4.0,431.0
6492,生華科,2018-04-26,655000.0,73864000.0,115.0,117.0,108.0,108.0,-7.0,492.0
6492,生華科,2018-04-27,437000.0,47751000.0,111.0,111.0,105.0,111.0,3.0,325.0
6492,生華科,2018-04-30,452000.0,48627000.0,108.0,110.5,106.0,106.0,-5.0,347.0
6492,生華科,2018-05-02,353000.0,38188500.0,106.0,109.5,106.0,108.0,2.0,290.0
6492,生華科,2018-05-03,654000.0,69551500.0,108.0,111.0,101.5,102.5,-5.5,474.0
6492,生華科,2018-05-04,591000.0,55725800.0,102.0,102.0,92.3,92.3,-10.2,451.0
6492,生華科,2018-05-07,417000.0,36818900.0,91.9,91.9,84.6,88.5,-3.8,354.0
6492,生華科,2018-05-08,278000.0,25314100.0,88.5,94.3,86.0,91.3,2.8,237.0
6492,生華科,2018-05-09,153000.0,13823100.0,91.1,92.0,89.1,91.3,0.0,142.0
6492,生華科,2018-05-10,134000.0,12314900.0,92.0,92.7,91.3,91.7,0.4,129.0
6492,生華科,2018-05-11,200000.0,18165900.0,91.3,92.9,88.0,88.9,-2.8,183.0
6492,生華科,2018-05-14,172000.0,15422800.0,88.0,90.8,88.0,90.5,1.6,144.0
6492,生華科,2018-05-15,218000.0,19744300.0,90.6,91.4,89.5,90.1,-0.4,162.0
6492,生華科,2018-05-16,217000.0,19792100.0,90.9,92.7,90.2,90.6,0.5,161.0
6492,生華科,2018-05-17,253000.0,22638800.0,90.7,91.3,88.2,89.0,-1.6,199.0
6492,生華科,2018-05-18,262000.0,22619100.0,89.0,89.5,85.2,85.3,-3.7,228.0
6492,生華科,2018-05-21,320000.0,26541600.0,85.3,86.4,81.0,84.0,-1.3,272.0
6492,生華科,2018-05-22,158000.0,13311300.0,84.0,85.8,83.2,84.0,0.0,135.0
6492,生華科,2018-05-23,336000.0,30234000.0,85.5,92.4,85.2,92.4,8.4,205.0
6492,生華科,2018-05-24,934000.0,91666300.0,101.0,101.0,94.2,96.2,3.8,672.0
6492,生華科,2018-05-25,335000.0,30881000.0,96.2,96.2,91.1,92.2,-4.0,279.0
6492,生華科,2018-05-28,262000.0,23598300.0,92.4,92.6,88.2,88.5,-3.7,200.0
6492,生華科,2018-05-29,153000.0,13591600.0,88.4,90.0,86.7,86.7,-1.8,126.0
6492,生華科,2018-05-30,116000.0,9988100.0,86.7,88.3,84.1,85.3,-1.4,98.0
6492,生華科,2018-05-31,187000.0,16201100.0,86.5,89.8,84.0,89.8,4.5,164.0
6492,生華科,2018-06-01,282000.0,25933000.0,89.1,95.9,87.3,91.9,2.1,253.0
6492,生華科,2018-06-04,194000.0,17814900.0,92.0,92.7,91.0,91.7,-0.2,154.0
6492,生華科,2018-06-05,121000.0,11022400.0,92.8,92.8,90.0,90.0,-1.7,100.0
6492,生華科,2018-06-06,125000.0,11105500.0,90.5,90.5,87.5,87.7,-2.3,114.0
6492,生華科,2018-06-07,104000.0,9115500.0,87.7,88.9,86.6,86.6,-1.1,93.0
6492,生華科,2018-06-08,104000.0,8893300.0,87.8,87.8,85.0,85.2,-1.4,98.0
6492,生華科,2018-06-11,66000.0,5689800.0,85.5,86.6,85.5,85.9,0.7,56.0
6492,生華科,2018-06-12,96000.0,8243200.0,86.0,87.2,85.5,85.8,-0.1,84.0
6492,生華科,2018-06-13,75000.0,6496800.0,86.8,87.2,86.0,86.0,0.2,66.0
6492,生華科,2018-06-14,100000.0,8527300.0,86.2,86.2,84.3,84.6,-1.4,81.0
6492,生華科,2018-06-15,73000.0,6162300.0,84.3,85.9,83.6,84.0,-0.6,63.0
6492,生華科,2018-06-19,88000.0,7319700.0,84.9,84.9,82.2,83.0,-1.0,81.0
6492,生華科,2018-06-20,58000.0,4768200.0,83.0,83.0,81.6,82.0,-1.0,51.0
6492,生華科,2018-06-21,71000.0,5901600.0,82.8,84.0,82.1,83.6,1.6,59.0
6492,生華科,2018-06-22,81000.0,6739900.0,83.1,83.9,82.7,82.7,-0.9,74.0
6492,生華科,2018-06-25,61000.0,5049700.0,83.1,83.3,82.3,82.3,-0.4,51.0
6492,生華科,2018-06-26,59000.0,4815800.0,82.0,82.2,81.0,81.5,-0.8,56.0
6492,生華科,2018-06-27,55000.0,4476500.0,81.6,82.2,80.7,81.6,0.1,53.0
6492,生華科,2018-06-28,93000.0,7497300.0,80.7,81.5,80.1,80.2,-1.4,72.0
6492,生華科,2018-06-29,36000.0,2910400.0,80.5,81.4,80.5,80.7,0.5,31.0
6492,生華科,2018-07-02,34000.0,2766000.0,81.9,82.0,80.9,81.0,0.3,32.0
6492,生華科,2018-07-03,67000.0,5382500.0,81.0,81.9,79.2,79.4,-1.6,59.0
6492,生華科,2018-07-04,73000.0,5718600.0,80.0,80.0,77.5,77.5,-1.9,60.0
6492,生華科,2018-07-05,84000.0,6375400.0,77.5,77.6,74.3,74.3,-3.2,67.0
6492,生華科,2018-07-06,72000.0,5254600.0,74.3,74.3,72.0,73.4,-0.9,66.0
6492,生華科,2018-07-09,116000.0,8837100.0,75.6,78.0,74.6,77.1,3.7,74.0
6492,生華科,2018-07-10,56000.0,4231500.0,77.3,77.3,74.3,75.0,-2.1,51.0
6492,生華科,2018-07-11,67000.0,4985000.0,74.0,76.3,73.0,74.8,-0.2,62.0
6492,生華科,2018-07-12,103000.0,7990000.0,75.0,79.8,75.0,77.6,2.8,93.0
6492,生華科,2018-07-13,84000.0,6605500.0,78.0,80.0,77.7,78.3,0.7,73.0
6492,生華科,2018-07-16,92000.0,7415000.0,78.3,82.9,78.3,80.3,2.0,77.0
6492,生華科,2018-07-17,47000.0,3734100.0,80.3,80.3,79.0,79.1,-1.2,39.0
6492,生華科,2018-07-18,50000.0,3935600.0,80.3,81.8,77.5,78.5,-0.6,33.0
6492,生華科,2018-07-19,22000.0,1723600.0,78.5,79.0,78.0,78.0,-0.5,21.0
6492,生華科,2018-07-20,28000.0,2165800.0,78.0,78.7,77.0,77.0,-1.0,23.0
6492,生華科,2018-07-23,37000.0,2841900.0,77.4,78.0,75.2,76.4,-0.6,33.0
6492,生華科,2018-07-24,29000.0,2242200.0,76.7,78.0,76.3,77.5,1.1,22.0
6492,生華科,2018-07-25,16000.0,1239500.0,77.7,78.5,77.0,77.0,-0.5,16.0
6492,生華科,2018-07-26,19000.0,1468600.0,77.0,77.9,77.0,77.8,0.8,18.0
6492,生華科,2018-07-27,34000.0,2634500.0,76.7,78.3,76.7,77.8,0.0,21.0
6492,生華科,2018-07-30,58000.0,4430800.0,78.2,78.2,75.5,76.3,-1.5,40.0
6492,生華科,2018-07-31,50000.0,3771800.0,75.6,76.6,74.7,75.6,-0.7,48.0
6492,生華科,2018-08-01,48000.0,3615700.0,75.0,76.0,74.4,75.5,-0.1,37.0
6492,生華科,2018-08-02,79000.0,5834500.0,74.6,74.6,73.0,73.0,-2.5,67.0
6492,生華科,2018-08-03,44000.0,3204900.0,73.0,73.1,72.6,72.9,-0.1,41.0
6492,生華科,2018-08-06,38000.0,2786400.0,72.9,74.1,72.9,73.1,0.2,37.0
6492,生華科,2018-08-07,33000.0,2388600.0,73.0,73.0,71.0,72.0,-1.1,31.0
6492,生華科,2018-08-08,53000.0,3779400.0,72.4,72.4,70.8,70.8,-1.2,53.0
6492,生華科,2018-08-09,55000.0,3886700.0,70.8,71.6,70.0,70.9,0.1,39.0
6492,生華科,2018-08-10,55000.0,3861800.0,70.9,71.0,70.0,70.0,-0.9,36.0
6492,生華科,2018-08-13,96000.0,6484200.0,66.4,70.0,66.4,67.8,-2.2,74.0
6492,生華科,2018-08-14,44000.0,2952600.0,66.7,67.8,66.7,66.9,-0.9,38.0
6492,生華科,2018-08-15,65000.0,4377400.0,67.0,70.0,66.7,66.9,0.0,41.0
6492,生華科,2018-08-16,49000.0,3246500.0,65.8,67.1,65.8,67.0,0.1,30.0
6492,生華科,2018-08-17,27000.0,1831800.0,68.0,68.3,67.5,67.5,0.5,26.0
6492,生華科,2018-08-20,34000.0,2299200.0,67.5,68.8,67.4,67.5,0.0,15.0
6492,生華科,2018-08-21,17000.0,1154500.0,67.5,69.0,67.5,67.6,0.1,16.0
6492,生華科,2018-08-22,23000.0,1561500.0,67.7,68.0,67.7,67.8,0.2,21.0
6492,生華科,2018-08-23,24000.0,1618900.0,67.5,67.8,67.3,67.3,-0.5,21.0
6492,生華科,2018-08-24,24000.0,1613700.0,67.3,67.7,67.0,67.0,-0.3,24.0
6492,生華科,2018-08-27,41000.0,2796700.0,67.7,70.0,67.1,69.3,2.3,33.0
6492,生華科,2018-08-28,34000.0,2345700.0,69.5,69.9,68.2,68.3,-1.0,31.0
6492,生華科,2018-08-29,18000.0,1227200.0,68.1,69.2,68.0,68.0,-0.3,14.0
6492,生華科,2018-08-30,24000.0,1636700.0,68.1,68.6,68.0,68.0,0.0,19.0
6492,生華科,2018-08-31,30000.0,2046700.0,67.6,69.2,67.5,68.5,0.5,28.0
6492,生華科,2018-09-03,125000.0,9247300.0,69.0,75.3,69.0,73.9,5.4,118.0
6492,生華科,2018-09-04,88000.0,6554900.0,72.7,76.4,72.7,74.5,0.6,85.0
6492,生華科,2018-09-05,61000.0,4429900.0,74.6,75.7,70.7,70.7,-3.8,58.0
6492,生華科,2018-09-06,48000.0,3385000.0,70.5,72.0,69.8,70.0,-0.7,37.0
6492,生華科,2018-09-07,34000.0,2361400.0,69.5,71.0,68.1,69.1,-0.9,27.0
6492,生華科,2018-09-10,20000.0,1375500.0,69.0,70.8,68.0,69.1,0.0,20.0
6492,生華科,2018-09-11,18000.0,1242600.0,69.0,70.0,68.0,69.1,0.0,15.0
6492,生華科,2018-09-12,16000.0,1105000.0,68.2,69.6,68.0,69.6,0.5,14.0
6492,生華科,2018-09-13,139000.0,10409900.0,69.2,76.4,69.2,75.0,5.4,131.0
6492,生華科,2018-09-14,73000.0,5299100.0,74.6,74.6,71.3,71.8,-3.2,72.0
6492,生華科,2018-09-17,19000.0,1356600.0,73.2,73.2,71.0,71.1,-0.7,19.0
6492,生華科,2018-09-18,52000.0,3638000.0,70.2,70.4,69.3,70.4,-0.7,47.0
6492,生華科,2018-09-19,23000.0,1605900.0,69.3,70.5,69.3,70.3,-0.1,22.0
6492,生華科,2018-09-20,34000.0,2381400.0,70.5,70.9,69.5,69.5,-0.8,31.0
6492,生華科,2018-09-21,44000.0,3091300.0,71.0,71.5,69.9,69.9,0.4,37.0
6492,生華科,2018-09-25,36000.0,2491400.0,69.2,69.8,68.5,69.6,-0.3,29.0
6492,生華科,2018-09-26,25000.0,1746300.0,69.6,70.5,69.5,70.0,0.4,21.0
6492,生華科,2018-09-27,55000.0,3844300.0,70.0,70.5,69.6,70.0,0.0,39.0
6492,生華科,2018-09-28,22000.0,1549600.0,70.0,71.0,70.0,70.2,0.2,22.0
6492,生華科,2018-10-01,49000.0,3467200.0,69.8,71.2,69.2,71.0,0.8,45.0
6492,生華科,2018-10-02,364000.0,27965200.0,71.0,78.1,71.0,78.1,7.1,257.0
6492,生華科,2018-10-03,906000.0,76796500.0,85.1,85.9,82.3,85.9,7.8,650.0
6492,生華科,2018-10-04,473000.0,39371600.0,85.0,85.0,80.0,83.6,-2.3,416.0
6492,生華科,2018-10-05,370000.0,31019000.0,81.8,87.0,81.8,82.8,-0.8,332.0
6492,生華科,2018-10-08,341000.0,26761400.0,82.8,83.8,75.7,76.5,-6.3,279.0
6492,生華科,2018-10-09,290000.0,21085800.0,75.5,76.0,69.4,70.4,-6.1,255.0
6492,生華科,2018-10-11,247000.0,16093400.0,65.0,66.9,64.0,65.1,-5.3,191.0
6492,生華科,2018-10-12,119000.0,7891900.0,64.2,67.3,64.2,66.4,1.3,111.0
6492,生華科,2018-10-15,94000.0,6202100.0,66.4,67.9,65.0,67.7,1.3,88.0
6492,生華科,2018-10-16,84000.0,5751600.0,67.7,70.0,67.7,67.8,0.1,81.0
6492,生華科,2018-10-17,59000.0,3976300.0,68.1,68.7,66.5,66.6,-1.2,55.0
6492,生華科,2018-10-18,41000.0,2756300.0,66.6,68.8,66.5,67.2,0.6,39.0
6492,生華科,2018-10-19,45000.0,3018400.0,65.4,67.9,65.4,66.8,-0.4,36.0
6492,生華科,2018-10-22,57000.0,3898400.0,66.8,69.7,66.6,69.0,2.2,48.0
6492,生華科,2018-10-23,296000.0,20239400.0,69.0,69.0,67.4,68.4,-0.6,48.0
6492,生華科,2018-10-24,46000.0,3184100.0,70.0,70.0,68.9,69.0,0.6,42.0
6492,生華科,2018-10-25,63000.0,4229800.0,66.1,68.8,66.1,66.2,-2.8,61.0
6492,生華科,2018-10-26,139000.0,9417500.0,67.2,68.9,67.0,67.4,1.2,89.0
6492,生華科,2018-10-29,48000.0,3174300.0,68.3,68.3,65.4,66.2,-1.2,42.0
6492,生華科,2018-10-30,41000.0,2720700.0,66.1,67.2,65.8,67.2,1.0,38.0
6492,生華科,2018-10-31,59000.0,4022500.0,68.0,70.0,67.0,68.5,1.3,44.0
6492,生華科,2018-11-01,41000.0,2823500.0,69.0,69.4,68.5,68.6,0.1,37.0
6492,生華科,2018-11-02,142000.0,10353100.0,74.9,75.2,71.0,72.0,3.4,128.0
6492,生華科,2018-11-05,53000.0,3690600.0,70.8,71.1,68.4,69.4,-2.6,49.0
6492,生華科,2018-11-06,50000.0,3407600.0,68.7,69.8,67.1,67.1,-2.3,48.0
6492,生華科,2018-11-07,25000.0,1695600.0,68.5,68.5,67.2,67.8,0.7,24.0
6492,生華科,2018-11-08,45000.0,3028600.0,67.8,68.4,66.5,66.6,-1.2,43.0
6492,生華科,2018-11-09,32000.0,2140700.0,66.5,68.0,66.1,67.5,0.9,25.0
6492,生華科,2018-11-12,27000.0,1818900.0,67.5,68.5,66.5,67.8,0.3,25.0
6492,生華科,2018-11-13,38000.0,2566400.0,67.0,68.3,67.0,67.5,-0.3,33.0
6492,生華科,2018-11-14,34000.0,2305600.0,66.7,68.8,66.7,67.3,-0.2,29.0
6492,生華科,2018-11-15,60000.0,4136100.0,68.0,70.8,68.0,69.5,2.2,57.0
6492,生華科,2018-11-16,47000.0,3262600.0,69.6,70.0,69.0,69.2,-0.3,40.0
6492,生華科,2018-11-19,53000.0,3688500.0,68.0,70.2,68.0,69.2,0.0,45.0
6492,生華科,2018-11-20,41000.0,2881000.0,69.0,72.0,69.0,69.5,0.3,38.0
6492,生華科,2018-11-21,37000.0,2605400.0,69.5,71.9,69.5,69.6,0.1,35.0
6492,生華科,2018-11-22,40000.0,2811500.0,71.3,71.3,69.9,69.9,0.3,38.0
6492,生華科,2018-11-23,43000.0,3020700.0,70.1,70.9,69.9,69.9,0.0,37.0
6492,生華科,2018-11-26,45000.0,3151600.0,69.7,71.0,69.7,70.8,0.9,41.0
6492,生華科,2018-11-27,32000.0,2249400.0,70.0,70.8,70.0,70.0,-0.8,32.0
6492,生華科,2018-11-28,56000.0,3990600.0,70.5,72.9,70.0,70.6,0.6,48.0
6492,生華科,2018-11-29,159000.0,11642700.0,70.6,74.6,70.6,74.5,3.9,139.0
6492,生華科,2018-11-30,76000.0,5534900.0,74.4,74.4,71.4,72.4,-2.1,69.0
6492,生華科,2018-12-03,60000.0,4390400.0,73.9,73.9,72.6,73.6,1.2,54.0
6492,生華科,2018-12-04,287000.0,22823100.0,73.8,80.9,73.8,80.9,7.3,231.0
6492,生華科,2018-12-05,164000.0,13041700.0,78.8,81.5,78.2,78.4,-2.5,138.0
6492,生華科,2018-12-06,139000.0,10521000.0,79.8,79.8,73.2,74.4,-4.0,119.0
6492,生華科,2018-12-07,101000.0,7703900.0,74.6,77.2,74.6,75.9,1.5,89.0
6492,生華科,2018-12-10,374000.0,29235500.0,80.0,80.0,76.1,77.2,1.3,309.0
6492,生華科,2018-12-11,139000.0,10219300.0,77.2,77.2,72.0,73.1,-4.1,131.0
6492,生華科,2018-12-12,76000.0,5543700.0,72.5,73.8,72.5,73.8,0.7,69.0
6492,生華科,2018-12-13,40000.0,2921600.0,72.8,74.1,72.6,72.7,-1.1,36.0
6492,生華科,2018-12-14,40000.0,2896800.0,72.5,73.1,72.0,72.2,-0.5,36.0
6492,生華科,2018-12-17,29000.0,2091700.0,72.0,72.6,71.8,71.8,-0.4,28.0
6492,生華科,2018-12-18,49000.0,3490100.0,71.8,72.3,70.2,70.4,-1.4,47.0
6492,生華科,2018-12-19,33000.0,2343100.0,70.8,71.8,70.4,70.4,0.0,26.0
6492,生華科,2018-12-20,31000.0,2165400.0,69.5,70.9,69.0,70.3,-0.1,31.0
6492,生華科,2018-12-21,30000.0,2097000.0,70.2,70.2,69.4,69.8,-0.5,29.0
6492,生華科,2018-12-22,11000.0,771000.0,69.8,70.9,69.6,70.1,0.3,11.0
6492,生華科,2018-12-24,24000.0,1706000.0,70.5,71.5,70.5,70.9,0.8,22.0
6492,生華科,2018-12-25,10000.0,701900.0,70.0,70.9,70.0,70.0,-0.9,10.0
6492,生華科,2018-12-26,31000.0,2168000.0,70.5,70.5,69.1,70.0,0.0,27.0
6492,生華科,2018-12-27,18000.0,1274400.0,70.5,71.8,70.3,70.9,0.9,18.0
6492,生華科,2018-12-28,51000.0,3635700.0,70.6,72.0,70.2,72.0,1.1,47.0
6492,生華科,2019-01-02,49000.0,3470200.0,71.1,71.1,70.7,70.7,-1.3,29.0
6492,生華科,2019-01-03,79000.0,5782000.0,71.0,75.2,70.8,72.3,1.6,70.0
6492,生華科,2019-01-04,27000.0,1928600.0,72.4,72.4,71.0,71.4,-0.9,24.0
6492,生華科,2019-01-07,36000.0,2660700.0,74.0,74.8,72.7,73.0,1.6,34.0
6492,生華科,2019-01-08,155000.0,11830300.0,73.0,79.5,72.2,75.7,2.7,142.0
6492,生華科,2019-01-09,95000.0,7166100.0,75.7,76.4,74.8,75.0,-0.7,79.0
6492,生華科,2019-01-10,129000.0,10043100.0,75.5,79.4,75.5,77.1,2.1,120.0
6492,生華科,2019-01-11,71000.0,5382400.0,76.6,76.6,75.3,75.3,-1.8,61.0
6492,生華科,2019-01-14,49000.0,3675000.0,74.8,75.3,74.5,75.2,-0.1,41.0
6492,生華科,2019-01-15,23000.0,1749400.0,75.8,77.0,75.5,75.8,0.6,22.0
6492,生華科,2019-01-16,28000.0,2118200.0,75.6,76.8,75.3,75.3,-0.5,25.0
6492,生華科,2019-01-17,32000.0,2395700.0,75.3,75.5,74.2,74.2,-1.1,29.0
6492,生華科,2019-01-18,49000.0,3653700.0,74.5,75.7,73.9,75.0,0.8,30.0
6492,生華科,2019-01-21,33000.0,2480600.0,76.0,76.0,75.0,75.2,0.2,27.0
6492,生華科,2019-01-22,38000.0,2834800.0,75.0,75.2,74.2,74.2,-1.0,22.0
6492,生華科,2019-01-23,17000.0,1277500.0,75.0,75.5,75.0,75.0,0.8,16.0
6492,生華科,2019-01-24,79000.0,6046100.0,76.0,78.0,75.0,76.6,1.6,65.0
6492,生華科,2019-01-25,35000.0,2680500.0,76.6,77.2,76.0,76.4,-0.2,29.0
6492,生華科,2019-01-28,21000.0,1606700.0,76.9,77.0,75.7,75.7,-0.7,18.0
6492,生華科,2019-01-29,25000.0,1875500.0,75.1,75.7,74.9,75.0,-0.7,22.0
6492,生華科,2019-01-30,19000.0,1433400.0,76.0,76.0,75.2,75.2,0.2,18.0
6492,生華科,2019-02-11,11000.0,824900.0,74.5,75.4,74.5,74.7,-0.5,11.0
6492,生華科,2019-02-12,41000.0,3089000.0,75.0,75.9,75.0,75.9,1.2,39.0
6492,生華科,2019-02-13,51000.0,3845200.0,76.9,76.9,75.0,75.7,-0.2,44.0
6492,生華科,2019-02-14,35000.0,2649700.0,75.7,76.3,75.1,75.8,0.1,33.0
6492,生華科,2019-02-15,88000.0,6744100.0,76.0,78.1,76.0,76.0,0.2,76.0
6492,生華科,2019-02-18,44000.0,3350200.0,76.5,76.6,75.9,76.3,0.3,34.0
6492,生華科,2019-02-19,44000.0,3348700.0,76.5,76.5,75.6,76.1,-0.2,40.0
6492,生華科,2019-02-20,58000.0,4431200.0,76.8,77.0,75.8,76.2,0.1,52.0
6492,生華科,2019-02-21,38000.0,2892200.0,76.5,76.7,75.7,75.7,-0.5,38.0
6492,生華科,2019-02-22,36000.0,2733000.0,76.0,76.2,75.5,75.5,-0.2,28.0
6492,生華科,2019-02-25,56000.0,4181000.0,75.8,75.8,73.8,73.8,-1.7,49.0
6492,生華科,2019-02-26,36000.0,2639600.0,73.8,73.9,72.7,72.7,-1.1,34.0
6492,生華科,2019-02-27,35000.0,2564700.0,72.5,74.9,72.5,73.3,0.6,26.0
6492,生華科,2019-03-04,32000.0,2334900.0,73.5,73.5,72.7,72.8,-0.5,26.0
6492,生華科,2019-03-05,23000.0,1673800.0,72.7,74.5,72.6,74.5,1.7,20.0
6492,生華科,2019-03-06,17000.0,1246300.0,74.5,74.5,72.6,73.9,-0.6,16.0
6492,生華科,2019-03-07,26000.0,1895900.0,72.7,73.8,72.7,73.8,-0.1,20.0
6492,生華科,2019-03-08,21000.0,1533700.0,73.8,73.8,72.7,73.6,-0.2,20.0
6492,生華科,2019-03-11,19000.0,1385000.0,73.5,73.5,72.5,72.9,-0.7,15.0
6492,生華科,2019-03-12,48000.0,3472200.0,73.2,73.2,71.4,71.4,-1.5,43.0
6492,生華科,2019-03-13,16000.0,1154900.0,73.6,73.6,71.4,72.5,1.1,15.0
6492,生華科,2019-03-14,50000.0,3694800.0,72.5,75.1,72.5,74.5,2.0,49.0
6492,生華科,2019-03-15,38000.0,2793600.0,74.5,74.5,73.0,74.0,-0.5,38.0
6492,生華科,2019-03-18,19000.0,1396500.0,74.5,74.5,72.7,72.7,-1.3,18.0
6492,生華科,2019-03-19,47000.0,3375900.0,72.5,72.5,71.5,71.5,-1.2,45.0
6492,生華科,2019-03-20,35000.0,2488800.0,71.5,71.5,70.8,71.0,-0.5,32.0
6492,生華科,2019-03-21,35000.0,2484600.0,71.0,71.4,70.5,71.0,0.0,19.0
6492,生華科,2019-03-22,24000.0,1704600.0,71.2,71.3,70.8,71.0,0.0,20.0
6492,生華科,2019-03-25,24000.0,1689100.0,70.2,71.6,70.1,70.5,-0.5,23.0
6492,生華科,2019-03-26,21000.0,1491700.0,71.2,71.2,70.8,71.0,0.5,18.0
6492,生華科,2019-03-27,21000.0,1488000.0,71.0,71.0,70.7,70.9,-0.1,17.0
6492,生華科,2019-03-28,65000.0,4518500.0,70.2,70.8,69.0,70.4,-0.5,62.0
6492,生華科,2019-03-29,27000.0,1885900.0,70.4,70.4,69.5,69.5,-0.9,19.0
6492,生華科,2019-04-01,22000.0,1530400.0,70.0,70.0,69.1,69.4,-0.1,21.0
6492,生華科,2019-04-02,18000.0,1251100.0,69.6,69.7,69.2,69.6,0.2,18.0
6492,生華科,2019-04-03,17000.0,1183900.0,69.5,70.0,69.3,69.6,0.0,17.0
6492,生華科,2019-04-08,39000.0,2698900.0,69.5,69.5,69.0,69.1,-0.5,30.0
6492,生華科,2019-04-09,84000.0,6107300.0,70.0,74.0,70.0,72.2,3.1,64.0
6492,生華科,2019-04-10,23000.0,1642000.0,72.3,72.3,70.8,71.0,-1.2,22.0
6492,生華科,2019-04-11,30000.0,2139400.0,71.0,72.2,70.7,70.8,-0.2,28.0
6492,生華科,2019-04-12,29000.0,2029100.0,70.8,70.8,69.7,69.7,-1.1,29.0
6492,生華科,2019-04-15,14000.0,976900.0,70.0,70.4,69.3,69.6,-0.1,13.0
6492,生華科,2019-04-16,25000.0,1741000.0,70.0,70.0,69.3,69.3,-0.3,22.0
6492,生華科,2019-04-17,27000.0,1880700.0,69.3,70.0,69.2,70.0,0.7,17.0
6492,生華科,2019-04-18,57000.0,4034700.0,71.4,72.0,69.8,69.8,-0.2,54.0
6492,生華科,2019-04-19,17000.0,1179600.0,69.8,69.8,69.2,69.3,-0.5,17.0
6492,生華科,2019-04-22,13000.0,900500.0,69.2,69.5,69.1,69.3,0.0,13.0
6492,生華科,2019-04-23,25000.0,1743900.0,69.3,70.0,69.3,69.8,0.5,19.0
6492,生華科,2019-04-24,45000.0,3121800.0,69.9,69.9,69.1,69.2,-0.6,36.0
6492,生華科,2019-04-25,23000.0,1587600.0,69.1,69.2,68.8,68.8,-0.4,22.0
6492,生華科,2019-04-26,22000.0,1501300.0,68.6,68.6,68.1,68.1,-0.7,22.0
6492,生華科,2019-04-29,33000.0,2245400.0,68.3,68.4,67.6,67.6,-0.5,33.0
6492,生華科,2019-04-30,8000.0,538500.0,67.2,67.4,67.2,67.4,-0.2,8.0
6492,生華科,2019-05-02,39000.0,2717000.0,68.0,71.0,68.0,70.0,2.6,39.0
6492,生華科,2019-05-03,89000.0,6355400.0,70.5,72.0,70.5,71.1,1.1,84.0
6492,生華科,2019-05-06,35000.0,2445600.0,71.0,71.0,69.3,70.0,-1.1,30.0
6492,生華科,2019-05-07,23000.0,1626300.0,70.0,71.0,70.0,70.6,0.6,22.0
6492,生華科,2019-05-08,16000.0,1113000.0,69.0,70.0,69.0,69.5,-1.1,16.0
6492,生華科,2019-05-09,28000.0,1931500.0,69.2,69.3,68.5,68.5,-1.0,27.0
6492,生華科,2019-05-10,39000.0,2650700.0,68.1,68.5,67.6,68.0,-0.5,32.0
6492,生華科,2019-05-13,59000.0,4099000.0,67.4,71.0,67.4,70.0,2.0,47.0
6492,生華科,2019-05-14,37000.0,2571800.0,69.5,70.0,69.2,69.3,-0.7,23.0
6492,生華科,2019-05-15,22000.0,1519000.0,70.0,70.0,68.6,68.6,-0.7,21.0
6492,生華科,2019-05-16,11000.0,754800.0,68.7,68.7,68.5,68.6,0.0,10.0
6492,生華科,2019-05-17,25000.0,1705600.0,68.6,68.6,68.0,68.0,-0.6,25.0
6492,生華科,2019-05-20,32000.0,2226600.0,68.0,71.0,68.0,69.9,1.9,31.0
6492,生華科,2019-05-21,19000.0,1324700.0,70.0,70.0,69.3,69.6,-0.3,19.0
6492,生華科,2019-05-22,12000.0,834400.0,69.5,69.9,69.5,69.9,0.3,12.0
6492,生華科,2019-05-23,18000.0,1239700.0,69.0,69.5,68.6,69.5,-0.4,18.0
6492,生華科,2019-05-24,17000.0,1171900.0,69.0,69.1,68.8,69.0,-0.5,15.0
6492,生華科,2019-05-27,26000.0,1801000.0,69.0,70.0,68.8,69.8,0.8,21.0
6492,生華科,2019-05-28,14000.0,973700.0,70.0,70.0,69.3,69.4,-0.4,14.0
6492,生華科,2019-05-29,21000.0,1467000.0,69.9,70.0,69.6,69.9,0.5,21.0
6492,生華科,2019-05-30,32000.0,2236700.0,70.0,70.2,69.5,69.9,0.0,29.0
6492,生華科,2019-05-31,13000.0,908600.0,70.0,70.0,69.3,70.0,0.1,13.0
6492,生華科,2019-06-03,47000.0,3300800.0,70.1,70.9,70.0,70.9,0.9,32.0
6492,生華科,2019-06-04,18000.0,1261600.0,70.9,70.9,69.8,70.1,-0.8,17.0
6492,生華科,2019-06-05,22000.0,1544700.0,70.2,70.5,70.2,70.5,0.4,19.0
6492,生華科,2019-06-06,41000.0,2861600.0,70.2,70.2,69.6,70.0,-0.5,29.0
6492,生華科,2019-06-10,48000.0,3360400.0,70.0,70.1,69.7,70.0,0.0,28.0
6492,生華科,2019-06-11,24000.0,1679200.0,70.0,70.0,69.8,69.8,-0.2,21.0
6492,生華科,2019-06-12,49000.0,3448400.0,69.7,71.9,69.2,70.5,0.7,43.0
6492,生華科,2019-06-13,25000.0,1741100.0,70.1,70.5,69.3,70.5,0.0,23.0
6492,生華科,2019-06-14,38000.0,2674300.0,70.0,70.6,70.0,70.6,0.1,32.0
6492,生華科,2019-06-17,13000.0,912000.0,70.0,70.5,69.7,69.7,-0.9,11.0
6492,生華科,2019-06-18,13000.0,908400.0,70.5,70.5,69.7,70.2,0.5,12.0
6492,生華科,2019-06-19,32000.0,2230500.0,69.5,70.0,69.5,69.9,-0.3,28.0
6492,生華科,2019-06-20,15000.0,1049900.0,69.9,70.4,69.9,70.0,0.1,13.0
6492,生華科,2019-06-21,23000.0,1603300.0,70.0,70.0,69.4,69.4,-0.6,20.0
6492,生華科,2019-06-24,20000.0,1389000.0,69.9,69.9,69.1,69.1,-0.3,15.0
6492,生華科,2019-06-25,29000.0,2007800.0,69.8,69.8,68.5,68.5,-0.6,21.0
6492,生華科,2019-06-26,34000.0,2348600.0,69.0,69.7,68.6,68.6,0.1,29.0
6492,生華科,2019-06-27,31000.0,2127600.0,69.5,69.5,68.1,68.7,0.1,26.0
6492,生華科,2019-06-28,56000.0,3809500.0,68.7,68.9,67.4,68.5,-0.2,53.0
6492,生華科,2019-07-01,37000.0,2547900.0,68.5,69.2,68.5,68.5,0.0,32.0
6492,生華科,2019-07-02,40000.0,2751400.0,68.3,69.6,68.3,69.1,0.6,37.0
6492,生華科,2019-07-03,37000.0,2560700.0,69.3,69.6,68.9,69.6,0.5,32.0
6492,生華科,2019-07-04,51000.0,3563600.0,69.8,70.2,68.9,70.0,0.4,44.0
6492,生華科,2019-07-05,30000.0,2096900.0,70.0,70.0,69.7,69.9,-0.1,22.0
6492,生華科,2019-07-08,21000.0,1467000.0,70.3,70.3,69.4,69.4,-0.5,21.0
6492,生華科,2019-07-09,33000.0,2282100.0,69.4,69.6,68.5,68.5,-0.9,31.0
6492,生華科,2019-07-10,19000.0,1306400.0,68.6,69.4,68.5,69.4,0.9,17.0
6492,生華科,2019-07-11,15000.0,1033400.0,69.4,69.4,68.6,68.8,-0.6,12.0
6492,生華科,2019-07-12,27000.0,1849600.0,69.0,69.0,68.1,68.2,-0.6,27.0
6492,生華科,2019-07-15,19000.0,1299000.0,68.2,68.8,68.2,68.5,0.3,16.0
6492,生華科,2019-07-16,17000.0,1161200.0,68.0,68.9,68.0,68.3,-0.2,17.0
6492,生華科,2019-07-17,25000.0,1712400.0,68.3,68.9,68.3,68.4,0.1,24.0
6492,生華科,2019-07-18,33000.0,2271400.0,68.4,69.3,68.4,68.5,0.1,24.0
6492,生華科,2019-07-19,18000.0,1233700.0,68.6,68.8,68.2,68.6,0.1,16.0
6492,生華科,2019-07-22,26000.0,1791300.0,69.0,69.7,68.3,68.3,-0.3,17.0
6492,生華科,2019-07-23,19000.0,1299200.0,68.3,68.6,68.2,68.2,-0.1,19.0
6492,生華科,2019-07-24,9000.0,616400.0,68.2,68.9,68.1,68.5,0.3,9.0
6492,生華科,2019-07-25,39000.0,2651300.0,68.2,68.5,67.4,68.5,0.0,36.0
6492,生華科,2019-07-26,16000.0,1089400.0,68.0,68.3,68.0,68.1,-0.4,16.0
6492,生華科,2019-07-29,9000.0,616600.0,68.2,68.6,68.2,68.5,0.4,9.0
6492,生華科,2019-07-30,32000.0,2167800.0,68.6,68.6,67.4,68.2,-0.3,32.0
6492,生華科,2019-07-31,32000.0,2158200.0,68.0,68.0,67.1,67.3,-0.9,32.0
6492,生華科,2019-08-01,62000.0,4114400.0,67.0,67.0,65.8,66.7,-0.6,55.0
6492,生華科,2019-08-02,60000.0,3916400.0,65.8,65.8,64.7,65.8,-0.9,49.0
6492,生華科,2019-08-05,67000.0,4365100.0,65.5,65.8,64.1,65.8,0.0,56.0
6492,生華科,2019-08-06,30000.0,1944000.0,64.6,65.7,64.5,65.6,-0.2,21.0
6492,生華科,2019-08-07,28000.0,1828400.0,65.5,65.6,64.8,65.5,-0.1,24.0
6492,生華科,2019-08-08,32000.0,2098500.0,64.2,68.8,64.0,66.8,1.3,32.0
6492,生華科,2019-08-12,30000.0,1966000.0,66.0,66.0,65.2,65.9,-0.9,24.0
6492,生華科,2019-08-13,16000.0,1045200.0,65.5,65.8,65.1,65.1,-0.8,16.0
6492,生華科,2019-08-14,14000.0,918400.0,66.9,66.9,65.0,65.5,0.4,14.0
6492,生華科,2019-08-15,9000.0,586100.0,63.8,65.7,63.8,65.3,-0.2,9.0
6492,生華科,2019-08-16,13000.0,850300.0,65.0,66.8,64.9,65.2,-0.1,13.0
6492,生華科,2019-08-19,18000.0,1177400.0,65.2,66.3,65.1,65.8,0.6,14.0
6492,生華科,2019-08-20,67000.0,4312100.0,64.1,65.5,63.9,63.9,-1.9,64.0
6492,生華科,2019-08-21,81000.0,5128400.0,63.8,63.8,63.0,63.4,-0.5,77.0
6492,生華科,2019-08-22,46000.0,2906200.0,64.5,64.5,62.8,63.3,-0.1,43.0
6492,生華科,2019-08-23,65000.0,4240100.0,65.0,67.5,64.1,65.0,1.7,63.0
6492,生華科,2019-08-26,56000.0,3569800.0,63.9,65.0,62.9,64.5,-0.5,54.0
6492,生華科,2019-08-27,37000.0,2403100.0,65.1,65.2,64.8,65.0,0.5,36.0
6492,生華科,2019-08-28,62000.0,4013700.0,65.9,65.9,64.1,64.9,-0.1,54.0
6492,生華科,2019-08-29,27000.0,1753600.0,65.2,65.2,64.2,65.1,0.2,23.0
6492,生華科,2019-08-30,28000.0,1836800.0,65.3,66.0,64.7,65.8,0.7,27.0
6492,生華科,2019-09-02,41000.0,2721000.0,65.8,67.0,65.6,67.0,1.2,35.0
6492,生華科,2019-09-03,63000.0,4283900.0,67.5,68.8,67.5,68.0,1.0,54.0
6492,生華科,2019-09-04,10000.0,677400.0,67.4,68.0,67.4,68.0,0.0,8.0
6492,生華科,2019-09-05,26000.0,1763900.0,68.1,68.5,67.6,68.0,0.0,24.0
6492,生華科,2019-09-06,11000.0,747100.0,68.5,68.5,67.6,68.0,0.0,11.0
6492,生華科,2019-09-09,13000.0,875000.0,67.1,67.9,66.8,67.3,-0.7,13.0
6492,生華科,2019-09-10,17000.0,1140600.0,67.3,67.3,66.8,67.2,-0.1,16.0
6492,生華科,2019-09-11,11000.0,739100.0,67.2,67.5,66.6,67.2,0.0,9.0
6492,生華科,2019-09-12,38000.0,2523400.0,66.4,67.0,66.1,66.9,-0.3,21.0
6492,生華科,2019-09-16,25000.0,1675000.0,67.2,67.2,66.9,67.0,0.1,23.0
6492,生華科,2019-09-17,27000.0,1810300.0,67.0,67.2,66.9,67.2,0.2,23.0
6492,生華科,2019-09-18,11000.0,745700.0,67.3,68.9,67.3,67.8,0.6,11.0
6492,生華科,2019-09-19,15000.0,1015900.0,68.0,68.0,67.3,67.9,0.1,15.0
6492,生華科,2019-09-20,20000.0,1347300.0,67.1,68.0,67.0,67.0,-0.9,19.0
6492,生華科,2019-09-23,26000.0,1748300.0,67.0,67.8,67.0,67.8,0.8,23.0
6492,生華科,2019-09-24,10000.0,674500.0,67.0,67.9,67.0,67.9,0.1,10.0
6492,生華科,2019-09-25,15000.0,1006400.0,67.1,67.7,66.8,66.8,-1.1,13.0
6492,生華科,2019-09-26,26000.0,1734000.0,67.0,67.0,66.0,67.0,0.2,24.0
6492,生華科,2019-09-27,6000.0,403400.0,67.4,67.4,67.0,67.3,0.3,6.0
6492,生華科,2019-10-01,8000.0,541400.0,67.6,67.7,67.6,67.7,0.4,8.0
6492,生華科,2019-10-02,13000.0,877900.0,67.6,67.7,67.1,67.7,0.0,13.0
6492,生華科,2019-10-03,34000.0,2307700.0,67.9,68.0,67.5,67.8,0.1,26.0
6492,生華科,2019-10-04,12000.0,809200.0,67.6,67.8,67.1,67.7,-0.1,10.0
6492,生華科,2019-10-07,3000.0,202100.0,67.9,67.9,67.1,67.1,-0.6,3.0
6492,生華科,2019-10-08,19000.0,1280700.0,67.8,67.8,66.9,67.5,0.4,17.0
6492,生華科,2019-10-09,16000.0,1076900.0,67.8,67.8,67.0,67.4,-0.1,16.0
6492,生華科,2019-10-14,7000.0,471000.0,67.1,67.9,66.9,67.4,0.0,7.0
6492,生華科,2019-10-15,18000.0,1204100.0,66.8,67.3,66.7,67.0,-0.4,17.0
6492,生華科,2019-10-16,26000.0,1734600.0,67.0,67.1,66.5,66.8,-0.2,23.0
6492,生華科,2019-10-17,10000.0,666100.0,67.3,67.3,66.2,67.0,0.2,9.0
6492,生華科,2019-10-18,20000.0,1326200.0,67.3,67.3,66.0,66.0,-1.0,19.0
6492,生華科,2019-10-21,18000.0,1189600.0,67.0,67.0,65.5,66.4,0.4,16.0
6492,生華科,2019-10-22,21000.0,1394900.0,66.8,66.8,65.7,66.7,0.3,18.0
6492,生華科,2019-10-23,4000.0,265200.0,66.1,66.6,66.0,66.6,-0.1,4.0
6492,生華科,2019-10-24,13000.0,865400.0,66.7,66.8,66.1,66.6,0.0,12.0
6492,生華科,2019-10-25,10000.0,658200.0,65.7,66.3,65.6,65.6,-1.0,10.0
6492,生華科,2019-10-28,28000.0,1835900.0,65.6,66.0,65.0,65.9,0.3,28.0
6492,生華科,2019-10-29,20000.0,1312200.0,66.5,66.5,65.0,65.9,0.0,20.0
6492,生華科,2019-10-30,17000.0,1115100.0,65.3,65.9,65.3,65.8,-0.1,15.0
6492,生華科,2019-10-31,18000.0,1177600.0,65.8,66.2,65.1,65.6,-0.2,17.0
6492,生華科,2019-11-01,23000.0,1497000.0,65.1,65.2,65.0,65.2,-0.4,17.0
6492,生華科,2019-11-04,39000.0,2535100.0,65.0,65.2,64.8,65.0,-0.2,30.0
6492,生華科,2019-11-05,29000.0,1871600.0,65.0,65.0,64.2,64.8,-0.2,24.0
6492,生華科,2019-11-06,16000.0,1031300.0,64.2,64.7,64.2,64.7,-0.1,15.0
6492,生華科,2019-11-07,21000.0,1363200.0,64.5,65.0,64.5,65.0,0.3,17.0
6492,生華科,2019-11-08,59000.0,3775500.0,64.3,64.8,63.7,64.5,-0.5,38.0
6492,生華科,2019-11-11,0.0,0.0,0.0,0.0,0.0,0.0,0.0,0.0
6492,生華科,2019-11-12,17000.0,1081000.0,63.6,64.0,63.1,64.0,-0.3,17.0
6492,生華科,2019-11-13,1000.0,64000.0,64.0,64.0,64.0,64.0,0.0,1.0
6492,生華科,2019-11-14,12000.0,762100.0,63.2,63.9,63.1,63.9,-0.1,12.0
6492,生華科,2019-11-15,7000.0,445800.0,63.2,64.0,63.2,63.9,0.0,6.0
6492,生華科,2019-11-18,19000.0,1200200.0,63.1,63.9,63.0,63.7,-0.2,16.0
6492,生華科,2019-11-19,15000.0,944500.0,62.9,63.7,62.5,63.6,-0.1,12.0
6492,生華科,2019-11-20,46000.0,2881600.0,62.8,63.3,61.6,63.3,-0.3,35.0
6492,生華科,2019-11-21,67000.0,4180800.0,62.8,63.0,61.5,63.0,-0.3,59.0
6492,生華科,2019-11-22,38000.0,2397000.0,62.8,63.5,62.4,63.5,0.5,29.0
6492,生華科,2019-11-25,14000.0,889700.0,63.4,63.6,63.4,63.6,0.1,14.0
6492,生華科,2019-11-26,55000.0,3493400.0,63.5,64.2,63.0,64.0,0.4,48.0
6492,生華科,2019-11-27,141000.0,8867900.0,63.5,63.7,62.0,63.6,-0.4,126.0
6492,生華科,2019-11-28,18000.0,1141600.0,63.3,63.6,63.3,63.6,0.0,15.0
6492,生華科,2019-11-29,58000.0,3670200.0,63.3,63.8,62.6,63.7,0.1,54.0
6492,生華科,2019-12-02,9000.0,567600.0,62.6,63.4,62.3,63.2,-0.5,9.0
6492,生華科,2019-12-03,39000.0,2455900.0,63.2,63.4,62.5,63.4,0.2,39.0
6492,生華科,2019-12-04,47000.0,3015000.0,63.3,64.8,63.3,64.8,1.4,35.0
6492,生華科,2019-12-05,34000.0,2213200.0,64.8,65.4,64.8,65.4,0.6,29.0
6492,生華科,2019-12-06,36000.0,2351300.0,65.5,65.6,64.6,65.3,-0.1,31.0
6492,生華科,2019-12-09,32000.0,2061100.0,65.3,65.3,63.5,65.0,-0.3,31.0
6492,生華科,2019-12-10,18000.0,1169900.0,64.5,65.2,64.5,65.0,0.0,17.0
6492,生華科,2019-12-11,41000.0,2666700.0,65.0,65.3,64.5,65.2,0.2,37.0
6492,生華科,2019-12-12,31000.0,2014400.0,65.2,65.2,64.2,65.2,0.0,30.0
6492,生華科,2019-12-13,83000.0,5452300.0,65.8,66.6,64.5,65.2,0.0,72.0
6492,生華科,2019-12-16,65000.0,4231200.0,66.4,66.4,64.4,65.2,0.0,49.0
6492,生華科,2019-12-17,58000.0,3762000.0,65.5,65.5,64.0,65.0,-0.2,54.0
6492,生華科,2019-12-18,71000.0,4556100.0,64.9,64.9,63.8,64.8,-0.2,60.0
6492,生華科,2019-12-19,47000.0,3012000.0,64.0,64.4,63.5,64.3,-0.5,34.0
6492,生華科,2019-12-20,46000.0,2936600.0,64.2,64.4,63.1,64.0,-0.3,44.0
6492,生華科,2019-12-23,52000.0,3306300.0,64.0,64.1,62.8,64.0,0.0,52.0
6492,生華科,2019-12-24,20000.0,1280700.0,64.0,64.1,63.9,64.1,0.1,19.0
6492,生華科,2019-12-25,32000.0,2037400.0,64.0,64.0,63.1,64.0,-0.1,28.0
6492,生華科,2019-12-26,15000.0,954700.0,63.5,64.0,63.3,64.0,0.0,14.0
6492,生華科,2019-12-27,11000.0,700900.0,63.8,63.9,63.3,63.8,-0.2,10.0
6492,生華科,2019-12-30,60000.0,3816600.0,63.2,64.2,63.0,64.2,0.4,53.0
6492,生華科,2019-12-31,42000.0,2702000.0,64.3,64.5,63.5,64.5,0.3,39.0
6492,生華科,2020-01-02,36000.0,2291100.0,63.8,64.3,63.1,64.2,-0.3,35.0
6492,生華科,2020-01-03,61000.0,3874100.0,63.2,64.0,63.0,64.0,-0.2,57.0
6492,生華科,2020-01-06,36000.0,2283200.0,63.8,63.8,63.0,63.7,-0.3,28.0
6492,生華科,2020-01-07,63000.0,3995000.0,63.6,63.9,63.0,63.6,-0.1,56.0
6492,生華科,2020-01-08,80000.0,5041200.0,63.5,63.5,62.2,63.4,-0.2,74.0
6492,生華科,2020-01-09,4000.0,252700.0,63.2,63.3,62.9,63.3,-0.1,4.0
6492,生華科,2020-01-10,11000.0,692500.0,62.6,63.2,62.6,63.2,-0.1,10.0
6492,生華科,2020-01-13,65000.0,4075700.0,63.1,63.3,62.3,63.3,0.1,49.0
6492,生華科,2020-01-14,17000.0,1069500.0,63.3,63.3,62.5,63.1,-0.2,17.0
6492,生華科,2020-01-15,73000.0,4561600.0,63.1,63.1,62.0,63.0,-0.1,69.0
6492,生華科,2020-01-16,85000.0,5331100.0,62.5,63.5,62.0,63.5,0.5,70.0
6492,生華科,2020-01-17,23000.0,1450900.0,63.4,63.4,62.5,63.4,-0.1,21.0
6492,生華科,2020-01-20,30000.0,1888800.0,63.0,63.4,62.5,63.3,-0.1,28.0
6492,生華科,2020-01-30,34000.0,2113200.0,62.5,63.2,61.1,62.5,-0.8,32.0
6492,生華科,2020-01-31,19000.0,1179800.0,62.5,62.6,61.5,62.5,0.0,16.0
6492,生華科,2020-02-03,74000.0,4701500.0,62.8,65.1,61.7,64.3,1.8,64.0
6492,生華科,2020-02-04,57000.0,3702100.0,65.2,66.3,64.0,64.8,0.5,50.0
6492,生華科,2020-02-05,39000.0,2483400.0,63.8,64.5,63.2,63.2,-1.6,31.0
6492,生華科,2020-02-06,39000.0,2490500.0,63.5,64.3,63.2,64.2,1.0,35.0
6492,生華科,2020-02-07,15000.0,955000.0,63.1,64.2,63.1,64.0,-0.2,14.0
6492,生華科,2020-02-10,26000.0,1656700.0,64.0,64.2,63.1,64.1,0.1,24.0
6492,生華科,2020-02-11,24000.0,1527900.0,64.1,64.2,63.2,64.0,-0.1,21.0
6492,生華科,2020-02-12,27000.0,1736500.0,63.3,64.7,63.3,64.4,0.4,22.0
6492,生華科,2020-02-13,35000.0,2246300.0,64.6,64.6,63.7,64.4,0.0,30.0
6492,生華科,2020-02-14,53000.0,3430600.0,64.4,65.0,64.3,64.9,0.5,40.0
6492,生華科,2020-02-17,27000.0,1748000.0,64.9,65.0,64.5,64.9,0.0,20.0
6492,生華科,2020-02-18,34000.0,2180300.0,63.8,64.9,63.5,64.7,-0.2,30.0
6492,生華科,2020-02-19,40000.0,2560800.0,63.9,64.4,63.6,64.4,-0.3,33.0
6492,生華科,2020-02-20,4000.0,256800.0,64.3,64.4,63.8,64.3,-0.1,4.0
6492,生華科,2020-02-21,26000.0,1668200.0,64.3,64.4,63.7,64.4,0.1,23.0
6492,生華科,2020-02-24,30000.0,1935400.0,64.7,64.7,64.0,64.5,0.1,25.0
6492,生華科,2020-02-25,35000.0,2252300.0,64.0,64.7,64.0,64.6,0.1,24.0
6492,生華科,2020-02-26,13000.0,840500.0,64.6,64.9,64.6,64.6,0.0,8.0
6492,生華科,2020-02-27,51000.0,3241800.0,64.0,64.4,63.2,63.3,-1.3,43.0
6492,生華科,2020-03-02,8000.0,506700.0,63.0,63.5,63.0,63.5,0.2,7.0
6492,生華科,2020-03-03,23000.0,1466600.0,63.5,64.1,63.3,63.8,0.3,18.0
6492,生華科,2020-03-04,29000.0,1836700.0,63.8,63.9,62.7,62.7,-1.1,27.0
6492,生華科,2020-03-05,26000.0,1645800.0,63.0,63.6,63.0,63.6,0.9,20.0
6492,生華科,2020-03-06,1000.0,63600.0,63.6,63.6,63.6,63.6,0.0,1.0
6492,生華科,2020-03-09,43000.0,2689300.0,62.5,63.5,62.0,62.9,-0.7,31.0
6492,生華科,2020-03-10,30000.0,1860000.0,62.5,62.7,61.5,62.2,-0.7,26.0
6492,生華科,2020-03-11,32000.0,1978200.0,61.6,62.1,61.5,62.1,-0.1,23.0
6492,生華科,2020-03-12,45000.0,2708000.0,61.0,61.5,58.8,60.0,-2.1,42.0
6492,生華科,2020-03-13,65000.0,3715500.0,55.5,59.8,55.5,57.5,-2.5,54.0
6492,生華科,2020-03-16,64000.0,3531800.0,57.3,57.3,53.2,55.0,-2.5,52.0
6492,生華科,2020-03-17,101000.0,5093550.0,53.0,53.0,49.5,49.85,-5.15,86.0
6492,生華科,2020-03-18,31000.0,1526000.0,50.0,50.9,47.4,48.0,-1.85,29.0
6492,生華科,2020-03-19,51000.0,2248150.0,45.0,45.0,43.2,43.8,-4.2,48.0
6492,生華科,2020-03-20,56000.0,2501500.0,40.5,46.0,40.5,44.95,1.15,40.0
6492,生華科,2020-03-23,26000.0,1112150.0,44.95,44.95,41.0,44.5,-0.45,24.0
6492,生華科,2020-03-24,40000.0,1798350.0,42.5,46.0,42.5,44.95,0.45,31.0
6492,生華科,2020-03-25,50000.0,2337550.0,45.5,49.15,45.5,47.45,2.5,42.0
6492,生華科,2020-03-26,39000.0,1909950.0,47.7,50.1,47.6,50.1,2.65,31.0
6492,生華科,2020-03-27,37000.0,1844800.0,51.0,51.0,49.0,50.1,0.0,35.0
6492,生華科,2020-03-30,11000.0,538850.0,48.2,49.5,48.2,49.4,-0.7,10.0
6492,生華科,2020-03-31,242000.0,12980900.0,51.2,54.3,50.9,54.3,4.9,123.0
6492,生華科,2020-04-01,852000.0,50864400.0,59.7,59.7,59.7,59.7,5.4,380.0
6492,生華科,2020-04-06,469000.0,26625700.0,58.9,58.9,53.8,56.4,-3.3,351.0
6492,生華科,2020-04-07,165000.0,9145500.0,56.3,56.6,54.4,55.0,-1.4,145.0
6492,生華科,2020-04-08,96000.0,5211600.0,55.0,55.0,53.6,54.7,-0.3,84.0
6492,生華科,2020-04-09,943000.0,56087200.0,55.5,60.1,55.5,60.1,5.4,434.0
6492,生華科,2020-04-10,1782000.0,114025800.0,61.5,66.1,61.5,66.1,6.0,1049.0
6492,生華科,2020-04-13,1168000.0,78265300.0,67.5,69.0,64.0,66.2,0.1,753.0
6492,生華科,2020-04-14,562000.0,35716900.0,66.0,66.0,62.4,63.4,-2.8,449.0
6492,生華科,2020-04-15,423000.0,26730500.0,64.5,65.0,61.8,62.9,-0.5,321.0
6492,生華科,2020-04-16,332000.0,20892700.0,62.9,63.9,62.0,62.5,-0.4,244.0
6492,生華科,2020-04-17,411000.0,25286900.0,63.0,63.5,60.5,60.6,-1.9,296.0
6492,生華科,2020-04-20,374000.0,23581300.0,61.9,65.0,60.6,63.7,3.1,311.0
6492,生華科,2020-04-21,2104000.0,145495700.0,62.7,70.0,62.2,70.0,6.3,1122.0
6492,生華科,2020-04-22,1798000.0,125783200.0,70.0,71.8,67.6,68.5,-1.5,1238.0
6492,生華科,2020-04-23,660000.0,44658700.0,68.0,68.3,67.0,67.7,-0.8,497.0
6492,生華科,2020-04-24,919000.0,63421200.0,67.1,71.4,67.1,68.4,0.7,723.0
6492,生華科,2020-04-27,1767000.0,129674700.0,70.0,75.2,69.6,75.2,6.8,1124.0
6492,生華科,2020-04-28,1982000.0,163911400.0,82.7,82.7,82.7,82.7,7.5,648.0
6492,生華科,2020-04-29,2401000.0,187763800.0,80.5,84.6,74.5,82.0,-0.7,1656.0
6492,生華科,2020-04-30,1362000.0,107378100.0,81.0,81.5,76.9,79.1,-2.9,954.0
6492,生華科,2020-05-04,2046000.0,174107100.0,77.0,87.0,76.8,87.0,7.9,1228.0
6492,生華科,2020-05-05,2504000.0,223323300.0,87.0,95.0,85.2,91.5,4.5,1850.0
6492,生華科,2020-05-06,2476000.0,234886600.0,91.8,99.8,90.5,90.7,-0.8,1822.0
6492,生華科,2020-05-07,1510000.0,137550400.0,92.1,95.0,87.5,90.7,0.0,1092.0
6492,生華科,2020-05-08,1472000.0,126872800.0,92.0,92.8,82.3,83.0,-7.7,1112.0
6492,生華科,2020-05-11,710000.0,56741300.0,82.5,82.8,75.5,81.2,-1.8,554.0
6492,生華科,2020-05-12,584000.0,48720900.0,81.0,85.2,81.0,84.0,2.8,485.0
6492,生華科,2020-05-13,555000.0,46568300.0,83.3,85.4,82.6,84.3,0.3,423.0
6492,生華科,2020-05-14,2224000.0,198903200.0,85.0,92.7,84.1,91.8,7.5,1653.0
6492,生華科,2020-05-15,1517000.0,136279100.0,91.9,91.9,87.0,88.7,-3.1,1204.0
6492,生華科,2020-05-18,1685000.0,162245600.0,93.1,97.5,91.0,97.5,8.8,1212.0
6492,生華科,2020-05-19,2363000.0,242102700.0,100.0,106.5,97.5,106.5,9.0,1718.0
6492,生華科,2020-05-20,2761000.0,304879500.0,104.0,117.0,100.0,117.0,10.5,1815.0
6492,生華科,2020-05-21,2484000.0,299760500.0,118.0,126.0,117.0,119.5,2.5,1825.0
6492,生華科,2020-05-22,2111000.0,261209000.0,119.0,130.0,116.0,128.5,9.0,1562.0
6492,生華科,2020-05-25,1617000.0,213975500.0,134.0,135.0,129.0,132.0,3.5,1178.0
6492,生華科,2020-05-26,1965000.0,244275500.0,134.0,134.0,119.0,123.5,-8.5,1441.0
6492,生華科,2020-05-27,1693000.0,201481000.0,126.0,126.0,113.0,121.5,-2.0,1140.0
6492,生華科,2020-05-28,1708000.0,221737500.0,123.0,133.5,121.5,133.5,12.0,1036.0
6492,生華科,2020-05-29,2137000.0,291602500.0,143.5,143.5,126.5,126.5,-7.0,1492.0
6492,生華科,2020-06-01,1268000.0,153564000.0,126.5,126.5,117.0,119.5,-7.0,982.0
6492,生華科,2020-06-02,1398000.0,155092000.0,119.5,119.5,108.0,110.5,-9.0,1016.0
6492,生華科,2020-06-03,983000.0,108365000.0,111.0,115.0,105.0,111.0,0.5,754.0
6492,生華科,2020-06-04,656000.0,72306000.0,110.0,113.5,108.0,109.5,-1.5,481.0
6492,生華科,2020-06-05,703000.0,79835500.0,110.5,115.0,110.5,114.0,4.5,560.0
6492,生華科,2020-06-08,1314000.0,147320000.0,111.0,115.5,109.0,110.5,-3.5,1020.0
6492,生華科,2020-06-09,1530000.0,184399500.0,115.0,121.5,115.0,121.5,11.0,884.0
6492,生華科,2020-06-10,2591000.0,324528500.0,122.0,131.0,118.0,125.5,4.0,1889.0
6492,生華科,2020-06-11,1983000.0,235146500.0,124.5,125.5,113.0,115.5,-10.0,1471.0
6492,生華科,2020-06-12,1366000.0,161567000.0,115.0,122.0,114.0,120.0,4.5,1035.0
6492,生華科,2020-06-15,1301000.0,153482500.0,122.0,122.5,115.5,116.5,-3.5,948.0
6492,生華科,2020-06-16,1386000.0,157196500.0,117.5,119.5,110.0,112.5,-4.0,1065.0
6492,生華科,2020-06-17,1949000.0,232940000.0,113.0,123.5,113.0,123.5,11.0,1466.0
6492,生華科,2020-06-18,1619000.0,196854000.0,123.5,124.0,119.0,122.0,-1.5,1265.0
6492,生華科,2020-06-19,1124000.0,131510000.0,124.0,124.0,114.0,115.5,-6.5,957.0
6492,生華科,2020-06-22,979000.0,116756000.0,118.0,122.0,117.0,118.0,2.5,795.0
6492,生華科,2020-06-23,899000.0,104985000.0,118.0,119.5,114.5,118.5,0.5,723.0
6492,生華科,2020-06-24,1016000.0,120105500.0,121.5,122.0,115.5,115.5,-3.0,796.0
6492,生華科,2020-06-29,2818000.0,349356500.0,118.0,127.0,117.5,127.0,11.5,1735.0
6492,生華科,2020-06-30,4694000.0,646791000.0,139.0,139.5,132.0,139.5,12.5,3071.0
6492,生華科,2020-07-01,3763000.0,529797500.0,140.0,153.0,135.0,147.0,7.5,2659.0
6492,生華科,2020-07-02,2129000.0,313735000.0,147.0,151.0,142.0,145.5,-1.5,1696.0
6492,生華科,2020-07-03,2320000.0,330938500.0,146.5,149.0,137.0,141.0,-4.5,1783.0
6492,生華科,2020-07-06,3388000.0,509894000.0,142.5,155.0,142.0,155.0,14.0,2205.0
6492,生華科,2020-07-07,3979000.0,654939000.0,160.0,170.5,157.0,170.5,15.5,2559.0
6492,生華科,2020-07-08,4400000.0,785858000.0,174.0,187.0,170.0,176.5,6.0,3344.0
6492,生華科,2020-07-09,2849000.0,500665000.0,174.5,184.5,171.0,171.5,-5.0,2235.0
6492,生華科,2020-07-10,2655000.0,438785500.0,172.0,175.0,157.0,161.5,-10.0,2037.0
6492,生華科,2020-07-13,1752000.0,284603500.0,164.5,168.0,157.0,162.0,0.5,1294.0
6492,生華科,2020-07-14,2387000.0,406772500.0,169.0,175.0,166.0,168.0,6.0,1876.0
6492,生華科,2020-07-15,2258000.0,368357000.0,170.0,170.0,155.5,155.5,-12.5,1717.0
6492,生華科,2020-07-16,1650000.0,256956000.0,158.5,162.5,149.0,153.0,-2.5,1262.0
6492,生華科,2020-07-17,2239000.0,318251000.0,154.5,154.5,138.0,138.0,-15.0,1703.0
6492,生華科,2020-07-20,2888000.0,425903500.0,146.0,151.5,139.0,151.5,13.5,1833.0
6492,生華科,2020-07-21,2955000.0,472493500.0,154.5,166.0,154.0,158.0,6.5,2174.0
6492,生華科,2020-07-22,1547000.0,241088000.0,156.0,160.0,153.0,153.5,-4.5,1308.0
6492,生華科,2020-07-23,1485000.0,225063500.0,155.0,157.5,146.0,149.0,-4.5,1175.0
6492,生華科,2020-07-24,1433000.0,204230000.0,149.0,149.0,138.5,139.0,-10.0,1089.0
6492,生華科,2020-07-27,2078000.0,271000500.0,140.0,141.0,125.5,128.5,-10.5,1486.0
6492,生華科,2020-07-28,2341000.0,308474000.0,128.0,141.0,119.0,136.0,7.5,1798.0
6492,生華科,2020-07-29,2038000.0,286298500.0,139.0,145.5,135.5,137.5,1.5,1463.0
6492,生華科,2020-07-30,815000.0,111349500.0,137.0,140.5,134.0,134.0,-3.5,634.0
6492,生華科,2020-07-31,611000.0,83048000.0,135.5,138.5,134.0,135.5,1.5,484.0
6492,生華科,2020-08-03,1857000.0,267902000.0,137.0,149.0,136.0,149.0,13.5,1304.0
6492,生華科,2020-08-04,1568000.0,231350000.0,149.0,150.5,143.0,145.0,-4.0,1048.0
6492,生華科,2020-08-05,1683000.0,254990000.0,146.5,158.5,144.5,155.5,10.5,1234.0
6492,生華科,2020-08-06,2831000.0,467472000.0,156.0,171.0,150.0,171.0,15.5,1590.0
6492,生華科,2020-08-07,4408000.0,784006000.0,178.0,187.0,172.0,172.0,1.0,3144.0
6492,生華科,2020-08-10,2588000.0,465619500.0,178.5,186.0,175.0,179.5,7.5,1936.0
6492,生華科,2020-08-11,2695000.0,447067500.0,176.0,176.0,162.0,162.0,-17.5,2099.0
6492,生華科,2020-08-12,2013000.0,324512000.0,158.0,168.5,152.5,163.5,1.5,1553.0
6492,生華科,2020-08-13,2180000.0,333237000.0,161.5,162.5,147.5,148.0,-15.5,1741.0
6492,生華科,2020-08-14,1074000.0,160135000.0,145.0,154.5,143.0,149.5,1.5,836.0
6492,生華科,2020-08-17,952000.0,138111500.0,148.0,148.5,143.0,145.0,-4.5,652.0
6492,生華科,2020-08-18,944000.0,141854500.0,147.0,153.0,147.0,150.0,5.0,777.0
6492,生華科,2020-08-19,1166000.0,178099500.0,151.5,157.0,148.0,156.0,6.0,885.0
6492,生華科,2020-08-20,1736000.0,252387500.0,153.5,156.0,140.5,142.0,-14.0,1310.0
6492,生華科,2020-08-21,926000.0,136710500.0,145.0,152.0,143.5,148.0,0.0,729.0
6492,生華科,2020-08-24,454000.0,66316000.0,147.0,149.0,145.0,146.0,-2.0,371.0
6492,生華科,2020-08-25,695000.0,103916500.0,146.0,152.5,145.5,149.5,3.5,549.0
6492,生華科,2020-08-26,781000.0,116807000.0,148.0,153.0,147.0,149.0,-0.5,579.0
6492,生華科,2020-08-27,2608000.0,417071500.0,153.0,163.5,151.0,163.5,14.5,1606.0
6492,生華科,2020-08-28,993000.0,178243500.0,179.5,179.5,179.5,179.5,16.0,443.0
6492,生華科,2020-08-31,5910000.0,1099676500.0,197.0,197.0,171.5,172.5,-7.0,3956.0
6492,生華科,2020-09-01,2640000.0,462519000.0,170.0,182.5,166.0,180.5,8.0,1924.0
6492,生華科,2020-09-02,1548000.0,272716000.0,180.5,181.0,173.0,174.0,-6.5,1220.0
6492,生華科,2020-09-03,3562000.0,653765500.0,175.0,191.0,168.0,191.0,17.0,2299.0
6492,生華科,2020-09-04,861000.0,180810000.0,210.0,210.0,210.0,210.0,19.0,374.0
6492,生華科,2020-09-07,707000.0,163317000.0,231.0,231.0,231.0,231.0,21.0,285.0
6492,生華科,2020-09-08,5919000.0,1502283000.0,254.0,254.0,247.0,254.0,23.0,3471.0
6492,生華科,2020-09-09,4659000.0,1232609000.0,246.5,279.0,238.0,279.0,25.0,3580.0
6492,生華科,2020-09-10,4364000.0,1270516000.0,295.0,306.5,265.0,306.0,27.0,3461.0
6492,生華科,2020-09-11,2587000.0,776202500.0,295.0,309.5,290.0,308.5,2.5,2124.0
6492,生華科,2020-09-14,1589000.0,476345000.0,308.5,308.5,295.0,295.0,-13.5,1370.0
6492,生華科,2020-09-15,729000.0,195444000.0,284.0,284.0,265.5,265.5,-29.5,598.0
6492,生華科,2020-09-16,1867000.0,462372000.0,240.5,259.5,240.5,254.5,-11.0,1220.0
6492,生華科,2020-09-17,1930000.0,471953000.0,245.0,250.0,236.5,237.0,-17.5,1539.0
6492,生華科,2020-09-18,1467000.0,374850000.0,245.0,260.5,245.0,260.5,23.5,977.0
6492,生華科,2020-09-21,1199000.0,311978000.0,261.0,263.5,254.5,259.5,-1.0,781.0
6492,生華科,2020-09-22,1035000.0,278140500.0,263.5,276.5,256.0,275.0,15.5,713.0
6492,生華科,2020-09-23,932000.0,259628500.0,275.0,287.0,273.5,287.0,12.0,641.0
6492,生華科,2020-09-24,966000.0,276871500.0,280.0,298.0,280.0,286.0,-1.0,653.0
6492,生華科,2020-09-25,1406000.0,379373500.0,290.0,290.0,257.5,278.0,-8.0,917.0
6492,生華科,2020-09-28,728000.0,199828000.0,278.0,279.0,268.0,276.5,-1.5,502.0
6492,生華科,2020-09-29,2494000.0,665227500.0,275.0,284.5,252.5,256.0,-20.5,2050.0
6492,生華科,2020-09-30,1922000.0,496083000.0,249.5,274.0,241.0,270.5,14.5,1573.0
6492,生華科,2020-10-05,1638000.0,444935000.0,263.0,282.0,261.0,270.0,-0.5,1348.0
6492,生華科,2020-10-06,1842000.0,483809000.0,268.0,273.5,254.5,259.0,-11.0,1591.0
6492,生華科,2020-10-07,1820000.0,489740000.0,268.0,278.0,263.0,264.0,5.0,1559.0
6492,生華科,2020-10-08,1266000.0,325970000.0,257.5,262.0,255.0,257.0,-7.0,1116.0
6492,生華科,2020-10-12,1931000.0,472978000.0,251.5,254.5,235.0,238.0,-19.0,1678.0
6492,生華科,2020-10-13,2626000.0,606551000.0,240.5,243.0,220.5,232.0,-6.0,2239.0
6492,生華科,2020-10-14,1014000.0,240230500.0,233.0,242.0,232.0,234.0,2.0,916.0
6492,生華科,2020-10-15,1155000.0,261809500.0,228.0,234.0,222.0,224.5,-9.5,1020.0
6492,生華科,2020-10-16,898000.0,203138000.0,221.0,231.0,220.5,223.5,-1.0,797.0
6492,生華科,2020-10-19,1839000.0,396779500.0,229.0,229.0,210.0,210.0,-13.5,1545.0
6492,生華科,2020-10-20,1478000.0,313779000.0,208.0,218.0,206.0,211.0,1.0,1192.0
6492,生華科,2020-10-21,1834000.0,402254500.0,219.0,227.5,213.0,217.0,6.0,1582.0
6492,生華科,2020-10-22,2269000.0,467354000.0,213.0,214.5,200.0,200.0,-17.0,1931.0
6492,生華科,2020-10-23,1399000.0,285326000.0,198.0,213.0,197.5,203.5,3.5,1124.0
6492,生華科,2020-10-26,2623000.0,500544000.0,204.0,204.5,185.5,185.5,-18.0,2084.0
6492,生華科,2020-10-27,2409000.0,470003500.0,185.5,204.0,180.0,204.0,18.5,1922.0
6492,生華科,2020-10-28,3252000.0,689077500.0,209.0,219.5,206.0,210.0,6.0,2641.0
6492,生華科,2020-10-29,2737000.0,601878500.0,208.0,231.0,204.5,231.0,21.0,2259.0
6492,生華科,2020-10-30,2764000.0,639487500.0,229.5,238.0,225.5,228.5,-2.5,2220.0
6492,生華科,2020-11-02,3224000.0,776947000.0,235.5,251.0,225.5,251.0,22.5,2352.0
6492,生華科,2020-11-03,3774000.0,954718500.0,247.0,270.0,243.0,248.5,-2.5,3035.0
6492,生華科,2020-11-04,2556000.0,651800500.0,258.5,264.0,249.0,250.0,1.5,2094.0
6492,生華科,2020-11-05,2856000.0,692160000.0,251.0,255.0,235.0,235.5,-14.5,2539.0
6492,生華科,2020-11-06,1607000.0,380320500.0,235.5,244.0,230.5,236.5,1.0,1405.0
6492,生華科,2020-11-09,1416000.0,341647000.0,241.5,246.5,235.0,243.5,7.0,1173.0
6492,生華科,2020-11-10,3103000.0,708255000.0,233.0,237.0,220.0,223.5,-20.0,2596.0
6492,生華科,2020-11-11,1331000.0,293168000.0,224.0,228.0,215.0,220.0,-3.5,1190.0
6492,生華科,2020-11-12,888000.0,197512000.0,221.0,227.0,219.0,220.0,0.0,745.0
6492,生華科,2020-11-13,829000.0,179762000.0,216.0,223.0,211.0,215.5,-4.5,742.0
6492,生華科,2020-11-16,758000.0,163425000.0,217.0,220.0,213.5,214.0,-1.5,663.0
6492,生華科,2020-11-17,1577000.0,323186500.0,207.0,210.5,201.5,202.5,-11.5,1383.0
6492,生華科,2020-11-18,1009000.0,221003000.0,210.0,222.5,209.5,222.5,20.0,666.0
6492,生華科,2020-11-19,2573000.0,596702500.0,226.0,243.0,224.0,232.0,9.5,2041.0
6492,生華科,2020-11-20,1131000.0,255431500.0,228.5,230.0,224.0,224.0,-8.0,980.0
6492,生華科,2020-11-23,1402000.0,309174000.0,231.0,231.0,214.5,215.5,-8.5,1201.0
6492,生華科,2020-11-24,1088000.0,237289500.0,216.0,225.0,210.0,219.5,4.0,974.0
6492,生華科,2020-11-25,1079000.0,236714000.0,220.0,224.5,215.0,217.0,-2.5,915.0
6492,生華科,2020-11-26,2200000.0,493960000.0,217.0,233.0,213.0,226.5,9.5,1900.0
6492,生華科,2020-11-27,1131000.0,251970000.0,224.0,226.5,221.0,221.5,-5.0,983.0
6492,生華科,2020-11-30,868000.0,191349500.0,225.0,226.0,218.0,218.0,-3.5,744.0
6492,生華科,2020-12-01,754000.0,165851000.0,220.0,224.5,216.0,221.0,3.0,635.0
6492,生華科,2020-12-02,2068000.0,475821500.0,235.0,237.0,223.5,223.5,2.5,1744.0
6492,生華科,2020-12-03,1311000.0,298285500.0,225.0,231.5,222.0,227.0,3.5,1064.0
6492,生華科,2020-12-04,1968000.0,460183000.0,235.0,239.0,230.0,233.0,6.0,1674.0
6492,生華科,2020-12-07,1882000.0,423878000.0,234.0,234.0,220.0,220.0,-13.0,1540.0
6492,生華科,2020-12-08,1419000.0,303561000.0,217.0,220.0,210.0,211.0,-9.0,1231.0
6492,生華科,2020-12-09,1073000.0,227481000.0,210.0,218.0,208.0,211.0,0.0,910.0
6492,生華科,2020-12-10,1627000.0,358334500.0,220.0,225.0,214.0,222.0,11.0,1393.0
6492,生華科,2020-12-11,1650000.0,371042500.0,224.0,233.0,217.5,226.0,4.0,1407.0
6492,生華科,2020-12-14,1268000.0,281010500.0,221.5,226.5,216.5,216.5,-9.5,1077.0
6492,生華科,2020-12-15,1232000.0,274828000.0,219.5,228.5,218.0,220.5,4.0,1048.0
6492,生華科,2020-12-16,1058000.0,234048500.0,221.0,225.5,217.5,220.0,-0.5,909.0
6492,生華科,2020-12-17,555000.0,122629500.0,220.0,224.5,218.5,218.5,-1.5,495.0
6492,生華科,2020-12-18,717000.0,155263500.0,220.0,220.0,214.5,215.5,-3.0,613.0
6492,生華科,2020-12-21,731000.0,156191000.0,217.5,221.0,211.0,211.5,-4.0,619.0
6492,生華科,2020-12-22,1684000.0,372844500.0,217.0,230.0,213.5,230.0,18.5,1384.0
6492,生華科,2020-12-23,1411000.0,312689500.0,223.5,226.0,217.5,218.0,-12.0,1200.0
6492,生華科,2020-12-24,1030000.0,230578000.0,220.5,228.0,219.5,222.5,4.5,916.0
6492,生華科,2020-12-25,1032000.0,232783500.0,225.0,229.5,223.0,223.0,0.5,867.0
6492,生華科,2020-12-28,672000.0,148669500.0,225.0,225.5,219.0,220.0,-3.0,596.0
6492,生華科,2020-12-29,785000.0,174983500.0,220.0,226.0,219.0,221.5,1.5,635.0
6492,生華科,2020-12-30,743000.0,166794000.0,225.0,226.5,221.5,225.5,4.0,619.0
6492,生華科,2020-12-31,973000.0,220501000.0,229.5,229.5,224.0,225.0,-0.5,776.0
6492,生華科,2021-01-04,945000.0,208558500.0,227.0,227.0,218.5,219.0,-6.0,825.0
6492,生華科,2021-01-05,630000.0,139485500.0,221.0,225.0,218.0,222.0,3.0,504.0
6492,生華科,2021-01-06,998000.0,218433000.0,222.5,223.5,215.5,216.0,-6.0,762.0
6492,生華科,2021-01-07,441000.0,95829000.0,216.0,221.0,215.5,217.0,1.0,394.0
6492,生華科,2021-01-08,554000.0,119089500.0,216.5,218.0,214.0,214.0,-3.0,484.0
6492,生華科,2021-01-11,859000.0,180564000.0,215.0,216.5,206.0,208.0,-6.0,734.0
6492,生華科,2021-01-12,1078000.0,232519000.0,209.5,219.5,209.5,219.0,11.0,913.0
6492,生華科,2021-01-13,1058000.0,225689000.0,216.0,219.0,210.0,210.0,-9.0,897.0
6492,生華科,2021-01-14,1874000.0,376116500.0,209.0,209.0,197.0,198.0,-12.0,1580.0
6492,生華科,2021-01-15,1657000.0,312721000.0,196.0,196.0,184.0,185.5,-12.5,1388.0
6492,生華科,2021-01-18,618000.0,117339500.0,188.0,194.0,187.0,187.5,2.0,553.0
6492,生華科,2021-01-19,2053000.0,361496500.0,188.5,188.5,169.0,172.0,-15.5,1732.0
6492,生華科,2021-01-20,1058000.0,181275500.0,172.0,176.0,166.0,166.0,-6.0,908.0
6492,生華科,2021-01-21,1944000.0,329928500.0,168.0,182.5,158.5,182.5,16.5,1529.0
6492,生華科,2021-01-22,2432000.0,454103000.0,185.5,200.0,175.0,196.5,14.0,1945.0
6492,生華科,2021-01-25,1103000.0,216671500.0,198.0,202.5,190.5,190.5,-6.0,963.0
6492,生華科,2021-01-26,854000.0,157095500.0,189.0,192.0,180.0,180.0,-10.5,668.0
6492,生華科,2021-01-27,1053000.0,193102000.0,180.0,194.0,175.0,183.0,3.0,940.0
6492,生華科,2021-01-28,461000.0,82550000.0,178.0,184.0,176.5,176.5,-6.5,419.0
6492,生華科,2021-01-29,572000.0,99445000.0,178.0,181.0,169.0,170.0,-6.5,505.0
6492,生華科,2021-02-01,689000.0,121517500.0,170.0,182.0,170.0,174.0,4.0,573.0
6492,生華科,2021-02-02,475000.0,84287500.0,176.5,181.5,173.0,177.5,3.5,405.0
6492,生華科,2021-02-03,524000.0,92312000.0,180.0,180.0,174.5,175.0,-2.5,433.0
6492,生華科,2021-02-04,881000.0,159928000.0,175.5,188.0,175.5,183.0,8.0,781.0
6492,生華科,2021-02-05,950000.0,175548500.0,185.0,190.0,180.5,186.0,3.0,814.0
6492,生華科,2021-02-17,907000.0,162686500.0,186.0,187.0,175.5,175.5,-10.5,794.0
6492,生華科,2021-02-18,358000.0,63929500.0,175.5,180.5,175.5,178.0,2.5,315.0
6492,生華科,2021-02-19,1226000.0,228743500.0,178.5,193.0,178.5,188.5,10.5,1029.0
6492,生華科,2021-02-22,1621000.0,321829500.0,188.5,205.0,187.5,202.0,13.5,1231.0
6492,生華科,2021-02-23,1446000.0,274005000.0,199.5,200.5,183.0,184.0,-18.0,1269.0
6492,生華科,2021-02-24,752000.0,137453500.0,182.0,188.5,178.0,182.5,-1.5,689.0
6492,生華科,2021-02-25,612000.0,112716500.0,186.5,189.0,180.0,180.0,-2.5,565.0
6492,生華科,2021-02-26,464000.0,82728500.0,180.0,183.0,174.5,177.0,-3.0,413.0
6492,生華科,2021-03-02,412000.0,73867500.0,181.5,183.0,176.5,177.0,0.0,370.0
6492,生華科,2021-03-03,472000.0,84448000.0,183.0,183.0,176.0,178.0,1.0,406.0
6492,生華科,2021-03-04,609000.0,106993000.0,177.5,180.5,172.5,172.5,-5.5,509.0
6492,生華科,2021-03-05,1494000.0,250502000.0,170.0,172.0,165.0,166.0,-6.5,1201.0
6492,生華科,2021-03-08,965000.0,157779500.0,164.5,168.0,161.0,161.5,-4.5,818.0
6492,生華科,2021-03-09,546000.0,88084000.0,165.0,165.0,159.5,159.5,-2.0,465.0
6492,生華科,2021-03-10,2041000.0,312202000.0,158.5,159.5,149.0,150.0,-9.5,1578.0
6492,生華科,2021-03-11,959000.0,143833500.0,152.0,154.0,147.5,147.5,-2.5,832.0
6492,生華科,2021-03-12,1266000.0,194306500.0,146.5,159.0,146.5,155.0,7.5,1068.0
6492,生華科,2021-03-15,470000.0,80135000.0,170.5,170.5,170.5,170.5,15.5,300.0
6492,生華科,2021-03-16,2991000.0,549375000.0,187.5,187.5,177.0,179.0,8.5,2228.0
6492,生華科,2021-03-17,1139000.0,196524500.0,174.0,178.5,169.0,169.5,-9.5,899.0
6492,生華科,2021-03-18,920000.0,157241000.0,170.5,175.0,166.0,170.0,0.5,795.0
6492,生華科,2021-03-19,857000.0,142918000.0,167.0,170.5,163.5,163.5,-6.5,726.0
6492,生華科,2021-03-22,720000.0,114646500.0,163.5,163.5,156.5,156.5,-7.0,636.0
6492,生華科,2021-03-23,683000.0,110613000.0,159.0,166.5,158.5,159.0,2.5,584.0
6492,生華科,2021-03-24,491000.0,79471500.0,160.5,164.5,159.5,160.5,1.5,423.0
6492,生華科,2021-03-25,680000.0,107070000.0,162.0,162.0,156.0,156.0,-4.5,563.0
6492,生華科,2021-03-26,967000.0,165464000.0,170.5,171.5,167.0,171.5,15.5,609.0
6492,生華科,2021-03-29,1585000.0,281869000.0,184.5,184.5,172.5,172.5,1.0,1199.0
6492,生華科,2021-03-30,747000.0,128033500.0,173.5,174.0,168.5,173.0,0.5,593.0
6492,生華科,2021-03-31,871000.0,153183000.0,174.5,179.0,173.5,175.0,2.0,708.0
6492,生華科,2021-04-01,504000.0,86954000.0,175.0,176.5,171.0,171.5,-3.5,427.0
6492,生華科,2021-04-06,504000.0,85104500.0,172.5,172.5,167.0,167.5,-4.0,409.0
6492,生華科,2021-04-07,1051000.0,170195000.0,165.0,165.5,160.0,161.0,-6.5,897.0
6492,生華科,2021-04-08,505000.0,81857500.0,161.0,164.0,160.0,161.5,0.5,455.0
6492,生華科,2021-04-09,414000.0,67007500.0,165.0,165.0,160.5,162.0,0.5,352.0
6492,生華科,2021-04-12,1028000.0,167971500.0,160.5,169.5,158.0,164.0,2.0,850.0
6492,生華科,2021-04-13,843000.0,135111500.0,164.5,164.5,158.0,158.5,-5.5,673.0
6492,生華科,2021-04-14,643000.0,100209000.0,161.0,161.5,151.0,154.0,-4.5,578.0
6492,生華科,2021-04-15,438000.0,67166500.0,152.0,157.5,151.0,157.0,3.0,380.0
6492,生華科,2021-04-16,364000.0,57428000.0,157.0,161.0,155.5,159.0,2.0,311.0
6492,生華科,2021-04-19,396000.0,61808000.0,158.0,161.0,153.0,153.0,-6.0,367.0
6492,生華科,2021-04-20,358000.0,55248500.0,154.5,156.5,153.0,153.5,0.5,313.0
6492,生華科,2021-04-21,2120000.0,353278500.0,154.5,168.5,154.5,168.5,15.0,1503.0
6492,生華科,2021-04-22,1646000.0,264452000.0,165.0,166.5,154.0,155.0,-13.5,1309.0
6492,生華科,2021-04-23,477000.0,73746000.0,155.5,157.5,151.5,155.0,0.0,417.0
