,stock_id,stock_name,ISIN_Code,Listing_date,Listing_category,Industry_category,CFICode
0,1101,台泥,TW0001101004,1962-02-09,上市,水泥工業,ESVUFR
1,1102,亞泥,TW0001102002,1962-06-08,上市,水泥工業,ESVUFR
2,1103,嘉泥,TW0001103000,1969-11-14,上市,水泥工業,ESVUFR
3,1104,環泥,TW0001104008,1971-02-01,上市,水泥工業,ESVUFR
4,1108,幸福,TW0001108009,1990-06-06,上市,水泥工業,ESVUFR
5,1109,信大,TW0001109007,1991-12-05,上市,水泥工業,ESVUFR
6,1110,東泥,TW0001110005,1994-10-22,上市,水泥工業,ESVUFR
7,1201,味全,TW0001201002,1962-02-09,上市,食品工業,ESVUFR
8,1203,味王,TW0001203008,1964-08-24,上市,食品工業,ESVUFR
9,1210,大成,TW0001210003,1978-05-20,上市,食品工業,ESVUFR
10,1213,大飲,TW0001213007,1981-04-10,上市,食品工業,ESVUFR
11,1215,卜蜂,TW0001215002,1987-07-27,上市,食品工業,ESVUFR
12,1216,統一,TW0001216000,1987-12-28,上市,食品工業,ESVUFR
13,1217,愛之味,TW0001217008,1989-10-28,上市,食品工業,ESVUFR
14,1218,泰山,TW0001218006,1989-11-11,上市,食品工業,ESVUFR
15,1219,福壽,TW0001219004,1990-12-01,上市,食品工業,ESVUFR
16,1220,台榮,TW0001220002,1991-11-20,上市,食品工業,ESVUFR
17,1225,福懋油,TW0001225001,1993-09-27,上市,食品工業,ESVUFR
18,1227,佳格,TW0001227007,1994-04-09,上市,食品工業,ESVUFR
19,1229,聯華,TW0001229003,1976-07-19,上市,食品工業,ESVUFR
20,1231,聯華食,TW0001231009,1995-11-02,上市,食品工業,ESVUFR
21,1232,大統益,TW0001232007,1996-02-09,上市,食品工業,ESVUFR
22,1233,天仁,TW0001233005,1999-01-20,上市,食品工業,ESVUFR
23,1234,黑松,TW0001234003,1999-03-12,上市,食品工業,ESVUFR
24,1235,興泰,TW0001235000,2000-09-11,上市,食品工業,ESVUFR
25,1236,宏亞,TW0001236008,2001-09-17,上市,食品工業,ESVUFR
26,1256,鮮活果汁-KY,KYG858681003,2016-03-17,上市,食品工業,ESVUFR
27,1301,台塑,TW0001301000,1964-07-27,上市,塑膠工業,ESVUFR
28,1303,南亞,TW0001303006,1967-11-05,上市,塑膠工業,ESVUFR
29,1304,台聚,TW0001304004,1972-05-20,上市,塑膠工業,ESVUFR
30,1305,華夏,TW0001305001,1973-03-05,上市,塑膠工業,ESVUFR
31,1307,三芳,TW0001307007,1985-11-23,上市,塑膠工業,ESVUFR
32,1308,亞聚,TW0001308005,1986-06-20,上市,塑膠工業,ESVUFR
33,1309,台達化,TW0001309003,1986-06-27,上市,塑膠工業,ESVUFR
34,1310,台苯,TW0001310001,1987-08-06,上市,塑膠工業,ESVUFR
35,1312,國喬,TW0001312007,1988-12-21,上市,塑膠工業,ESVUFR
36,1313,聯成,TW0001313005,1989-03-27,上市,塑膠工業,ESVUFR
37,1314,中石化,TW0001314003,1991-07-12,上市,塑膠工業,ESVUFR
38,1315,達新,TW0001315000,1992-05-09,上市,塑膠工業,ESVUFR
39,1316,上曜,TW0001316008,1992-10-15,上市,建材營造業,ESVUFR
40,1319,東陽,TW0001319002,1994-12-12,上市,汽車工業,ESVUFR
41,1321,大洋,TW0001321008,1999-01-26,上市,塑膠工業,ESVUFR
42,1323,永裕,TW0001323004,2000-09-11,上市,塑膠工業,ESVUFR
43,1324,地球,TW0001324002,2000-09-11,上市,塑膠工業,ESVUFR
44,1325,恆大,TW0001325009,2000-09-11,上市,塑膠工業,ESVUFR
45,1326,台化,TW0001326007,1984-12-20,上市,塑膠工業,ESVUFR
46,1337,再生-KY,KYG0539R1039,2011-07-01,上市,塑膠工業,ESVUFR
47,1338,廣華-KY,KYG451001070,2012-12-19,上市,汽車工業,ESVUFR
48,1339,昭輝,TW0001339000,2012-04-24,上市,汽車工業,ESVUFR
49,1340,勝悅-KY,KYG935971054,2013-12-06,上市,塑膠工業,ESVUFR
50,1341,富林-KY,KYG3730M1050,2018-12-24,上市,塑膠工業,ESVUFR
51,1342,八貫,TW0001342004,2020-11-24,上市,其他業,ESVUFR
52,1402,遠東新,TW0001402006,1967-04-14,上市,紡織纖維,ESVUFR
53,1409,新纖,TW0001409001,1973-08-31,上市,紡織纖維,ESVUFR
54,1410,南染,TW0001410009,1973-10-18,上市,紡織纖維,ESVUFR
55,1413,宏洲,TW0001413003,1975-12-23,上市,紡織纖維,ESVUFR
56,1414,東和,TW0001414001,1976-02-02,上市,紡織纖維,ESVUFR
57,1416,廣豐,TW0001416006,1976-04-20,上市,其他業,ESVUFR
58,1417,嘉裕,TW0001417004,1976-12-28,上市,紡織纖維,ESVUFR
59,1418,東華,TW0001418002,1977-02-14,上市,紡織纖維,ESVUFR
60,1419,新紡,TW0001419000,1977-03-14,上市,紡織纖維,ESVUFR
61,1423,利華,TW0001423002,1979-04-02,上市,紡織纖維,ESVUFR
62,1432,大魯閣,TW0001432003,1982-07-26,上市,貿易百貨業,ESVUFR
63,1434,福懋,TW0001434009,1985-12-24,上市,紡織纖維,ESVUFR
64,1435,中福,TW0001435006,1987-12-28,上市,其他業,ESVUFR
65,1436,華友聯,TW0001436004,1988-04-11,上市,建材營造業,ESVUFR
66,1437,勤益控,TW0001437002,1988-11-10,上市,其他業,ESVUFR
67,1438,三地開發,TW0001438000,1988-12-15,上市,建材營造業,ESVUFR
68,1439,中和,TW0001439008,1989-05-22,上市,紡織纖維,ESVUFR
69,1440,南紡,TW0001440006,1989-10-03,上市,紡織纖維,ESVUFR
70,1441,大東,TW0001441004,1989-10-27,上市,紡織纖維,ESVUFR
71,1442,名軒,TW0001442002,1989-11-16,上市,建材營造業,ESVUFR
72,1443,立益,TW0001443000,1990-04-21,上市,紡織纖維,ESVUFR
73,1444,力麗,TW0001444008,1990-08-08,上市,紡織纖維,ESVUFR
74,1445,大宇,TW0001445005,1991-02-05,上市,紡織纖維,ESVUFR
75,1446,宏和,TW0001446003,1991-10-15,上市,紡織纖維,ESVUFR
76,1447,力鵬,TW0001447001,1992-01-28,上市,紡織纖維,ESVUFR
77,1449,佳和,TW0001449007,1992-03-12,上市,紡織纖維,ESVUFR
78,1451,年興,TW0001451003,1992-12-21,上市,紡織纖維,ESVUFR
79,1452,宏益,TW0001452001,1992-12-28,上市,紡織纖維,ESVUFR
80,1453,大將,TW0001453009,1993-04-19,上市,紡織纖維,ESVUFR
81,1454,台富,TW0001454007,1993-05-07,上市,紡織纖維,ESVUFR
82,1455,集盛,TW0001455004,1993-10-07,上市,紡織纖維,ESVUFR
83,1456,怡華,TW0001456002,1993-12-09,上市,紡織纖維,ESVUFR
84,1457,宜進,TW0001457000,1994-10-20,上市,紡織纖維,ESVUFR
85,1459,聯發,TW0001459006,1994-10-26,上市,紡織纖維,ESVUFR
86,1460,宏遠,TW0001460004,1995-04-28,上市,紡織纖維,ESVUFR
87,1463,強盛,TW0001463008,1996-12-05,上市,紡織纖維,ESVUFR
88,1464,得力,TW0001464006,1997-01-18,上市,紡織纖維,ESVUFR
89,1465,偉全,TW0001465003,1997-09-08,上市,紡織纖維,ESVUFR
90,1466,聚隆,TW0001466001,1998-04-04,上市,紡織纖維,ESVUFR
91,1467,南緯,TW0001467009,1998-12-21,上市,紡織纖維,ESVUFR
92,1468,昶和,TW0001468007,1999-01-21,上市,紡織纖維,ESVUFR
93,1470,大統新創,TW0001470003,1999-05-21,上市,紡織纖維,ESVUFR
94,1471,首利,TW0001471001,2000-03-06,上市,電子零組件業,ESVUFR
95,1472,三洋紡,TW0001472009,2000-09-11,上市,紡織纖維,ESVUFR
96,1473,台南,TW0001473007,2000-09-11,上市,紡織纖維,ESVUFR
97,1474,弘裕,TW0001474005,2000-10-31,上市,紡織纖維,ESVUFR
98,1475,業旺,TW0001475002,2000-10-27,上市,紡織纖維,ESVUFR
99,1476,儒鴻,TW0001476000,2001-04-18,上市,紡織纖維,ESVUFR
100,1477,聚陽,TW0001477008,2003-01-21,上市,紡織纖維,ESVUFR
101,1503,士電,TW0001503001,1969-12-15,上市,電機機械,ESVUFR
102,1504,東元,TW0001504009,1973-11-05,上市,電機機械,ESVUFR
103,1506,正道,TW0001506004,1980-08-11,上市,電機機械,ESVUFR
104,1507,永大,TW0001507002,1989-11-09,上市,電機機械,ESVUFR
105,1512,瑞利,TW0001512002,1994-01-28,上市,汽車工業,ESVUFR
106,1513,中興電,TW0001513000,1994-03-08,上市,電機機械,ESVUFR
107,1514,亞力,TW0001514008,1994-03-26,上市,電機機械,ESVUFR
108,1515,力山,TW0001515005,1995-02-04,上市,電機機械,ESVUFR
109,1516,川飛,TW0001516003,1995-04-01,上市,其他業,ESVUFR
110,1517,利奇,TW0001517001,1995-11-14,上市,電機機械,ESVUFR
111,1519,華城,TW0001519007,1997-04-16,上市,電機機械,ESVUFR
112,1521,大億,TW0001521003,1997-10-06,上市,汽車工業,ESVUFR
113,1522,堤維西,TW0001522001,1997-10-06,上市,汽車工業,ESVUFR
114,1524,耿鼎,TW0001524007,1998-10-30,上市,汽車工業,ESVUFR
115,1525,江申,TW0001525004,1999-05-15,上市,汽車工業,ESVUFR
116,1526,日馳,TW0001526002,2000-03-27,上市,電機機械,ESVUFR
117,1527,鑽全,TW0001527000,2000-06-21,上市,電機機械,ESVUFR
118,1528,恩德,TW0001528008,2000-09-11,上市,電機機械,ESVUFR
119,1529,樂士,TW0001529006,2000-09-11,上市,電機機械,ESVUFR
120,1530,亞崴,TW0001530004,2000-09-11,上市,電機機械,ESVUFR
121,1531,高林股,TW0001531002,2000-09-11,上市,電機機械,ESVUFR
122,1532,勤美,TW0001532000,2000-09-11,上市,電機機械,ESVUFR
123,1533,車王電,TW0001533008,2001-04-06,上市,汽車工業,ESVUFR
124,1535,中宇,TW0001535003,2001-09-17,上市,電機機械,ESVUFR
125,1536,和大,TW0001536001,2001-09-17,上市,汽車工業,ESVUFR
126,1537,廣隆,TW0001537009,2002-01-22,上市,電機機械,ESVUFR
127,1538,正峰,TW0001538007,2002-08-26,上市,電機機械,ESVUFR
128,1539,巨庭,TW0001539005,2002-10-29,上市,電機機械,ESVUFR
129,1540,喬福,TW0001540003,2002-08-26,上市,電機機械,ESVUFR
130,1541,錩泰,TW0001541001,2003-03-19,上市,電機機械,ESVUFR
131,1558,伸興,TW0001558005,2014-12-23,上市,電機機械,ESVUFR
132,1560,中砂,TW0001560001,2005-01-31,上市,電機機械,ESVUFR
133,1568,倉佑,TW0001568004,2014-05-14,上市,汽車工業,ESVUFR
134,1582,信錦,TW0001582005,2009-12-17,上市,電子零組件業,ESVUFR
135,1583,程泰,TW0001583003,2008-01-24,上市,電機機械,ESVUFR
136,1587,吉茂,TW0001587004,2018-04-16,上市,汽車工業,ESVUFR
137,1589,永冠-KY,KYG984291065,2012-04-27,上市,電機機械,ESVUFR
138,1590,亞德客-KY,KYG014081064,2010-12-13,上市,電機機械,ESVUFR
139,1592,英瑞-KY,KYG316231045,2014-10-16,上市,汽車工業,ESVUFR
140,1597,直得,TW0001597003,2020-12-23,上市,電機機械,ESVUFR
141,1598,岱宇,TW0001598001,2016-09-20,上市,生技醫療業,ESVUFR
142,1603,華電,TW0001603009,1968-06-03,上市,電器電纜,ESVUFR
143,1604,聲寶,TW0001604007,1970-12-14,上市,電器電纜,ESVUFR
144,1605,華新,TW0001605004,1972-11-03,上市,電器電纜,ESVUFR
145,1608,華榮,TW0001608008,1988-07-11,上市,電器電纜,ESVUFR
146,1609,大亞,TW0001609006,1988-12-12,上市,電器電纜,ESVUFR
147,1611,中電,TW0001611002,1990-01-16,上市,電器電纜,ESVUFR
148,1612,宏泰,TW0001612000,1993-05-08,上市,電器電纜,ESVUFR
149,1614,三洋電,TW0001614006,1997-09-18,上市,電器電纜,ESVUFR
150,1615,大山,TW0001615003,2000-03-30,上市,電器電纜,ESVUFR
151,1616,億泰,TW0001616001,2000-09-11,上市,電器電纜,ESVUFR
152,1617,榮星,TW0001617009,2000-09-11,上市,電器電纜,ESVUFR
153,1618,合機,TW0001618007,2000-09-11,上市,電器電纜,ESVUFR
154,1626,艾美特-KY,KYG0135T1076,2013-03-21,上市,電器電纜,ESVUFR
155,1701,中化,TW0001701001,1962-02-09,上市,生技醫療業,ESVUFR
156,1702,南僑,TW0001702009,1973-05-30,上市,食品工業,ESVUFR
157,1707,葡萄王,TW0001707008,1982-12-20,上市,生技醫療業,ESVUFR
158,1708,東鹼,TW0001708006,1986-06-16,上市,化學工業,ESVUFR
159,1709,和益,TW0001709004,1986-07-03,上市,化學工業,ESVUFR
160,1710,東聯,TW0001710002,1987-10-21,上市,化學工業,ESVUFR
161,1711,永光,TW0001711000,1988-12-27,上市,化學工業,ESVUFR
162,1712,興農,TW0001712008,1989-12-14,上市,化學工業,ESVUFR
163,1713,國化,TW0001713006,1990-01-31,上市,化學工業,ESVUFR
164,1714,和桐,TW0001714004,1991-08-30,上市,化學工業,ESVUFR
165,1717,長興,TW0001717007,1994-03-31,上市,化學工業,ESVUFR
166,1718,中纖,TW0001718005,1963-12-02,上市,化學工業,ESVUFR
167,1720,生達,TW0001720001,1995-12-12,上市,生技醫療業,ESVUFR
168,1721,三晃,TW0001721009,1996-05-16,上市,化學工業,ESVUFR
169,1722,台肥,TW0001722007,1998-03-24,上市,化學工業,ESVUFR
170,1723,中碳,TW0001723005,1998-11-27,上市,化學工業,ESVUFR
171,1724,台硝,TW0001724003,1995-03-30,上市,化學工業,ESVUFR
172,1725,元禎,TW0001725000,2000-09-11,上市,化學工業,ESVUFR
173,1726,永記,TW0001726008,2000-09-11,上市,化學工業,ESVUFR
174,1727,中華化,TW0001727006,2000-09-11,上市,化學工業,ESVUFR
175,1730,花仙子,TW0001730000,2001-09-17,上市,化學工業,ESVUFR
176,1731,美吾華,TW0001731008,2001-09-17,上市,生技醫療業,ESVUFR
177,1732,毛寶,TW0001732006,2001-09-17,上市,化學工業,ESVUFR
178,1733,五鼎,TW0001733004,2001-09-17,上市,生技醫療業,ESVUFR
179,1734,杏輝,TW0001734002,2002-08-26,上市,生技醫療業,ESVUFR
180,1735,日勝化,TW0001735009,2002-08-26,上市,化學工業,ESVUFR
181,1736,喬山,TW0001736007,2003-01-09,上市,生技醫療業,ESVUFR
182,1737,臺鹽,TW0001737005,2003-11-18,上市,食品工業,ESVUFR
183,1760,寶齡富錦,TW0001760007,2018-01-23,上市,生技醫療業,ESVUFR
184,1762,中化生,TW0001762003,2010-12-20,上市,生技醫療業,ESVUFR
185,1773,勝一,TW0001773000,2009-02-27,上市,化學工業,ESVUFR
186,1776,展宇,TW0001776003,2016-05-09,上市,化學工業,ESVUFR
187,1783,和康生,TW0001783009,2013-12-20,上市,生技醫療業,ESVUFR
188,1786,科妍,TW0001786002,2013-11-12,上市,生技醫療業,ESVUFR
189,1789,神隆,TW0001789006,2011-09-29,上市,生技醫療業,ESVUFR
190,1795,美時,TW0001795003,2019-12-16,上市,生技醫療業,ESVUFR
191,1802,台玻,TW0001802007,1973-07-20,上市,玻璃陶瓷,ESVUFR
192,1805,寶徠,TW0001805000,1989-10-20,上市,建材營造業,ESVUFR
193,1806,冠軍,TW0001806008,1992-09-29,上市,玻璃陶瓷,ESVUFR
194,1808,潤隆,TW0001808004,1994-10-26,上市,建材營造業,ESVUFR
195,1809,中釉,TW0001809002,1996-04-30,上市,玻璃陶瓷,ESVUFR
196,1810,和成,TW0001810000,1991-10-14,上市,玻璃陶瓷,ESVUFR
197,1817,凱撒衛,TW0001817005,2013-10-24,上市,玻璃陶瓷,ESVUFR
198,1903,士紙,TW0001903003,1963-12-09,上市,造紙工業,ESVUFR
199,1904,正隆,TW0001904001,1971-09-10,上市,造紙工業,ESVUFR
200,1905,華紙,TW0001905008,1975-02-07,上市,造紙工業,ESVUFR
201,1906,寶隆,TW0001906006,1976-04-26,上市,造紙工業,ESVUFR
202,1907,永豐餘,TW0001907004,1977-02-22,上市,造紙工業,ESVUFR
203,1909,榮成,TW0001909000,1985-11-19,上市,造紙工業,ESVUFR
204,2002,中鋼,TW0002002003,1974-12-26,上市,鋼鐵工業,ESVUFR
205,2006,東和鋼鐵,TW0002006004,1988-07-13,上市,鋼鐵工業,ESVUFR
206,2007,燁興,TW0002007002,1988-10-04,上市,鋼鐵工業,ESVUFR
207,2008,高興昌,TW0002008000,1988-12-28,上市,鋼鐵工業,ESVUFR
208,2009,第一銅,TW0002009008,1989-10-20,上市,鋼鐵工業,ESVUFR
209,2010,春源,TW0002010006,1989-12-22,上市,鋼鐵工業,ESVUFR
210,2012,春雨,TW0002012002,1991-10-17,上市,鋼鐵工業,ESVUFR
211,2013,中鋼構,TW0002013000,1992-01-21,上市,鋼鐵工業,ESVUFR
212,2014,中鴻,TW0002014008,1992-02-20,上市,鋼鐵工業,ESVUFR
213,2015,豐興,TW0002015005,1992-05-25,上市,鋼鐵工業,ESVUFR
214,2017,官田鋼,TW0002017001,1992-11-02,上市,鋼鐵工業,ESVUFR
215,2020,美亞,TW0002020005,1993-04-27,上市,鋼鐵工業,ESVUFR
216,2022,聚亨,TW0002022001,1995-03-27,上市,鋼鐵工業,ESVUFR
217,2023,燁輝,TW0002023009,1995-07-28,上市,鋼鐵工業,ESVUFR
218,2024,志聯,TW0002024007,1995-12-30,上市,鋼鐵工業,ESVUFR
219,2025,千興,TW0002025004,1996-02-08,上市,鋼鐵工業,ESVUFR
220,2027,大成鋼,TW0002027000,1996-10-24,上市,鋼鐵工業,ESVUFR
221,2028,威致,TW0002028008,1996-12-13,上市,鋼鐵工業,ESVUFR
222,2029,盛餘,TW0002029006,1997-01-11,上市,鋼鐵工業,ESVUFR
223,2030,彰源,TW0002030004,1998-12-24,上市,鋼鐵工業,ESVUFR
224,2031,新光鋼,TW0002031002,2000-09-11,上市,鋼鐵工業,ESVUFR
225,2032,新鋼,TW0002032000,2000-09-11,上市,鋼鐵工業,ESVUFR
226,2033,佳大,TW0002033008,2000-09-11,上市,鋼鐵工業,ESVUFR
227,2034,允強,TW0002034006,2001-09-17,上市,鋼鐵工業,ESVUFR
228,2038,海光,TW0002038007,2008-12-30,上市,鋼鐵工業,ESVUFR
229,2049,上銀,TW0002049004,2009-06-26,上市,電機機械,ESVUFR
230,2059,川湖,TW0002059003,2008-06-25,上市,電子零組件業,ESVUFR
231,2062,橋椿,TW0002062007,2007-11-16,上市,其他業,ESVUFR
232,2069,運錩,TW0002069002,2016-03-22,上市,鋼鐵工業,ESVUFR
233,2101,南港,TW0002101003,1963-11-01,上市,橡膠工業,ESVUFR
234,2102,泰豐,TW0002102001,1979-07-16,上市,橡膠工業,ESVUFR
235,2103,台橡,TW0002103009,1982-09-25,上市,橡膠工業,ESVUFR
236,2104,國際中橡,TW0002104007,1986-07-15,上市,橡膠工業,ESVUFR
237,2105,正新,TW0002105004,1987-12-07,上市,橡膠工業,ESVUFR
238,2106,建大,TW0002106002,1990-12-20,上市,橡膠工業,ESVUFR
239,2107,厚生,TW0002107000,1992-03-03,上市,橡膠工業,ESVUFR
240,2108,南帝,TW0002108008,1992-10-27,上市,橡膠工業,ESVUFR
241,2109,華豐,TW0002109006,2000-05-08,上市,橡膠工業,ESVUFR
242,2114,鑫永銓,TW0002114006,2010-12-29,上市,橡膠工業,ESVUFR
243,2115,六暉-KY,KYG5700L1086,2013-12-25,上市,汽車工業,ESVUFR
244,2201,裕隆,TW0002201001,1976-07-08,上市,汽車工業,ESVUFR
245,2204,中華,TW0002204005,1991-03-12,上市,汽車工業,ESVUFR
246,2206,三陽工業,TW0002206000,1996-07-29,上市,汽車工業,ESVUFR
247,2207,和泰車,TW0002207008,1997-02-25,上市,汽車工業,ESVUFR
248,2208,台船,TW0002208006,2008-12-22,上市,航運業,ESVUFR
249,2227,裕日車,TW0002227006,2004-12-21,上市,汽車工業,ESVUFR
250,2228,劍麟,TW0002228004,2013-11-25,上市,汽車工業,ESVUFR
251,2231,為升,TW0002231008,2010-11-19,上市,汽車工業,ESVUFR
252,2233,宇隆,TW0002233004,2019-09-17,上市,汽車工業,ESVUFR
253,2236,百達-KY,KYG693691092,2015-06-03,上市,汽車工業,ESVUFR
254,2239,英利-KY,KYG1991F1081,2016-01-27,上市,汽車工業,ESVUFR
255,2241,艾姆勒,TW0002241007,2020-08-26,上市,電機機械,ESVUFR
256,2243,宏旭-KY,KYG460651014,2017-09-27,上市,汽車工業,ESVUFR
257,2247,汎德永業,TW0002247004,2020-10-12,上市,汽車工業,ESVUFR
258,2301,光寶科,TW0002301009,1995-11-17,上市,電腦及週邊設備業,ESVUFR
259,2302,麗正,TW0002302007,1985-01-15,上市,半導體業,ESVUFR
260,2303,聯電,TW0002303005,1985-07-16,上市,半導體業,ESVUFR
261,2305,全友,TW0002305000,1988-10-21,上市,電腦及週邊設備業,ESVUFR
262,2308,台達電,TW0002308004,1988-12-19,上市,電子零組件業,ESVUFR
263,2312,金寶,TW0002312006,1989-11-07,上市,其他電子業,ESVUFR
264,2313,華通,TW0002313004,1990-07-24,上市,電子零組件業,ESVUFR
265,2314,台揚,TW0002314002,1990-08-08,上市,通信網路業,ESVUFR
266,2316,楠梓電,TW0002316007,1991-02-05,上市,電子零組件業,ESVUFR
267,2317,鴻海,TW0002317005,1991-06-18,上市,其他電子業,ESVUFR
268,2321,東訊,TW0002321007,1991-11-08,上市,通信網路業,ESVUFR
269,2323,中環,TW0002323003,1992-02-17,上市,光電業,ESVUFR
270,2324,仁寶,TW0002324001,1992-02-18,上市,電腦及週邊設備業,ESVUFR
271,2327,國巨,TW0002327004,1993-10-22,上市,電子零組件業,ESVUFR
272,2328,廣宇,TW0002328002,1993-11-09,上市,電子零組件業,ESVUFR
273,2329,華泰,TW0002329000,1994-04-20,上市,半導體業,ESVUFR
274,2330,台積電,TW0002330008,1994-09-05,上市,半導體業,ESVUFR
275,2331,精英,TW0002331006,1994-09-21,上市,電腦及週邊設備業,ESVUFR
276,2332,友訊,TW0002332004,1994-10-17,上市,通信網路業,ESVUFR
277,2337,旺宏,TW0002337003,1995-03-15,上市,半導體業,ESVUFR
278,2338,光罩,TW0002338001,1995-04-17,上市,半導體業,ESVUFR
279,2340,光磊,TW0002340007,1995-05-02,上市,光電業,ESVUFR
280,2342,茂矽,TW0002342003,1995-09-19,上市,半導體業,ESVUFR
281,2344,華邦電,TW0002344009,1995-10-18,上市,半導體業,ESVUFR
282,2345,智邦,TW0002345006,1995-11-15,上市,通信網路業,ESVUFR
283,2347,聯強,TW0002347002,1995-12-13,上市,電子通路業,ESVUFR
284,2348,海悅,TW0002348000,1996-01-05,上市,其他業,ESVUFR
285,2349,錸德,TW0002349008,1996-04-23,上市,光電業,ESVUFR
286,2351,順德,TW0002351004,1996-04-25,上市,半導體業,ESVUFR
287,2352,佳世達,TW0002352002,1996-07-22,上市,電腦及週邊設備業,ESVUFR
288,2353,宏碁,TW0002353000,1996-09-18,上市,電腦及週邊設備業,ESVUFR
289,2354,鴻準,TW0002354008,1996-10-08,上市,其他電子業,ESVUFR
290,2355,敬鵬,TW0002355005,1996-10-14,上市,電子零組件業,ESVUFR
291,2356,英業達,TW0002356003,1996-11-13,上市,電腦及週邊設備業,ESVUFR
292,2357,華碩,TW0002357001,1996-11-14,上市,電腦及週邊設備業,ESVUFR
293,2358,廷鑫,TW0002358009,1996-12-18,上市,其他業,ESVUFR
294,2359,所羅門,TW0002359007,1996-12-19,上市,其他電子業,ESVUFR
295,2360,致茂,TW0002360005,1996-12-21,上市,其他電子業,ESVUFR
296,2362,藍天,TW0002362001,1997-04-02,上市,電腦及週邊設備業,ESVUFR
297,2363,矽統,TW0002363009,1997-08-01,上市,半導體業,ESVUFR
298,2364,倫飛,TW0002364007,1997-08-11,上市,電腦及週邊設備業,ESVUFR
299,2365,昆盈,TW0002365004,1997-11-03,上市,電腦及週邊設備業,ESVUFR
300,2367,燿華,TW0002367000,1997-12-13,上市,電子零組件業,ESVUFR
301,2368,金像電,TW0002368008,1998-03-09,上市,電子零組件業,ESVUFR
302,2369,菱生,TW0002369006,1998-04-10,上市,半導體業,ESVUFR
303,2371,大同,TW0002371002,1962-02-09,上市,電機機械,ESVUFR
304,2373,震旦行,TW0002373008,1991-08-01,上市,其他電子業,ESVUFR
305,2374,佳能,TW0002374006,1995-01-16,上市,光電業,ESVUFR
306,2375,凱美,TW0002375003,1998-08-29,上市,電子零組件業,ESVUFR
307,2376,技嘉,TW0002376001,1998-09-24,上市,電腦及週邊設備業,ESVUFR
308,2377,微星,TW0002377009,1998-10-31,上市,電腦及週邊設備業,ESVUFR
309,2379,瑞昱,TW0002379005,1998-10-26,上市,半導體業,ESVUFR
310,2380,虹光,TW0002380003,1998-12-03,上市,電腦及週邊設備業,ESVUFR
311,2382,廣達,TW0002382009,1999-01-08,上市,電腦及週邊設備業,ESVUFR
312,2383,台光電,TW0002383007,1998-11-27,上市,電子零組件業,ESVUFR
313,2385,群光,TW0002385002,1999-01-05,上市,電子零組件業,ESVUFR
314,2387,精元,TW0002387008,1999-01-25,上市,電腦及週邊設備業,ESVUFR
315,2388,威盛,TW0002388006,1999-03-05,上市,半導體業,ESVUFR
316,2390,云辰,TW0002390002,1999-06-15,上市,其他電子業,ESVUFR
317,2392,正崴,TW0002392008,1999-09-20,上市,電子零組件業,ESVUFR
318,2393,億光,TW0002393006,1999-11-04,上市,光電業,ESVUFR
319,2395,研華,TW0002395001,1999-12-13,上市,電腦及週邊設備業,ESVUFR
320,2397,友通,TW0002397007,2000-01-15,上市,電腦及週邊設備業,ESVUFR
321,2399,映泰,TW0002399003,1999-12-16,上市,電腦及週邊設備業,ESVUFR
322,2401,凌陽,TW0002401007,2000-01-27,上市,半導體業,ESVUFR
323,2402,毅嘉,TW0002402005,2000-01-14,上市,電子零組件業,ESVUFR
324,2404,漢唐,TW0002404001,2000-03-14,上市,其他電子業,ESVUFR
325,2405,浩鑫,TW0002405008,2000-03-17,上市,電腦及週邊設備業,ESVUFR
326,2406,國碩,TW0002406006,2000-04-29,上市,光電業,ESVUFR
327,2408,南亞科,TW0002408002,2000-08-17,上市,半導體業,ESVUFR
328,2409,友達,TW0002409000,2000-09-08,上市,光電業,ESVUFR
329,2412,中華電,TW0002412004,2000-10-27,上市,通信網路業,ESVUFR
330,2413,環科,TW0002413002,2000-09-11,上市,電子零組件業,ESVUFR
331,2414,精技,TW0002414000,2000-09-11,上市,電子通路業,ESVUFR
332,2415,錩新,TW0002415007,2000-09-11,上市,電子零組件業,ESVUFR
333,2417,圓剛,TW0002417003,2000-09-11,上市,電腦及週邊設備業,ESVUFR
334,2419,仲琦,TW0002419009,2000-09-11,上市,通信網路業,ESVUFR
335,2420,新巨,TW0002420007,2000-09-11,上市,電子零組件業,ESVUFR
336,2421,建準,TW0002421005,2000-09-11,上市,電子零組件業,ESVUFR
337,2423,固緯,TW0002423001,2000-09-11,上市,其他電子業,ESVUFR
338,2424,隴華,TW0002424009,2000-09-11,上市,電腦及週邊設備業,ESVUFR
339,2425,承啟,TW0002425006,2000-09-11,上市,電腦及週邊設備業,ESVUFR
340,2426,鼎元,TW0002426004,2000-09-11,上市,光電業,ESVUFR
341,2427,三商電,TW0002427002,2000-09-11,上市,資訊服務業,ESVUFR
342,2428,興勤,TW0002428000,2000-09-11,上市,電子零組件業,ESVUFR
343,2429,銘旺科,TW0002429008,2000-09-11,上市,電子零組件業,ESVUFR
344,2430,燦坤,TW0002430006,2000-09-11,上市,電子通路業,ESVUFR
345,2431,聯昌,TW0002431004,2000-09-11,上市,電子零組件業,ESVUFR
346,2433,互盛電,TW0002433000,2000-09-11,上市,其他電子業,ESVUFR
347,2434,統懋,TW0002434008,2000-09-11,上市,半導體業,ESVUFR
348,2436,偉詮電,TW0002436003,2000-09-11,上市,半導體業,ESVUFR
349,2438,翔耀,TW0002438009,2000-09-11,上市,光電業,ESVUFR
350,2439,美律,TW0002439007,2000-09-11,上市,通信網路業,ESVUFR
351,2440,太空梭,TW0002440005,2000-11-10,上市,電子零組件業,ESVUFR
352,2441,超豐,TW0002441003,2000-10-26,上市,半導體業,ESVUFR
353,2442,新美齊,TW0002442001,2000-11-22,上市,電腦及週邊設備業,ESVUFR
354,2443,億麗,TW0002443009,2001-01-03,上市,其他業,ESVUFR
355,2444,兆勁,TW0002444007,2000-12-08,上市,通信網路業,ESVUFR
356,2449,京元電子,TW0002449006,2001-05-09,上市,半導體業,ESVUFR
357,2450,神腦,TW0002450004,2001-05-24,上市,通信網路業,ESVUFR
358,2451,創見,TW0002451002,2001-05-03,上市,半導體業,ESVUFR
359,2453,凌群,TW0002453008,2001-05-22,上市,資訊服務業,ESVUFR
360,2454,聯發科,TW0002454006,2001-07-23,上市,半導體業,ESVUFR
361,2455,全新,TW0002455003,2002-01-24,上市,通信網路業,ESVUFR
362,2456,奇力新,TW0002456001,2001-09-26,上市,電子零組件業,ESVUFR
363,2457,飛宏,TW0002457009,2001-09-17,上市,電子零組件業,ESVUFR
364,2458,義隆,TW0002458007,2001-09-17,上市,半導體業,ESVUFR
365,2459,敦吉,TW0002459005,2001-09-17,上市,電子通路業,ESVUFR
366,2460,建通,TW0002460003,2001-09-17,上市,電子零組件業,ESVUFR
367,2461,光群雷,TW0002461001,2001-09-17,上市,其他電子業,ESVUFR
368,2462,良得電,TW0002462009,2001-09-17,上市,電子零組件業,ESVUFR
369,2464,盟立,TW0002464005,2001-09-17,上市,其他電子業,ESVUFR
370,2465,麗臺,TW0002465002,2001-09-19,上市,電腦及週邊設備業,ESVUFR
371,2466,冠西電,TW0002466000,2001-09-17,上市,光電業,ESVUFR
372,2467,志聖,TW0002467008,2001-09-17,上市,電子零組件業,ESVUFR
373,2468,華經,TW0002468006,2001-09-17,上市,資訊服務業,ESVUFR
374,2471,資通,TW0002471000,2001-09-17,上市,資訊服務業,ESVUFR
375,2472,立隆電,TW0002472008,2001-09-17,上市,電子零組件業,ESVUFR
376,2474,可成,TW0002474004,2001-09-17,上市,其他電子業,ESVUFR
377,2476,鉅祥,TW0002476009,2001-09-17,上市,電子零組件業,ESVUFR
378,2477,美隆電,TW0002477007,2001-09-17,上市,其他電子業,ESVUFR
379,2478,大毅,TW0002478005,2001-09-17,上市,電子零組件業,ESVUFR
380,2480,敦陽科,TW0002480001,2001-09-17,上市,資訊服務業,ESVUFR
381,2481,強茂,TW0002481009,2001-09-17,上市,半導體業,ESVUFR
382,2482,連宇,TW0002482007,2001-09-17,上市,其他電子業,ESVUFR
383,2483,百容,TW0002483005,2001-09-17,上市,電子零組件業,ESVUFR
384,2484,希華,TW0002484003,2001-09-17,上市,電子零組件業,ESVUFR
385,2485,兆赫,TW0002485000,2001-09-17,上市,通信網路業,ESVUFR
386,2486,一詮,TW0002486008,2001-09-19,上市,光電業,ESVUFR
387,2488,漢平,TW0002488004,2001-09-17,上市,其他電子業,ESVUFR
388,2489,瑞軒,TW0002489002,2001-09-17,上市,光電業,ESVUFR
389,2491,吉祥全,TW0002491008,2001-09-17,上市,光電業,ESVUFR
390,2492,華新科,TW0002492006,2001-09-17,上市,電子零組件業,ESVUFR
391,2493,揚博,TW0002493004,2002-01-23,上市,電子零組件業,ESVUFR
392,2495,普安,TW0002495009,2002-03-25,上市,其他電子業,ESVUFR
393,2496,卓越,TW0002496007,2002-03-08,上市,其他業,ESVUFR
394,2497,怡利電,TW0002497005,2002-02-04,上市,汽車工業,ESVUFR
395,2498,宏達電,TW0002498003,2002-03-26,上市,通信網路業,ESVUFR
396,2501,國建,TW0002501004,1967-10-28,上市,建材營造業,ESVUFR
397,2504,國產,TW0002504008,1978-03-14,上市,建材營造業,ESVUFR
398,2505,國揚,TW0002505005,1979-11-14,上市,建材營造業,ESVUFR
399,2506,太設,TW0002506003,1980-02-02,上市,建材營造業,ESVUFR
400,2509,全坤建,TW0002509007,1988-05-20,上市,建材營造業,ESVUFR
401,2511,太子,TW0002511003,1991-04-24,上市,建材營造業,ESVUFR
402,2514,龍邦,TW0002514007,1992-09-26,上市,其他業,ESVUFR
403,2515,中工,TW0002515004,1993-03-02,上市,建材營造業,ESVUFR
404,2516,新建,TW0002516002,1993-05-25,上市,建材營造業,ESVUFR
405,2520,冠德,TW0002520004,1993-10-27,上市,建材營造業,ESVUFR
406,2524,京城,TW0002524006,1994-10-18,上市,建材營造業,ESVUFR
407,2527,宏璟,TW0002527009,1995-03-06,上市,建材營造業,ESVUFR
408,2528,皇普,TW0002528007,1995-03-10,上市,建材營造業,ESVUFR
409,2530,華建,TW0002530003,1995-10-12,上市,建材營造業,ESVUFR
410,2534,宏盛,TW0002534005,1996-02-12,上市,建材營造業,ESVUFR
411,2535,達欣工,TW0002535002,1996-03-11,上市,建材營造業,ESVUFR
412,2536,宏普,TW0002536000,1996-03-14,上市,建材營造業,ESVUFR
413,2537,聯上發,TW0002537008,1996-09-06,上市,建材營造業,ESVUFR
414,2538,基泰,TW0002538006,1996-11-01,上市,建材營造業,ESVUFR
415,2539,櫻花建,TW0002539004,1997-07-16,上市,建材營造業,ESVUFR
416,2540,愛山林,TW0002540002,1989-12-26,上市,建材營造業,ESVUFR
417,2542,興富發,TW0002542008,1999-05-03,上市,建材營造業,ESVUFR
418,2543,皇昌,TW0002543006,1999-10-15,上市,建材營造業,ESVUFR
419,2545,皇翔,TW0002545001,2000-09-11,上市,建材營造業,ESVUFR
420,2546,根基,TW0002546009,2000-09-11,上市,建材營造業,ESVUFR
421,2547,日勝生,TW0002547007,2000-12-22,上市,建材營造業,ESVUFR
422,2548,華固,TW0002548005,2002-08-26,上市,建材營造業,ESVUFR
423,2597,潤弘,TW0002597002,2010-03-26,上市,建材營造業,ESVUFR
424,2601,益航,TW0002601002,1965-11-04,上市,貿易百貨業,ESVUFR
425,2603,長榮,TW0002603008,1987-09-21,上市,航運業,ESVUFR
426,2605,新興,TW0002605003,1989-12-08,上市,航運業,ESVUFR
427,2606,裕民,TW0002606001,1990-12-08,上市,航運業,ESVUFR
428,2607,榮運,TW0002607009,1990-12-14,上市,航運業,ESVUFR
429,2608,嘉里大榮,TW0002608007,1990-12-20,上市,航運業,ESVUFR
430,2609,陽明,TW0002609005,1992-04-20,上市,航運業,ESVUFR
431,2610,華航,TW0002610003,1993-02-26,上市,航運業,ESVUFR
432,2611,志信,TW0002611001,1993-10-28,上市,航運業,ESVUFR
433,2612,中航,TW0002612009,1994-10-20,上市,航運業,ESVUFR
434,2613,中櫃,TW0002613007,1995-01-20,上市,航運業,ESVUFR
435,2614,東森,TW0002614005,1995-09-23,上市,貿易百貨業,ESVUFR
436,2615,萬海,TW0002615002,1996-05-16,上市,航運業,ESVUFR
437,2616,山隆,TW0002616000,1997-11-08,上市,油電燃氣業,ESVUFR
438,2617,台航,TW0002617008,1998-06-24,上市,航運業,ESVUFR
439,2618,長榮航,TW0002618006,2001-09-17,上市,航運業,ESVUFR
440,2630,亞航,TW0002630001,2018-02-22,上市,航運業,ESVUFR
441,2633,台灣高鐵,TW0002633005,2016-10-27,上市,航運業,ESVUFR
442,2634,漢翔,TW0002634003,2014-08-25,上市,航運業,ESVUFR
443,2636,台驊投控,TW0002636008,2016-12-22,上市,航運業,ESVUFR
444,2637,慧洋-KY,KYG9721M1033,2010-12-01,上市,航運業,ESVUFR
445,2642,宅配通,TW0002642006,2013-12-12,上市,航運業,ESVUFR
446,2701,萬企,TW0002701000,1965-03-22,上市,觀光事業,ESVUFR
447,2702,華園,TW0002702008,1965-02-14,上市,觀光事業,ESVUFR
448,2704,國賓,TW0002704004,1982-11-10,上市,觀光事業,ESVUFR
449,2705,六福,TW0002705001,1988-12-24,上市,觀光事業,ESVUFR
450,2706,第一店,TW0002706009,1991-06-25,上市,觀光事業,ESVUFR
451,2707,晶華,TW0002707007,1998-03-09,上市,觀光事業,ESVUFR
452,2712,遠雄來,TW0002712007,2013-12-03,上市,觀光事業,ESVUFR
453,2722,夏都,TW0002722006,2012-03-14,上市,觀光事業,ESVUFR
454,2723,美食-KY,KYG4002A1004,2010-11-22,上市,觀光事業,ESVUFR
455,2727,王品,TW0002727005,2012-03-06,上市,觀光事業,ESVUFR
456,2731,雄獅,TW0002731007,2013-09-24,上市,觀光事業,ESVUFR
457,2739,寒舍,TW0002739000,2016-05-19,上市,觀光事業,ESVUFR
458,2748,雲品,TW0002748001,2016-11-23,上市,觀光事業,ESVUFR
459,2801,彰銀,TW0002801008,1962-02-15,上市,金融保險業,ESVUFR
460,2809,京城銀,TW0002809001,1983-07-20,上市,金融保險業,ESVUFR
461,2812,台中銀,TW0002812005,1984-05-15,上市,金融保險業,ESVUFR
462,2816,旺旺保,TW0002816006,1992-05-05,上市,金融保險業,ESVUFR
463,2820,華票,TW0002820008,1994-10-26,上市,金融保險業,ESVUFR
464,2823,中壽,TW0002823002,1995-02-08,上市,金融保險業,ESVUFR
465,2832,台產,TW0002832003,1997-09-30,上市,金融保險業,ESVUFR
466,2834,臺企銀,TW0002834009,1998-01-03,上市,金融保險業,ESVUFR
467,2836,高雄銀,TW0002836004,1998-05-18,上市,金融保險業,ESVUFR
468,2838,聯邦銀,TW0002838000,1998-06-29,上市,金融保險業,ESVUFR
469,2841,台開,TW0002841004,1999-01-08,上市,建材營造業,ESVUFR
470,2845,遠東銀,TW0002845005,1998-11-27,上市,金融保險業,ESVUFR
471,2849,安泰銀,TW0002849007,1999-09-27,上市,金融保險業,ESVUFR
472,2850,新產,TW0002850005,2000-05-22,上市,金融保險業,ESVUFR
473,2851,中再保,TW0002851003,2000-07-06,上市,金融保險業,ESVUFR
474,2852,第一保,TW0002852001,2000-11-28,上市,金融保險業,ESVUFR
475,2855,統一證,TW0002855004,2002-09-16,上市,金融保險業,ESVUFR
476,2867,三商壽,TW0002867009,2012-12-18,上市,金融保險業,ESVUFR
477,2880,華南金,TW0002880002,2001-12-19,上市,金融保險業,ESVUFR
478,2881,富邦金,TW0002881000,2001-12-19,上市,金融保險業,ESVUFR
479,2882,國泰金,TW0002882008,2001-12-31,上市,金融保險業,ESVUFR
480,2883,開發金,TW0002883006,2001-12-28,上市,金融保險業,ESVUFR
481,2884,玉山金,TW0002884004,2002-01-28,上市,金融保險業,ESVUFR
482,2885,元大金,TW0002885001,2002-02-04,上市,金融保險業,ESVUFR
483,2886,兆豐金,TW0002886009,2002-02-04,上市,金融保險業,ESVUFR
484,2887,台新金,TW0002887007,2002-02-18,上市,金融保險業,ESVUFR
485,2888,新光金,TW0002888005,2002-02-19,上市,金融保險業,ESVUFR
486,2889,國票金,TW0002889003,2002-03-26,上市,金融保險業,ESVUFR
487,2890,永豐金,TW0002890001,2002-05-09,上市,金融保險業,ESVUFR
488,2891,中信金,TW0002891009,2002-05-17,上市,金融保險業,ESVUFR
489,2892,第一金,TW0002892007,2003-01-02,上市,金融保險業,ESVUFR
490,2897,王道銀行,TW0002897006,2017-05-05,上市,金融保險業,ESVUFR
491,2901,欣欣,TW0002901006,1976-05-07,上市,貿易百貨業,ESVUFR
492,2903,遠百,TW0002903002,1978-10-11,上市,貿易百貨業,ESVUFR
493,2904,匯僑,TW0002904000,1983-01-05,上市,其他業,ESVUFR
494,2905,三商,TW0002905007,1988-09-19,上市,貿易百貨業,ESVUFR
495,2906,高林,TW0002906005,1989-12-26,上市,貿易百貨業,ESVUFR
496,2908,特力,TW0002908001,1993-02-18,上市,貿易百貨業,ESVUFR
497,2910,統領,TW0002910007,1996-12-30,上市,貿易百貨業,ESVUFR
498,2911,麗嬰房,TW0002911005,1997-01-18,上市,貿易百貨業,ESVUFR
499,2912,統一超,TW0002912003,1997-08-22,上市,貿易百貨業,ESVUFR
500,2913,農林,TW0002913001,1962-02-09,上市,貿易百貨業,ESVUFR
501,2915,潤泰全,TW0002915006,1977-07-20,上市,貿易百貨業,ESVUFR
502,2923,鼎固-KY,KYG8190L1095,2012-12-07,上市,建材營造業,ESVUFR
503,2929,淘帝-KY,KYG8922A1085,2013-12-30,上市,貿易百貨業,ESVUFR
504,2936,客思達-KY,KYG224031024,2016-09-26,上市,貿易百貨業,ESVUFR
505,2939,凱羿-KY,KYG108031074,2018-01-11,上市,貿易百貨業,ESVUFR
506,3002,歐格,TW0003002002,2002-01-23,上市,電腦及週邊設備業,ESVUFR
507,3003,健和興,TW0003003000,2002-02-19,上市,電子零組件業,ESVUFR
508,3004,豐達科,TW0003004008,2002-02-25,上市,鋼鐵工業,ESVUFR
509,3005,神基,TW0003005005,2002-02-25,上市,電腦及週邊設備業,ESVUFR
510,3006,晶豪科,TW0003006003,2002-03-04,上市,半導體業,ESVUFR
511,3008,大立光,TW0003008009,2002-03-11,上市,光電業,ESVUFR
512,3010,華立,TW0003010005,2002-07-22,上市,電子通路業,ESVUFR
513,3011,今皓,TW0003011003,2002-07-22,上市,電子零組件業,ESVUFR
514,3013,晟銘電,TW0003013009,2002-09-16,上市,電腦及週邊設備業,ESVUFR
515,3014,聯陽,TW0003014007,2002-10-29,上市,半導體業,ESVUFR
516,3015,全漢,TW0003015004,2002-10-16,上市,電子零組件業,ESVUFR
517,3016,嘉晶,TW0003016002,2002-12-24,上市,半導體業,ESVUFR
518,3017,奇鋐,TW0003017000,2002-09-27,上市,電腦及週邊設備業,ESVUFR
519,3018,同開,TW0003018008,2002-08-26,上市,其他電子業,ESVUFR
520,3019,亞光,TW0003019006,2002-08-26,上市,光電業,ESVUFR
521,3021,鴻名,TW0003021002,2002-08-26,上市,電子零組件業,ESVUFR
522,3022,威強電,TW0003022000,2002-08-26,上市,電腦及週邊設備業,ESVUFR
523,3023,信邦,TW0003023008,2002-08-26,上市,電子零組件業,ESVUFR
524,3024,憶聲,TW0003024006,2002-08-26,上市,光電業,ESVUFR
525,3025,星通,TW0003025003,2002-08-26,上市,通信網路業,ESVUFR
526,3026,禾伸堂,TW0003026001,2002-08-26,上市,電子零組件業,ESVUFR
527,3027,盛達,TW0003027009,2002-08-26,上市,通信網路業,ESVUFR
528,3028,增你強,TW0003028007,2002-08-26,上市,電子通路業,ESVUFR
529,3029,零壹,TW0003029005,2002-08-26,上市,資訊服務業,ESVUFR
530,3030,德律,TW0003030003,2002-10-29,上市,其他電子業,ESVUFR
531,3031,佰鴻,TW0003031001,2002-08-26,上市,光電業,ESVUFR
532,3032,偉訓,TW0003032009,2002-08-26,上市,電子零組件業,ESVUFR
533,3033,威健,TW0003033007,2002-08-26,上市,電子通路業,ESVUFR
534,3034,聯詠,TW0003034005,2002-08-26,上市,半導體業,ESVUFR
535,3035,智原,TW0003035002,2002-08-26,上市,半導體業,ESVUFR
536,3036,文曄,TW0003036000,2002-08-26,上市,電子通路業,ESVUFR
537,3037,欣興,TW0003037008,2002-08-26,上市,電子零組件業,ESVUFR
538,3038,全台,TW0003038006,2002-08-26,上市,光電業,ESVUFR
539,3040,遠見,TW0003040002,2002-08-26,上市,其他業,ESVUFR
540,3041,揚智,TW0003041000,2002-08-26,上市,半導體業,ESVUFR
541,3042,晶技,TW0003042008,2002-08-26,上市,電子零組件業,ESVUFR
542,3043,科風,TW0003043006,2002-08-26,上市,其他電子業,ESVUFR
543,3044,健鼎,TW0003044004,2002-08-26,上市,電子零組件業,ESVUFR
544,3045,台灣大,TW0003045001,2002-08-26,上市,通信網路業,ESVUFR
545,3046,建碁,TW0003046009,2002-08-26,上市,電腦及週邊設備業,ESVUFR
546,3047,訊舟,TW0003047007,2002-08-26,上市,通信網路業,ESVUFR
547,3048,益登,TW0003048005,2002-10-01,上市,電子通路業,ESVUFR
548,3049,和鑫,TW0003049003,2002-09-27,上市,光電業,ESVUFR
549,3050,鈺德,TW0003050001,2002-10-29,上市,光電業,ESVUFR
550,3051,力特,TW0003051009,2002-10-28,上市,光電業,ESVUFR
551,3052,夆典,TW0003052007,1995-11-25,上市,建材營造業,ESVUFR
552,3054,立萬利,TW0003054003,2002-11-18,上市,半導體業,ESVUFR
553,3055,蔚華科,TW0003055000,2002-12-12,上市,電子通路業,ESVUFR
554,3056,總太,TW0003056008,2003-03-03,上市,建材營造業,ESVUFR
555,3057,喬鼎,TW0003057006,2002-12-18,上市,電腦及週邊設備業,ESVUFR
556,3058,立德,TW0003058004,2002-12-09,上市,電子零組件業,ESVUFR
557,3059,華晶科,TW0003059002,2002-12-24,上市,光電業,ESVUFR
558,3060,銘異,TW0003060000,2003-04-21,上市,電腦及週邊設備業,ESVUFR
559,3062,建漢,TW0003062006,2003-07-28,上市,通信網路業,ESVUFR
560,3090,日電貿,TW0003090007,2007-12-31,上市,電子零組件業,ESVUFR
561,3094,聯傑,TW0003094009,2007-08-06,上市,半導體業,ESVUFR
562,3130,一零四,TW0003130001,2006-02-17,上市,資訊服務業,ESVUFR
563,3138,耀登,TW0003138004,2020-12-11,上市,通信網路業,ESVUFR
564,3149,正達,TW0003149001,2011-11-23,上市,光電業,ESVUFR
565,3164,景岳,TW0003164000,2010-03-22,上市,生技醫療業,ESVUFR
566,3167,大量,TW0003167003,2013-10-21,上市,電機機械,ESVUFR
567,3189,景碩,TW0003189007,2004-11-01,上市,半導體業,ESVUFR
568,3209,全科,TW0003209003,2008-11-26,上市,電子通路業,ESVUFR
569,3229,晟鈦,TW0003229001,2009-12-31,上市,電子零組件業,ESVUFR
570,3231,緯創,TW0003231007,2003-08-19,上市,電腦及週邊設備業,ESVUFR
571,3257,虹冠電,TW0003257002,2011-03-21,上市,半導體業,ESVUFR
572,3266,昇陽,TW0003266003,2014-12-24,上市,建材營造業,ESVUFR
573,3296,勝德,TW0003296000,2007-12-31,上市,電子零組件業,ESVUFR
574,3305,昇貿,TW0003305009,2008-07-10,上市,其他電子業,ESVUFR
575,3308,聯德,TW0003308003,2008-03-12,上市,電子零組件業,ESVUFR
576,3311,閎暉,TW0003311007,2004-03-08,上市,通信網路業,ESVUFR
577,3312,弘憶股,TW0003312005,2010-12-29,上市,電子通路業,ESVUFR
578,3321,同泰,TW0003321006,2015-12-15,上市,電子零組件業,ESVUFR
579,3338,泰碩,TW0003338000,2013-12-13,上市,電子零組件業,ESVUFR
580,3346,麗清,TW0003346003,2016-12-19,上市,汽車工業,ESVUFR
581,3356,奇偶,TW0003356002,2005-03-28,上市,光電業,ESVUFR
582,3376,新日興,TW0003376000,2007-12-31,上市,電子零組件業,ESVUFR
583,3380,明泰,TW0003380002,2004-12-20,上市,通信網路業,ESVUFR
584,3383,新世紀,TW0003383006,2007-12-10,上市,光電業,ESVUFR
585,3406,玉晶光,TW0003406005,2005-12-20,上市,光電業,ESVUFR
586,3413,京鼎,TW0003413001,2015-07-28,上市,半導體業,ESVUFR
587,3416,融程電,TW0003416004,2015-01-23,上市,電腦及週邊設備業,ESVUFR
588,3419,譁裕,TW0003419008,2008-01-21,上市,通信網路業,ESVUFR
589,3432,台端,TW0003432001,2010-12-30,上市,電子零組件業,ESVUFR
590,3437,榮創,TW0003437000,2014-07-09,上市,光電業,ESVUFR
591,3443,創意,TW0003443008,2006-11-03,上市,半導體業,ESVUFR
592,3450,聯鈞,TW0003450003,2006-04-12,上市,其他電子業,ESVUFR
593,3454,晶睿,TW0003454005,2011-07-22,上市,光電業,ESVUFR
594,3481,群創,TW0003481008,2006-10-24,上市,光電業,ESVUFR
595,3494,誠研,TW0003494001,2007-12-13,上市,電腦及週邊設備業,ESVUFR
596,3501,維熹,TW0003501003,2007-09-20,上市,電子零組件業,ESVUFR
597,3504,揚明光,TW0003504007,2007-01-26,上市,光電業,ESVUFR
598,3515,華擎,TW0003515003,2007-11-08,上市,電腦及週邊設備業,ESVUFR
599,3518,柏騰,TW0003518007,2007-11-28,上市,其他電子業,ESVUFR
600,3528,安馳,TW0003528006,2016-05-18,上市,電子通路業,ESVUFR
601,3530,晶相光,TW0003530002,2018-07-16,上市,半導體業,ESVUFR
602,3532,台勝科,TW0003532008,2007-12-10,上市,半導體業,ESVUFR
603,3533,嘉澤,TW0003533006,2007-12-10,上市,電子零組件業,ESVUFR
604,3535,晶彩科,TW0003535001,2008-01-31,上市,光電業,ESVUFR
605,3536,誠創,TW0003536009,2008-04-30,上市,半導體業,ESVUFR
606,3543,州巧,TW0003543005,2020-04-15,上市,光電業,ESVUFR
607,3545,敦泰,TW0003545000,2007-07-03,上市,半導體業,ESVUFR
608,3550,聯穎,TW0003550000,2010-11-10,上市,電子零組件業,ESVUFR
609,3557,嘉威,TW0003557005,2008-02-27,上市,其他業,ESVUFR
610,3563,牧德,TW0003563003,2019-04-02,上市,光電業,ESVUFR
611,3576,聯合再生,TW0003576005,2009-01-12,上市,光電業,ESVUFR
612,3583,辛耘,TW0003583001,2013-03-12,上市,半導體業,ESVUFR
613,3588,通嘉,TW0003588000,2009-08-14,上市,半導體業,ESVUFR
614,3591,艾笛森,TW0003591004,2010-11-12,上市,光電業,ESVUFR
615,3593,力銘,TW0003593000,2009-03-16,上市,電子零組件業,ESVUFR
616,3596,智易,TW0003596003,2009-03-11,上市,通信網路業,ESVUFR
617,3605,宏致,TW0003605002,2009-03-26,上市,電子零組件業,ESVUFR
618,3607,谷崧,TW0003607008,2009-10-28,上市,電子零組件業,ESVUFR
619,3617,碩天,TW0003617007,2009-12-23,上市,其他電子業,ESVUFR
620,3622,洋華,TW0003622007,2009-03-25,上市,光電業,ESVUFR
621,3645,達邁,TW0003645008,2011-10-05,上市,電子零組件業,ESVUFR
622,3653,健策,TW0003653002,2009-11-18,上市,電子零組件業,ESVUFR
623,3661,世芯-KY,KYG022421088,2014-10-28,上市,半導體業,ESVUFR
624,3665,貿聯-KY,KYG114741062,2011-04-21,上市,其他電子業,ESVUFR
625,3669,圓展,TW0003669008,2011-08-25,上市,光電業,ESVUFR
626,3679,新至陞,TW0003679007,2011-10-05,上市,電子零組件業,ESVUFR
627,3682,亞太電,TW0003682001,2013-08-05,上市,通信網路業,ESVUFR
628,3686,達能,TW0003686002,2010-07-20,上市,半導體業,ESVUFR
629,3694,海華,TW0003694006,2011-05-03,上市,通信網路業,ESVUFR
630,3701,大眾控,TW0003701009,2004-08-30,上市,電腦及週邊設備業,ESVUFR
631,3702,大聯大,TW0003702007,2005-11-09,上市,電子通路業,ESVUFR
632,3703,欣陸,TW0003703005,2010-04-08,上市,建材營造業,ESVUFR
633,3704,合勤控,TW0003704003,2010-08-16,上市,通信網路業,ESVUFR
634,3705,永信,TW0003705000,2011-01-03,上市,生技醫療業,ESVUFR
635,3706,神達,TW0003706008,2013-09-12,上市,電腦及週邊設備業,ESVUFR
636,3708,上緯投控,TW0003708004,2016-08-31,上市,化學工業,ESVUFR
637,3711,日月光投控,TW0003711008,2018-04-30,上市,半導體業,ESVUFR
638,3712,永崴投控,TW0003712006,2018-10-01,上市,電腦及週邊設備業,ESVUFR
639,3714,富采,TW0003714002,2021-01-06,上市,光電業,ESVUFR
640,4104,佳醫,TW0004104005,2007-12-31,上市,生技醫療業,ESVUFR
641,4106,雃博,TW0004106000,2004-11-08,上市,生技醫療業,ESVUFR
642,4108,懷特,TW0004108006,2008-07-16,上市,生技醫療業,ESVUFR
643,4119,旭富,TW0004119003,2004-01-07,上市,生技醫療業,ESVUFR
644,4133,亞諾法,TW0004133004,2009-12-28,上市,生技醫療業,ESVUFR
645,4137,麗豐-KY,KYG211641017,2013-11-27,上市,生技醫療業,ESVUFR
646,4141,龍燈-KY,KYG7644E1098,2012-04-25,上市,生技醫療業,ESVUFR
647,4142,國光生,TW0004142005,2012-05-03,上市,生技醫療業,ESVUFR
648,4148,全宇生技-KY,KYG0232P1072,2017-06-08,上市,生技醫療業,ESVUFR
649,4155,訊映,TW0004155007,2017-12-05,上市,生技醫療業,ESVUFR
650,4164,承業醫,TW0004164009,2012-10-24,上市,生技醫療業,ESVUFR
651,4190,佐登-KY,KYG518761039,2015-10-21,上市,生技醫療業,ESVUFR
652,4306,炎洲,TW0004306006,2008-01-21,上市,塑膠工業,ESVUFR
653,4414,如興,TW0004414008,2004-09-06,上市,紡織纖維,ESVUFR
654,4426,利勤,TW0004426002,2011-12-16,上市,紡織纖維,ESVUFR
655,4438,廣越,TW0004438007,2016-10-18,上市,紡織纖維,ESVUFR
656,4439,冠星-KY,KYG9114F1037,2019-12-05,上市,紡織纖維,ESVUFR
657,4526,東台,TW0004526009,2003-09-15,上市,電機機械,ESVUFR
658,4532,瑞智,TW0004532007,2003-08-04,上市,電機機械,ESVUFR
659,4536,拓凱,TW0004536008,2013-10-09,上市,其他業,ESVUFR
660,4540,全球傳動,TW0004540000,2018-08-15,上市,電機機械,ESVUFR
661,4545,銘鈺,TW0004545009,2016-01-06,上市,電子零組件業,ESVUFR
662,4551,智伸科,TW0004551007,2015-08-10,上市,汽車工業,ESVUFR
663,4552,力達-KY,KYG5479W1033,2016-07-20,上市,電機機械,ESVUFR
664,4555,氣立,TW0004555008,2015-10-27,上市,電機機械,ESVUFR
665,4557,永新-KY,KYG988461011,2015-10-12,上市,汽車工業,ESVUFR
666,4560,強信-KY,KYG853531039,2017-05-26,上市,電機機械,ESVUFR
667,4562,穎漢,TW0004562004,2017-08-21,上市,電機機械,ESVUFR
668,4564,元翎,TW0004564000,2019-03-07,上市,電機機械,ESVUFR
669,4566,時碩工業,TW0004566005,2018-02-05,上市,電機機械,ESVUFR
670,4571,鈞興-KY,KYG5258M1024,2019-09-17,上市,電機機械,ESVUFR
671,4572,駐龍,TW0004572003,2019-09-10,上市,電機機械,ESVUFR
672,4576,大銀微系統,TW0004576004,2019-09-04,上市,電機機械,ESVUFR
673,4581,光隆精密-KY,KYG977291007,2020-03-09,上市,汽車工業,ESVUFR
674,4720,德淵,TW0004720008,2015-06-24,上市,化學工業,ESVUFR
675,4722,國精化,TW0004722004,2012-08-15,上市,化學工業,ESVUFR
676,4737,華廣,TW0004737002,2010-12-23,上市,生技醫療業,ESVUFR
677,4739,康普,TW0004739008,2017-09-08,上市,化學工業,ESVUFR
678,4746,台耀,TW0004746003,2011-03-01,上市,生技醫療業,ESVUFR
679,4755,三福化,TW0004755004,2013-11-27,上市,化學工業,ESVUFR
680,4763,材料-KY,KYG5138S1057,2015-11-09,上市,化學工業,ESVUFR
681,4764,雙鍵,TW0004764006,2018-01-04,上市,化學工業,ESVUFR
682,4766,南寶,TW0004766001,2018-11-28,上市,化學工業,ESVUFR
683,4807,日成-KY,KYG7473R1065,2017-06-26,上市,貿易百貨業,ESVUFR
684,4904,遠傳,TW0004904008,2005-08-24,上市,通信網路業,ESVUFR
685,4906,正文,TW0004906003,2003-06-30,上市,通信網路業,ESVUFR
686,4912,聯德控股-KY,KYG545091079,2015-05-21,上市,電子零組件業,ESVUFR
687,4915,致伸,TW0004915004,2012-10-05,上市,電子零組件業,ESVUFR
688,4916,事欣科,TW0004916002,2013-11-21,上市,電腦及週邊設備業,ESVUFR
689,4919,新唐,TW0004919006,2010-09-27,上市,半導體業,ESVUFR
690,4927,泰鼎-KY,KYG0407M1033,2015-09-08,上市,電子零組件業,ESVUFR
691,4930,燦星網,TW0004930003,2010-06-21,上市,電器電纜,ESVUFR
692,4934,太極,TW0004934005,2010-03-10,上市,光電業,ESVUFR
693,4935,茂林-KY,KYG3931M1024,2011-07-28,上市,光電業,ESVUFR
694,4938,和碩,TW0004938006,2010-06-24,上市,電腦及週邊設備業,ESVUFR
695,4942,嘉彰,TW0004942008,2011-06-27,上市,光電業,ESVUFR
696,4943,康控-KY,KYG2346M1033,2016-11-11,上市,電子零組件業,ESVUFR
697,4952,凌通,TW0004952007,2011-11-01,上市,半導體業,ESVUFR
698,4956,光鋐,TW0004956008,2011-10-24,上市,光電業,ESVUFR
699,4958,臻鼎-KY,KYG989221000,2011-12-26,上市,電子零組件業,ESVUFR
700,4960,誠美材,TW0004960000,2011-10-24,上市,光電業,ESVUFR
701,4961,天鈺,TW0004961008,2018-10-17,上市,半導體業,ESVUFR
702,4967,十銓,TW0004967005,2019-01-14,上市,半導體業,ESVUFR
703,4968,立積,TW0004968003,2015-11-13,上市,半導體業,ESVUFR
704,4976,佳凌,TW0004976006,2012-11-20,上市,光電業,ESVUFR
705,4977,眾達-KY,KYG6956N1034,2013-11-20,上市,通信網路業,ESVUFR
706,4989,榮科,TW0004989009,2018-06-28,上市,電子零組件業,ESVUFR
707,4994,傳奇,TW0004994009,2013-12-25,上市,資訊服務業,ESVUFR
708,4999,鑫禾,TW0004999008,2013-06-03,上市,電子零組件業,ESVUFR
709,5007,三星,TW0005007009,2011-09-16,上市,鋼鐵工業,ESVUFR
710,5203,訊連,TW0005203004,2004-09-27,上市,資訊服務業,ESVUFR
711,5215,科嘉-KY,KYG530791022,2011-12-26,上市,電腦及週邊設備業,ESVUFR
712,5225,東科-KY,KYG291021031,2012-11-05,上市,其他電子業,ESVUFR
713,5234,達興材料,TW0005234009,2012-07-16,上市,光電業,ESVUFR
714,5243,乙盛-KY,KYG312361051,2013-11-25,上市,光電業,ESVUFR
715,5258,虹堡,TW0005258008,2016-12-30,上市,電腦及週邊設備業,ESVUFR
716,5269,祥碩,TW0005269005,2012-12-12,上市,半導體業,ESVUFR
717,5283,禾聯碩,TW0005283006,2019-05-24,上市,電器電纜,ESVUFR
718,5284,jpp-KY,KYG521131006,2017-03-09,上市,其他業,ESVUFR
719,5285,界霖,TW0005285001,2014-02-25,上市,半導體業,ESVUFR
720,5288,豐祥-KY,KYG314551014,2014-09-25,上市,電機機械,ESVUFR
721,5388,中磊,TW0005388003,2007-12-03,上市,通信網路業,ESVUFR
722,5434,崇越,TW0005434005,2003-08-25,上市,電子通路業,ESVUFR
723,5469,瀚宇博,TW0005469001,2003-08-25,上市,電子零組件業,ESVUFR
724,5471,松翰,TW0005471007,2003-08-25,上市,半導體業,ESVUFR
725,5484,慧友,TW0005484000,2003-08-25,上市,光電業,ESVUFR
726,5515,建國,TW0005515001,2003-10-06,上市,建材營造業,ESVUFR
727,5519,隆大,TW0005519003,2014-02-10,上市,建材營造業,ESVUFR
728,5521,工信,TW0005521009,2012-12-18,上市,建材營造業,ESVUFR
729,5522,遠雄,TW0005522007,2007-08-06,上市,建材營造業,ESVUFR
730,5525,順天,TW0005525000,2004-11-26,上市,建材營造業,ESVUFR
731,5531,鄉林,TW0005531008,2005-01-31,上市,建材營造業,ESVUFR
732,5533,皇鼎,TW0005533004,2008-04-30,上市,建材營造業,ESVUFR
733,5534,長虹,TW0005534002,2004-05-24,上市,建材營造業,ESVUFR
734,5538,東明-KY,KYG8919A1031,2013-12-16,上市,鋼鐵工業,ESVUFR
735,5546,永固-KY,KYG566541093,2020-05-20,上市,建材營造業,ESVUFR
736,5607,遠雄港,TW0005607006,2004-12-02,上市,航運業,ESVUFR
737,5608,四維航,TW0005608004,2003-08-25,上市,航運業,ESVUFR
738,5706,鳳凰,TW0005706006,2011-10-21,上市,觀光事業,ESVUFR
739,5871,中租-KY,KYG202881093,2011-12-13,上市,其他業,ESVUFR
740,5876,上海商銀,TW0005876007,2018-10-19,上市,金融保險業,ESVUFR
741,5880,合庫金,TW0005880009,2011-12-01,上市,金融保險業,ESVUFR
742,5906,台南-KY,KYG8661M1078,2011-10-24,上市,貿易百貨業,ESVUFR
743,5907,大洋-KY,KYG4064G1029,2012-06-06,上市,貿易百貨業,ESVUFR
744,6005,群益證,TW0006005002,2005-11-21,上市,金融保險業,ESVUFR
745,6024,群益期,TW0006024003,2017-10-16,上市,金融保險業,ESVUFR
746,6108,競國,TW0006108004,2008-12-30,上市,電子零組件業,ESVUFR
747,6112,聚碩,TW0006112006,2003-08-04,上市,資訊服務業,ESVUFR
748,6115,鎰勝,TW0006115009,2004-07-19,上市,電子零組件業,ESVUFR
749,6116,彩晶,TW0006116007,2004-09-06,上市,光電業,ESVUFR
750,6117,迎廣,TW0006117005,2003-08-25,上市,電腦及週邊設備業,ESVUFR
751,6120,達運,TW0006120009,2006-09-13,上市,光電業,ESVUFR
752,6128,上福,TW0006128002,2003-06-16,上市,電腦及週邊設備業,ESVUFR
753,6131,鈞泰,TW0006131006,2004-09-27,上市,光電業,ESVUFR
754,6133,金橋,TW0006133002,2003-08-15,上市,電子零組件業,ESVUFR
755,6136,富爾特,TW0006136005,2003-08-25,上市,通信網路業,ESVUFR
756,6139,亞翔,TW0006139009,2003-08-25,上市,其他電子業,ESVUFR
757,6141,柏承,TW0006141005,2003-10-22,上市,電子零組件業,ESVUFR
758,6142,友勁,TW0006142003,2003-08-04,上市,通信網路業,ESVUFR
759,6152,百一,TW0006152002,2009-12-08,上市,通信網路業,ESVUFR
760,6153,嘉聯益,TW0006153000,2008-01-21,上市,電子零組件業,ESVUFR
761,6155,鈞寶,TW0006155005,2006-08-18,上市,電子零組件業,ESVUFR
762,6164,華興,TW0006164007,2008-10-21,上市,光電業,ESVUFR
763,6165,浪凡,TW0006165004,2003-08-04,上市,電子零組件業,ESVUFR
764,6166,凌華,TW0006166002,2004-11-08,上市,電腦及週邊設備業,ESVUFR
765,6168,宏齊,TW0006168008,2003-08-25,上市,光電業,ESVUFR
766,6172,互億,TW0006172000,2004-05-24,上市,電腦及週邊設備業,ESVUFR
767,6176,瑞儀,TW0006176001,2007-05-15,上市,光電業,ESVUFR
768,6177,達麗,TW0006177009,2013-08-01,上市,建材營造業,ESVUFR
769,6183,關貿,TW0006183007,2011-12-01,上市,資訊服務業,ESVUFR
770,6184,大豐電,TW0006184005,2005-02-15,上市,其他業,ESVUFR
771,6189,豐藝,TW0006189004,2004-05-24,上市,電子通路業,ESVUFR
772,6191,精成科,TW0006191000,2007-10-19,上市,電子零組件業,ESVUFR
773,6192,巨路,TW0006192008,2004-09-27,上市,其他電子業,ESVUFR
774,6196,帆宣,TW0006196009,2004-05-24,上市,其他電子業,ESVUFR
775,6197,佳必琪,TW0006197007,2004-11-08,上市,電子零組件業,ESVUFR
776,6201,亞弘電,TW0006201007,2004-09-27,上市,其他電子業,ESVUFR
777,6202,盛群,TW0006202005,2004-09-27,上市,半導體業,ESVUFR
778,6205,詮欣,TW0006205008,2008-01-21,上市,電子零組件業,ESVUFR
779,6206,飛捷,TW0006206006,2004-08-03,上市,電腦及週邊設備業,ESVUFR
780,6209,今國光,TW0006209000,2004-11-08,上市,光電業,ESVUFR
781,6213,聯茂,TW0006213002,2008-01-21,上市,電子零組件業,ESVUFR
782,6214,精誠,TW0006214000,2010-12-30,上市,資訊服務業,ESVUFR
783,6215,和椿,TW0006215007,2007-12-31,上市,其他電子業,ESVUFR
784,6216,居易,TW0006216005,2004-09-27,上市,通信網路業,ESVUFR
785,6224,聚鼎,TW0006224009,2009-09-17,上市,電子零組件業,ESVUFR
786,6225,天瀚,TW0006225006,2004-09-27,上市,光電業,ESVUFR
787,6226,光鼎,TW0006226004,2008-11-10,上市,光電業,ESVUFR
788,6230,尼得科超眾,TW0006230006,2010-09-16,上市,電腦及週邊設備業,ESVUFR
789,6235,華孚,TW0006235005,2004-08-23,上市,電腦及週邊設備業,ESVUFR
790,6239,力成,TW0006239007,2004-11-08,上市,半導體業,ESVUFR
791,6243,迅杰,TW0006243009,2009-12-17,上市,半導體業,ESVUFR
792,6251,定穎,TW0006251002,2009-03-18,上市,電子零組件業,ESVUFR
793,6257,矽格,TW0006257009,2003-08-25,上市,半導體業,ESVUFR
794,6269,台郡,TW0006269004,2003-09-23,上市,電子零組件業,ESVUFR
795,6271,同欣電,TW0006271000,2007-11-16,上市,半導體業,ESVUFR
796,6277,宏正,TW0006277007,2003-10-30,上市,電腦及週邊設備業,ESVUFR
797,6278,台表科,TW0006278005,2010-08-24,上市,光電業,ESVUFR
798,6281,全國電,TW0006281009,2005-12-08,上市,電子通路業,ESVUFR
799,6282,康舒,TW0006282007,2003-09-08,上市,電子零組件業,ESVUFR
800,6283,淳安,TW0006283005,2008-01-21,上市,其他電子業,ESVUFR
801,6285,啟碁,TW0006285000,2003-09-22,上市,通信網路業,ESVUFR
802,6288,聯嘉,TW0006288004,2018-05-09,上市,汽車工業,ESVUFR
803,6289,華上,TW0006289002,2003-08-28,上市,光電業,ESVUFR
804,6405,悅城,TW0006405004,2013-11-28,上市,光電業,ESVUFR
805,6409,旭隼,TW0006409006,2014-03-31,上市,其他電子業,ESVUFR
806,6412,群電,TW0006412000,2013-11-08,上市,電子零組件業,ESVUFR
807,6414,樺漢,TW0006414006,2014-03-28,上市,電腦及週邊設備業,ESVUFR
808,6415,矽力-KY,KYG8190F1028,2013-12-12,上市,半導體業,ESVUFR
809,6416,瑞祺電通,TW0006416001,2018-04-16,上市,通信網路業,ESVUFR
810,6426,統新,TW0006426000,2021-03-24,上市,通信網路業,ESVUFR
811,6431,光麗-KY,KYG532651075,2014-12-04,上市,光電業,ESVUFR
812,6438,迅得,TW0006438005,2021-01-19,上市,其他電子業,ESVUFR
813,6442,光聖,TW0006442007,2015-07-14,上市,通信網路業,ESVUFR
814,6443,元晶,TW0006443005,2015-10-01,上市,光電業,ESVUFR
815,6449,鈺邦,TW0006449002,2014-12-09,上市,電子零組件業,ESVUFR
816,6451,訊芯-KY,KYG811801045,2015-01-26,上市,半導體業,ESVUFR
817,6456,GIS-KY,KYG3808R1011,2015-06-12,上市,光電業,ESVUFR
818,6464,台數科,TW0006464001,2015-12-16,上市,其他業,ESVUFR
819,6477,安集,TW0006477003,2016-06-21,上市,光電業,ESVUFR
820,6491,晶碩,TW0006491004,2019-10-07,上市,生技醫療業,ESVUFR
821,6504,南六,TW0006504004,2013-05-07,上市,其他業,ESVUFR
822,6505,台塑化,TW0006505001,2003-12-26,上市,油電燃氣業,ESVUFR
823,6515,穎崴,TW0006515000,2021-01-20,上市,半導體業,ESVUFR
824,6525,捷敏-KY,KYG3790U1040,2016-04-12,上市,半導體業,ESVUFR
825,6531,愛普,TW0006531007,2016-05-31,上市,半導體業,ESVUFR
826,6533,晶心科,TW0006533003,2017-03-14,上市,半導體業,ESVUFR
827,6541,泰福-KY,KYG8676P1037,2017-10-26,上市,生技醫療業,ESVUFR
828,6552,易華電,TW0006552003,2017-01-10,上市,半導體業,ESVUFR
829,6558,興能高,TW0006558000,2018-12-05,上市,其他電子業,ESVUFR
830,6573,虹揚-KY,KYG4712A1013,2017-09-26,上市,半導體業,ESVUFR
831,6579,研揚,TW0006579006,2017-08-21,上市,電腦及週邊設備業,ESVUFR
832,6581,鋼聯,TW0006581002,2018-01-30,上市,其他業,ESVUFR
833,6582,申豐,TW0006582000,2017-06-14,上市,橡膠工業,ESVUFR
834,6591,動力-KY,KYG8587R1074,2017-12-28,上市,電腦及週邊設備業,ESVUFR
835,6592,和潤企業,TW0006592009,2019-12-09,上市,其他業,ESVUFR
836,6598,ABC-KY,KYG0488D1051,2020-06-09,上市,生技醫療業,ESVUFR
837,6605,帝寶,TW0006605009,2004-03-17,上市,汽車工業,ESVUFR
838,6625,必應,TW0006625007,2018-02-07,上市,其他業,ESVUFR
839,6641,基士德-KY,KYG416551045,2018-09-21,上市,其他業,ESVUFR
840,6655,科定,TW0006655004,2018-11-28,上市,其他業,ESVUFR
841,6666,羅麗芬-KY,KYG569831020,2018-11-19,上市,生技醫療業,ESVUFR
842,6668,中揚光,TW0006668007,2018-12-12,上市,光電業,ESVUFR
843,6669,緯穎,TW0006669005,2019-03-27,上市,電腦及週邊設備業,ESVUFR
844,6670,復盛應用,TW0006670003,2018-12-18,上市,其他業,ESVUFR
845,6671,三能-KY,KYG7806W1033,2018-12-11,上市,其他業,ESVUFR
846,6672,騰輝電子-KY,KYG9353A1040,2019-04-17,上市,電子零組件業,ESVUFR
847,6674,鋐寶科技,TW0006674005,2018-11-28,上市,通信網路業,ESVUFR
848,6698,旭暉應材,TW0006698004,2019-11-25,上市,其他電子業,ESVUFR
849,6706,惠特,TW0006706005,2019-12-19,上市,光電業,ESVUFR
850,6715,嘉基,TW0006715006,2019-12-12,上市,電子零組件業,ESVUFR
851,6743,安普新,TW0006743008,2020-12-14,上市,其他電子業,ESVUFR
852,6754,匯僑設計,TW0006754005,2020-08-25,上市,其他業,ESVUFR
853,6756,威鋒電子,TW0006756000,2020-12-24,上市,半導體業,ESVUFR
854,6776,展碁國際,TW0006776008,2021-03-31,上市,電子通路業,ESVUFR
855,6781,AES-KY,KYG0097V1086,2021-03-22,上市,電子零組件業,ESVUFR
856,8011,台通,TW0008011008,2011-09-19,上市,通信網路業,ESVUFR
857,8016,矽創,TW0008016007,2003-12-25,上市,半導體業,ESVUFR
858,8021,尖點,TW0008021007,2008-01-21,上市,其他電子業,ESVUFR
859,8028,昇陽半導體,TW0008028002,2018-07-10,上市,半導體業,ESVUFR
860,8033,雷虎,TW0008033002,2007-06-21,上市,其他業,ESVUFR
861,8039,台虹,TW0008039009,2009-12-17,上市,電子零組件業,ESVUFR
862,8046,南電,TW0008046004,2006-04-07,上市,電子零組件業,ESVUFR
863,8070,長華*,TW0008070004,2007-12-31,上市,電子通路業,ESVUFR
864,8072,陞泰,TW0008072000,2005-08-19,上市,電子通路業,ESVUFR
865,8081,致新,TW0008081001,2008-12-30,上市,半導體業,ESVUFR
866,8101,華冠,TW0008101007,2004-07-01,上市,通信網路業,ESVUFR
867,8103,瀚荃,TW0008103003,2009-09-29,上市,電子零組件業,ESVUFR
868,8104,錸寶,TW0008104001,2019-01-17,上市,光電業,ESVUFR
869,8105,凌巨,TW0008105008,2006-12-27,上市,光電業,ESVUFR
870,8110,華東,TW0008110008,2007-10-31,上市,半導體業,ESVUFR
871,8112,至上,TW0008112004,2007-12-31,上市,電子通路業,ESVUFR
872,8114,振樺電,TW0008114000,2012-11-26,上市,電腦及週邊設備業,ESVUFR
873,8131,福懋科,TW0008131004,2007-11-29,上市,半導體業,ESVUFR
874,8150,南茂,TW0008150004,2014-04-11,上市,半導體業,ESVUFR
875,8163,達方,TW0008163007,2007-11-28,上市,電腦及週邊設備業,ESVUFR
876,8201,無敵,TW0008201005,2007-10-29,上市,其他電子業,ESVUFR
877,8210,勤誠,TW0008210006,2011-12-01,上市,電腦及週邊設備業,ESVUFR
878,8213,志超,TW0008213000,2009-12-25,上市,電子零組件業,ESVUFR
879,8215,明基材,TW0008215005,2010-11-12,上市,光電業,ESVUFR
880,8222,寶一,TW0008222001,2015-01-27,上市,電機機械,ESVUFR
881,8249,菱光,TW0008249004,2005-05-17,上市,電子零組件業,ESVUFR
882,8261,富鼎,TW0008261009,2009-12-11,上市,半導體業,ESVUFR
883,8271,宇瞻,TW0008271008,2010-12-29,上市,半導體業,ESVUFR
884,8341,日友,TW0008341009,2015-03-23,上市,其他業,ESVUFR
885,8367,建新國際,TW0008367004,2018-09-12,上市,航運業,ESVUFR
886,8374,羅昇,TW0008374000,2008-12-25,上市,電機機械,ESVUFR
887,8404,百和興業-KY,KYG684631016,2011-05-18,上市,其他業,ESVUFR
888,8411,福貞-KY,KYG525911072,2011-11-01,上市,其他業,ESVUFR
889,8422,可寧衛,TW0008422007,2011-10-05,上市,其他業,ESVUFR
890,8427,基勝-KY,KYG525341072,2011-12-06,上市,其他業,ESVUFR
891,8429,金麗-KY,KYG513871015,2012-12-20,上市,貿易百貨業,ESVUFR
892,8442,威宏-KY,KYG981151015,2016-11-08,上市,其他業,ESVUFR
893,8443,阿瘦,TW0008443003,2014-09-15,上市,貿易百貨業,ESVUFR
894,8454,富邦媒,TW0008454000,2014-12-19,上市,貿易百貨業,ESVUFR
895,8462,柏文,TW0008462003,2019-03-15,上市,觀光事業,ESVUFR
896,8463,潤泰材,TW0008463001,2015-07-13,上市,其他業,ESVUFR
897,8464,億豐,TW0008464009,2015-12-22,上市,其他業,ESVUFR
898,8466,美吉吉-KY,KYG332481087,2016-11-01,上市,其他業,ESVUFR
899,8467,波力-KY,KYG144971044,2015-12-15,上市,其他業,ESVUFR
900,8473,山林水,TW0008473000,2016-09-08,上市,其他業,ESVUFR
901,8478,東哥遊艇,TW0008478009,2017-12-11,上市,其他業,ESVUFR
902,8480,泰昇-KY,KYG8661F1028,2017-01-17,上市,其他業,ESVUFR
903,8481,政伸,TW0008481003,2017-02-24,上市,其他業,ESVUFR
904,8482,商億-KY,KYG806341015,2018-08-15,上市,其他業,ESVUFR
905,8488,吉源-KY,KYG5140K1085,2016-12-13,上市,其他業,ESVUFR
906,8499,鼎炫-KY,KYG8923R1002,2017-11-24,上市,其他業,ESVUFR
907,8926,台汽電,TW0008926007,2003-08-25,上市,油電燃氣業,ESVUFR
908,8940,新天地,TW0008940008,2009-05-15,上市,觀光事業,ESVUFR
909,8996,高力,TW0008996000,2014-02-14,上市,電機機械,ESVUFR
910,9802,鈺齊-KY,KYG368891068,2012-10-18,上市,其他業,ESVUFR
911,9902,台火,TW0009902007,1964-07-14,上市,其他業,ESVUFR
912,9904,寶成,TW0009904003,1990-01-19,上市,其他業,ESVUFR
913,9905,大華,TW0009905000,1990-08-08,上市,其他業,ESVUFR
914,9906,欣巴巴,TW0009906008,1990-12-15,上市,建材營造業,ESVUFR
915,9907,統一實,TW0009907006,1991-01-29,上市,其他業,ESVUFR
916,9908,大台北,TW0009908004,1991-02-06,上市,油電燃氣業,ESVUFR
917,9910,豐泰,TW0009910000,1992-02-18,上市,其他業,ESVUFR
918,9911,櫻花,TW0009911008,1992-07-16,上市,其他業,ESVUFR
919,9912,偉聯,TW0009912006,1992-08-08,上市,電腦及週邊設備業,ESVUFR
920,9914,美利達,TW0009914002,1992-09-30,上市,其他業,ESVUFR
921,9917,中保科,TW0009917005,1993-12-08,上市,其他業,ESVUFR
922,9918,欣天然,TW0009918003,1994-04-26,上市,油電燃氣業,ESVUFR
923,9919,康那香,TW0009919001,1994-11-04,上市,其他業,ESVUFR
924,9921,巨大,TW0009921007,1994-12-29,上市,其他業,ESVUFR
925,9924,福興,TW0009924001,1995-03-15,上市,其他業,ESVUFR
926,9925,新保,TW0009925008,1995-12-09,上市,其他業,ESVUFR
927,9926,新海,TW0009926006,1998-04-08,上市,油電燃氣業,ESVUFR
928,9927,泰銘,TW0009927004,1999-03-12,上市,其他業,ESVUFR
929,9928,中視,TW0009928002,1999-08-09,上市,其他業,ESVUFR
930,9929,秋雨,TW0009929000,1999-06-28,上市,其他業,ESVUFR
931,9930,中聯資源,TW0009930008,1999-11-22,上市,其他業,ESVUFR
932,9931,欣高,TW0009931006,2000-03-21,上市,油電燃氣業,ESVUFR
933,9933,中鼎,TW0009933002,1993-05-28,上市,其他業,ESVUFR
934,9934,成霖,TW0009934000,2000-09-11,上市,其他業,ESVUFR
935,9935,慶豐富,TW0009935007,2000-09-11,上市,其他業,ESVUFR
936,9937,全國,TW0009937003,2000-09-11,上市,油電燃氣業,ESVUFR
937,9938,百和,TW0009938001,2001-01-12,上市,其他業,ESVUFR
938,9939,宏全,TW0009939009,2001-03-02,上市,其他業,ESVUFR
939,9940,信義,TW0009940007,2001-09-17,上市,其他業,ESVUFR
940,9941,裕融,TW0009941005,2001-09-17,上市,其他業,ESVUFR
941,9942,茂順,TW0009942003,2002-01-28,上市,其他業,ESVUFR
942,9943,好樂迪,TW0009943001,2002-08-26,上市,觀光事業,ESVUFR
943,9944,新麗,TW0009944009,2002-08-26,上市,其他業,ESVUFR
944,9945,潤泰新,TW0009945006,1992-04-30,上市,其他業,ESVUFR
945,9946,三發地產,TW0009946004,2013-09-17,上市,建材營造業,ESVUFR
946,9955,佳龍,TW0009955005,2008-01-21,上市,其他業,ESVUFR
947,9958,世紀鋼,TW0009958009,2008-03-12,上市,鋼鐵工業,ESVUFR
948,1240,茂生農經,TW0001240000,2018-08-08,上櫃,農業科技業,ESVUFR
949,1258,其祥-KY,KYG522401010,2011-12-12,上櫃,食品工業,ESVUFR
950,1259,安心,TW0001259000,2011-12-15,上櫃,觀光事業,ESVUFR
951,1264,德麥,TW0001264000,2015-04-09,上櫃,食品工業,ESVUFR
952,1268,漢來美食,TW0001268001,2017-09-27,上櫃,觀光事業,ESVUFR
953,1336,台翰,TW0001336006,2007-11-02,上櫃,電子零組件業,ESVUFR
954,1565,精華,TW0001565000,2004-03-30,上櫃,生技醫療業,ESVUFR
955,1569,濱川,TW0001569002,2005-07-29,上櫃,電腦及週邊設備業,ESVUFR
956,1570,力肯,TW0001570000,2005-06-30,上櫃,電機機械,ESVUFR
957,1580,新麥,TW0001580009,2007-12-10,上櫃,電機機械,ESVUFR
958,1584,精剛,TW0001584001,2007-11-28,上櫃,其他業,ESVUFR
959,1586,和勤,TW0001586006,2012-01-09,上櫃,電機機械,ESVUFR
960,1591,駿吉-KY,KYG4782L1023,2012-03-23,上櫃,電機機械,ESVUFR
961,1593,祺驊,TW0001593002,2012-06-13,上櫃,生技醫療業,ESVUFR
962,1595,川寶,TW0001595007,2011-10-04,上櫃,電子零組件業,ESVUFR
963,1599,宏佳騰,TW0001599009,2012-12-25,上櫃,電機機械,ESVUFR
964,1742,台蠟,TW0001742005,2004-05-14,上櫃,化學工業,ESVUFR
965,1752,南光,TW0001752004,2009-08-10,上櫃,生技醫療業,ESVUFR
966,1777,生泰,TW0001777001,2005-10-19,上櫃,生技醫療業,ESVUFR
967,1781,合世,TW0001781003,2004-12-24,上櫃,生技醫療業,ESVUFR
968,1784,訊聯,TW0001784007,2007-07-26,上櫃,生技醫療業,ESVUFR
969,1785,光洋科,TW0001785004,2005-01-31,上櫃,其他電子業,ESVUFR
970,1788,杏昌,TW0001788008,2009-07-20,上櫃,生技醫療業,ESVUFR
971,1796,金穎生技,TW0001796001,2018-01-22,上櫃,食品工業,ESVUFR
972,1799,易威,TW0001799005,2008-11-10,上櫃,生技醫療業,ESVUFR
973,1813,寶利徠,TW0001813004,2009-08-04,上櫃,生技醫療業,ESVUFR
974,1815,富喬,TW0001815009,2006-01-23,上櫃,電子零組件業,ESVUFR
975,2035,唐榮,TW0002035003,2006-07-07,上櫃,鋼鐵工業,ESVUFR
976,2061,風青,TW0002061009,2010-12-09,上櫃,電器電纜,ESVUFR
977,2063,世鎧,TW0002063005,2010-09-07,上櫃,鋼鐵工業,ESVUFR
978,2064,晉椿,TW0002064003,2014-12-26,上櫃,鋼鐵工業,ESVUFR
979,2065,世豐,TW0002065000,2017-04-21,上櫃,鋼鐵工業,ESVUFR
980,2066,世德,TW0002066008,2013-09-24,上櫃,電機機械,ESVUFR
981,2067,嘉鋼,TW0002067006,2014-05-26,上櫃,電機機械,ESVUFR
982,2070,精湛,TW0002070000,2018-12-17,上櫃,電機機械,ESVUFR
983,2221,大甲,TW0002221009,2007-08-01,上櫃,其他業,ESVUFR
984,2230,泰茂,TW0002230000,2013-04-18,上櫃,電機機械,ESVUFR
985,2235,謚源,TW0002235009,2014-12-15,上櫃,電機機械,ESVUFR
986,2596,綠意,TW0002596004,2009-06-01,上櫃,建材營造業,ESVUFR
987,2640,大車隊,TW0002640000,2012-11-07,上櫃,其他業,ESVUFR
988,2641,正德,TW0002641008,2014-10-09,上櫃,航運業,ESVUFR
989,2643,捷迅,TW0002643004,2016-03-04,上櫃,航運業,ESVUFR
990,2718,晶悅,TW0002718004,2011-03-29,上櫃,觀光事業,ESVUFR
991,2719,燦星旅,TW0002719002,2012-02-24,上櫃,觀光事業,ESVUFR
992,2724,富驛-KY,KYG3704Y1017,2012-05-29,上櫃,觀光事業,ESVUFR
993,2726,雅茗-KY,KYG988361021,2014-12-24,上櫃,觀光事業,ESVUFR
994,2729,瓦城,TW0002729001,2012-09-17,上櫃,觀光事業,ESVUFR
995,2732,六角,TW0002732005,2015-01-20,上櫃,觀光事業,ESVUFR
996,2734,易飛網,TW0002734001,2013-12-26,上櫃,觀光事業,ESVUFR
997,2736,高野,TW0002736006,2016-01-06,上櫃,觀光事業,ESVUFR
998,2740,天蔥,TW0002740008,2015-12-24,上櫃,觀光事業,ESVUFR
999,2743,山富,TW0002743002,2020-03-09,上櫃,觀光事業,ESVUFR
1000,2745,五福,TW0002745007,2018-04-16,上櫃,觀光事業,ESVUFR
1001,2752,豆府,TW0002752003,2019-09-25,上櫃,觀光事業,ESVUFR
1002,2754,亞洲藏壽司,TW0002754009,2020-09-17,上櫃,觀光事業,ESVUFR
1003,2755,揚秦,TW0002755006,2020-12-16,上櫃,觀光事業,ESVUFR
1004,2916,滿心,TW0002916004,2005-03-10,上櫃,貿易百貨業,ESVUFR
1005,2924,東凌-KY,KYG198691092,2011-12-02,上櫃,貿易百貨業,ESVUFR
1006,2926,誠品生活,TW0002926003,2013-01-30,上櫃,文化創意業,ESVUFR
1007,2928,紅馬-KY,KYG7448A1058,2016-01-27,上櫃,觀光事業,ESVUFR
1008,2937,集雅社,TW0002937000,2017-06-08,上櫃,貿易百貨業,ESVUFR
1009,3064,泰偉,TW0003064002,2004-06-09,上櫃,文化創意業,ESVUFR
1010,3066,李洲,TW0003066007,2004-12-02,上櫃,光電業,ESVUFR
1011,3067,全域,TW0003067005,2003-10-21,上櫃,其他電子業,ESVUFR
1012,3071,協禧,TW0003071007,2004-12-30,上櫃,電腦及週邊設備業,ESVUFR
1013,3073,天方能源,TW0003073003,2007-10-08,上櫃,半導體業,ESVUFR
1014,3078,僑威,TW0003078002,2005-01-31,上櫃,電子零組件業,ESVUFR
1015,3081,聯亞,TW0003081006,2015-07-22,上櫃,通信網路業,ESVUFR
1016,3083,網龍,TW0003083002,2003-12-02,上櫃,文化創意業,ESVUFR
1017,3085,新零售,TW0003085007,2004-03-01,上櫃,電子商務,ESVUFR
1018,3086,華義,TW0003086005,2004-03-29,上櫃,文化創意業,ESVUFR
1019,3088,艾訊,TW0003088001,2005-04-28,上櫃,電腦及週邊設備業,ESVUFR
1020,3089,元炬,TW0003089009,2003-10-14,上櫃,電子零組件業,ESVUFR
1021,3092,鴻碩,TW0003092003,2010-05-11,上櫃,電子零組件業,ESVUFR
1022,3093,港建,TW0003093001,2005-06-17,上櫃,其他電子業,ESVUFR
1023,3095,及成,TW0003095006,2005-05-26,上櫃,通信網路業,ESVUFR
1024,3105,穩懋,TW0003105003,2011-12-13,上櫃,半導體業,ESVUFR
1025,3114,好德,TW0003114005,2004-03-25,上櫃,電子零組件業,ESVUFR
1026,3115,寶島極,TW0003115002,2005-04-08,上櫃,電子零組件業,ESVUFR
1027,3118,進階,TW0003118006,2008-05-21,上櫃,生技醫療業,ESVUFR
1028,3122,笙泉,TW0003122008,2015-01-26,上櫃,半導體業,ESVUFR
1029,3128,昇銳,TW0003128005,2006-09-04,上櫃,光電業,ESVUFR
1030,3131,弘塑,TW0003131009,2011-01-17,上櫃,其他電子業,ESVUFR
1031,3141,晶宏,TW0003141008,2014-03-14,上櫃,半導體業,ESVUFR
1032,3144,新揚科,TW0003144002,2004-12-24,上櫃,電子零組件業,ESVUFR
1033,3147,大綜,TW0003147005,2018-05-29,上櫃,資訊服務業,ESVUFR
1034,3152,璟德,TW0003152005,2008-03-24,上櫃,通信網路業,ESVUFR
1035,3162,精確,TW0003162004,2005-10-03,上櫃,電機機械,ESVUFR
1036,3163,波若威,TW0003163002,2012-12-03,上櫃,通信網路業,ESVUFR
1037,3169,亞信,TW0003169009,2009-11-24,上櫃,半導體業,ESVUFR
1038,3171,新洲,TW0003171005,2004-09-17,上櫃,貿易百貨業,ESVUFR
1039,3176,基亞,TW0003176004,2011-11-23,上櫃,生技醫療業,ESVUFR
1040,3178,公準,TW0003178000,2018-11-19,上櫃,電機機械,ESVUFR
1041,3188,鑫龍騰,TW0003188009,2004-03-17,上櫃,建材營造業,ESVUFR
1042,3191,和進,TW0003191003,2005-04-12,上櫃,電子零組件業,ESVUFR
1043,3202,樺晟,TW0003202008,2005-07-26,上櫃,電子零組件業,ESVUFR
1044,3205,佰研,TW0003205001,2005-09-12,上櫃,生技醫療業,ESVUFR
1045,3206,志豐,TW0003206009,2007-02-08,上櫃,電子零組件業,ESVUFR
1046,3207,耀勝,TW0003207007,2004-11-04,上櫃,電子零組件業,ESVUFR
1047,3211,順達,TW0003211009,2004-11-08,上櫃,電腦及週邊設備業,ESVUFR
1048,3213,茂訊,TW0003213005,2004-10-01,上櫃,電腦及週邊設備業,ESVUFR
1049,3217,優群,TW0003217006,2004-04-30,上櫃,電子零組件業,ESVUFR
1050,3218,大學光,TW0003218004,2004-11-29,上櫃,生技醫療業,ESVUFR
1051,3219,倚強股份,TW0003219002,2004-03-19,上櫃,半導體業,ESVUFR
1052,3221,台嘉碩,TW0003221008,2006-02-22,上櫃,通信網路業,ESVUFR
1053,3224,三顧,TW0003224002,2004-06-03,上櫃,電子通路業,ESVUFR
1054,3226,至寶電,TW0003226007,2004-06-16,上櫃,電機機械,ESVUFR
1055,3227,原相,TW0003227005,2006-05-04,上櫃,半導體業,ESVUFR
1056,3228,金麗科,TW0003228003,2005-03-02,上櫃,半導體業,ESVUFR
1057,3230,錦明,TW0003230009,2006-09-25,上櫃,光電業,ESVUFR
1058,3232,昱捷,TW0003232005,2004-11-01,上櫃,電子通路業,ESVUFR
1059,3234,光環,TW0003234001,2011-03-24,上櫃,通信網路業,ESVUFR
1060,3236,千如,TW0003236006,2004-12-02,上櫃,電子零組件業,ESVUFR
1061,3252,海灣,TW0003252003,2004-09-23,上櫃,觀光事業,ESVUFR
1062,3259,鑫創,TW0003259008,2007-12-24,上櫃,半導體業,ESVUFR
1063,3260,威剛,TW0003260006,2004-10-08,上櫃,半導體業,ESVUFR
1064,3264,欣銓,TW0003264008,2005-01-05,上櫃,半導體業,ESVUFR
1065,3265,台星科,TW0003265005,2005-08-02,上櫃,半導體業,ESVUFR
1066,3268,海德威,TW0003268009,2005-01-27,上櫃,半導體業,ESVUFR
1067,3272,東碩,TW0003272001,2014-08-26,上櫃,電腦及週邊設備業,ESVUFR
1068,3276,宇環,TW0003276002,2005-01-12,上櫃,電子零組件業,ESVUFR
1069,3284,太普高,TW0003284006,2005-03-22,上櫃,其他業,ESVUFR
1070,3285,微端,TW0003285003,2012-07-23,上櫃,其他電子業,ESVUFR
1071,3287,廣寰科,TW0003287009,2008-01-28,上櫃,電腦及週邊設備業,ESVUFR
1072,3288,點晶,TW0003288007,2005-04-15,上櫃,電子零組件業,ESVUFR
1073,3289,宜特,TW0003289005,2004-12-28,上櫃,其他電子業,ESVUFR
1074,3290,東浦,TW0003290003,2005-05-19,上櫃,電子零組件業,ESVUFR
1075,3293,鈊象,TW0003293007,2006-07-12,上櫃,文化創意業,ESVUFR
1076,3294,英濟,TW0003294005,2007-04-27,上櫃,電子零組件業,ESVUFR
1077,3297,杭特,TW0003297008,2005-06-07,上櫃,光電業,ESVUFR
1078,3303,岱稜,TW0003303004,2007-05-28,上櫃,其他電子業,ESVUFR
1079,3306,鼎天,TW0003306007,2005-07-05,上櫃,通信網路業,ESVUFR
1080,3310,佳穎,TW0003310009,2008-06-27,上櫃,電子零組件業,ESVUFR
1081,3313,斐成,TW0003313003,2006-05-29,上櫃,電子零組件業,ESVUFR
1082,3317,尼克森,TW0003317004,2007-08-09,上櫃,半導體業,ESVUFR
1083,3322,建舜電,TW0003322004,2009-05-20,上櫃,電子零組件業,ESVUFR
1084,3323,加百裕,TW0003323002,2007-06-25,上櫃,電腦及週邊設備業,ESVUFR
1085,3324,雙鴻,TW0003324000,2005-05-13,上櫃,其他電子業,ESVUFR
1086,3325,旭品,TW0003325007,2005-08-15,上櫃,電腦及週邊設備業,ESVUFR
1087,3332,幸康,TW0003332003,2008-01-24,上櫃,電子零組件業,ESVUFR
1088,3339,泰谷,TW0003339008,2006-06-27,上櫃,光電業,ESVUFR
1089,3354,律勝,TW0003354007,2005-12-08,上櫃,電子零組件業,ESVUFR
1090,3360,尚立,TW0003360004,2006-06-06,上櫃,電子通路業,ESVUFR
1091,3362,先進光,TW0003362000,2005-09-06,上櫃,光電業,ESVUFR
1092,3363,上詮,TW0003363008,2011-02-25,上櫃,通信網路業,ESVUFR
1093,3372,典範,TW0003372009,2005-12-16,上櫃,半導體業,ESVUFR
1094,3373,熱映,TW0003373007,2007-12-13,上櫃,其他電子業,ESVUFR
1095,3374,精材,TW0003374005,2015-03-30,上櫃,半導體業,ESVUFR
1096,3379,彬台,TW0003379004,2011-10-20,上櫃,電機機械,ESVUFR
1097,3388,崇越電,TW0003388005,2006-02-22,上櫃,電子零組件業,ESVUFR
1098,3390,旭軟,TW0003390001,2006-02-22,上櫃,電子零組件業,ESVUFR
1099,3402,漢科,TW0003402004,2007-01-09,上櫃,其他電子業,ESVUFR
1100,3426,台興,TW0003426003,2016-12-21,上櫃,電機機械,ESVUFR
1101,3434,哲固,TW0003434007,2008-01-28,上櫃,光電業,ESVUFR
1102,3438,類比科,TW0003438008,2006-07-19,上櫃,半導體業,ESVUFR
1103,3441,聯一光,TW0003441002,2010-10-04,上櫃,光電業,ESVUFR
1104,3444,利機,TW0003444006,2008-09-26,上櫃,電子通路業,ESVUFR
1105,3455,由田,TW0003455002,2007-12-27,上櫃,光電業,ESVUFR
1106,3465,進泰電子,TW0003465001,2008-01-28,上櫃,電子零組件業,ESVUFR
1107,3466,致振,TW0003466009,2006-05-17,上櫃,通信網路業,ESVUFR
1108,3479,安勤,TW0003479002,2010-06-08,上櫃,電腦及週邊設備業,ESVUFR
1109,3483,力致,TW0003483004,2006-12-18,上櫃,電腦及週邊設備業,ESVUFR
1110,3484,崧騰,TW0003484002,2007-11-09,上櫃,電子零組件業,ESVUFR
1111,3489,森寶,TW0003489001,2007-09-29,上櫃,建材營造業,ESVUFR
1112,3490,單井,TW0003490009,2007-10-15,上櫃,光電業,ESVUFR
1113,3491,昇達科,TW0003491007,2008-01-03,上櫃,通信網路業,ESVUFR
1114,3492,長盛,TW0003492005,2015-05-18,上櫃,電子零組件業,ESVUFR
1115,3498,陽程,TW0003498002,2007-09-11,上櫃,其他電子業,ESVUFR
1116,3499,環天科,TW0003499000,2006-10-19,上櫃,通信網路業,ESVUFR
1117,3508,位速,TW0003508008,2007-10-17,上櫃,其他電子業,ESVUFR
1118,3511,矽瑪,TW0003511002,2009-02-16,上櫃,電子零組件業,ESVUFR
1119,3512,皇龍,TW0003512000,2007-07-25,上櫃,電子零組件業,ESVUFR
1120,3516,亞帝歐,TW0003516001,2007-11-29,上櫃,光電業,ESVUFR
1121,3520,華盈,TW0003520003,2007-10-12,上櫃,電子零組件業,ESVUFR
1122,3521,鴻翊,TW0003521001,2007-08-07,上櫃,電腦及週邊設備業,ESVUFR
1123,3522,御頂,TW0003522009,2007-10-15,上櫃,觀光事業,ESVUFR
1124,3523,迎輝,TW0003523007,2007-11-16,上櫃,光電業,ESVUFR
1125,3526,凡甲,TW0003526000,2007-11-02,上櫃,電子零組件業,ESVUFR
1126,3527,聚積,TW0003527008,2007-10-29,上櫃,半導體業,ESVUFR
1127,3529,力旺,TW0003529004,2011-01-24,上櫃,半導體業,ESVUFR
1128,3531,先益,TW0003531000,2008-04-08,上櫃,光電業,ESVUFR
1129,3537,堡達,TW0003537007,2010-01-25,上櫃,電子零組件業,ESVUFR
1130,3540,曜越,TW0003540001,2007-12-12,上櫃,電腦及週邊設備業,ESVUFR
1131,3541,西柏,TW0003541009,2009-12-22,上櫃,其他電子業,ESVUFR
1132,3546,宇峻,TW0003546008,2008-04-18,上櫃,文化創意業,ESVUFR
1133,3548,兆利,TW0003548004,2008-03-27,上櫃,電子零組件業,ESVUFR
1134,3551,世禾,TW0003551008,2008-04-15,上櫃,其他電子業,ESVUFR
1135,3552,同致,TW0003552006,2009-01-07,上櫃,其他電子業,ESVUFR
1136,3555,重鵬,TW0003555009,2011-11-08,上櫃,半導體業,ESVUFR
1137,3556,禾瑞亞,TW0003556007,2008-04-15,上櫃,半導體業,ESVUFR
1138,3558,神準,TW0003558003,2013-12-30,上櫃,通信網路業,ESVUFR
1139,3564,其陽,TW0003564001,2013-12-03,上櫃,通信網路業,ESVUFR
1140,3567,逸昌,TW0003567004,2010-11-22,上櫃,半導體業,ESVUFR
1141,3570,大塚,TW0003570008,2008-10-23,上櫃,資訊服務業,ESVUFR
1142,3577,泓格,TW0003577003,2009-01-06,上櫃,電腦及週邊設備業,ESVUFR
1143,3580,友威科,TW0003580007,2010-07-09,上櫃,其他電子業,ESVUFR
1144,3581,博磊,TW0003581005,2015-01-20,上櫃,半導體業,ESVUFR
1145,3587,閎康,TW0003587002,2009-08-18,上櫃,其他電子業,ESVUFR
1146,3594,磐儀,TW0003594008,2013-05-07,上櫃,電腦及週邊設備業,ESVUFR
1147,3597,映興,TW0003597001,2020-03-09,上櫃,電子零組件業,ESVUFR
1148,3609,東林,TW0003609004,2011-01-11,上櫃,電子零組件業,ESVUFR
1149,3611,鼎翰,TW0003611000,2008-11-26,上櫃,電腦及週邊設備業,ESVUFR
1150,3615,安可,TW0003615001,2009-04-15,上櫃,光電業,ESVUFR
1151,3623,富晶通,TW0003623005,2010-04-28,上櫃,光電業,ESVUFR
1152,3624,光頡,TW0003624003,2011-03-16,上櫃,電子零組件業,ESVUFR
1153,3625,西勝,TW0003625000,2009-10-28,上櫃,電腦及週邊設備業,ESVUFR
1154,3628,盈正,TW0003628004,2010-09-09,上櫃,其他電子業,ESVUFR
1155,3629,地心引力,TW0003629002,2020-06-01,上櫃,文化創意業,ESVUFR
1156,3630,新鉅科,TW0003630000,2010-04-26,上櫃,光電業,ESVUFR
1157,3631,晟楠,TW0003631008,2010-12-20,上櫃,電子零組件業,ESVUFR
1158,3632,研勤,TW0003632006,2011-01-11,上櫃,通信網路業,ESVUFR
1159,3642,駿熠電,TW0003642005,2011-09-29,上櫃,其他電子業,ESVUFR
1160,3646,艾恩特,TW0003646006,2012-03-27,上櫃,電子零組件業,ESVUFR
1161,3652,精聯,TW0003652004,2009-08-27,上櫃,電腦及週邊設備業,ESVUFR
1162,3663,鑫科,TW0003663001,2012-11-20,上櫃,其他電子業,ESVUFR
1163,3664,安瑞-KY,KYG0550W1069,2010-06-24,上櫃,通信網路業,ESVUFR
1164,3666,光耀,TW0003666004,2014-12-04,上櫃,光電業,ESVUFR
1165,3672,康聯訊,TW0003672002,2015-04-20,上櫃,通信網路業,ESVUFR
1166,3675,德微,TW0003675005,2012-06-29,上櫃,半導體業,ESVUFR
1167,3680,家登,TW0003680005,2011-08-31,上櫃,半導體業,ESVUFR
1168,3684,榮昌,TW0003684007,2014-03-28,上櫃,通信網路業,ESVUFR
1169,3685,元創精密,TW0003685004,2010-12-08,上櫃,光電業,ESVUFR
1170,3687,歐買尬,TW0003687000,2020-06-01,上櫃,電子商務,ESVUFR
1171,3689,湧德,TW0003689006,2012-10-18,上櫃,電子零組件業,ESVUFR
1172,3691,碩禾,TW0003691002,2010-11-18,上櫃,光電業,ESVUFR
1173,3693,營邦,TW0003693008,2013-11-27,上櫃,電腦及週邊設備業,ESVUFR
1174,3707,漢磊,TW0003707006,2014-10-01,上櫃,半導體業,ESVUFR
1175,3709,鑫聯大投控,TW0003709002,1999-04-16,上櫃,電腦及週邊設備業,ESVUFR
1176,3710,連展投控,TW0003710000,2017-12-29,上櫃,電子零組件業,ESVUFR
1177,3713,新晶投控,TW0003713004,2020-02-27,上櫃,光電業,ESVUFR
1178,4102,永日,TW0004102009,2001-03-20,上櫃,生技醫療業,ESVUFR
1179,4105,東洋,TW0004105002,2001-09-27,上櫃,生技醫療業,ESVUFR
1180,4107,邦特,TW0004107008,2002-03-04,上櫃,生技醫療業,ESVUFR
1181,4109,加捷生醫,TW0004109004,2002-08-08,上櫃,生技醫療業,ESVUFR
1182,4111,濟生,TW0004111000,1999-03-06,上櫃,生技醫療業,ESVUFR
1183,4113,聯上,TW0004113006,2003-07-22,上櫃,建材營造業,ESVUFR
1184,4114,健喬,TW0004114004,2003-05-12,上櫃,生技醫療業,ESVUFR
1185,4116,明基醫,TW0004116009,2015-12-16,上櫃,生技醫療業,ESVUFR
1186,4120,友華,TW0004120001,2003-11-05,上櫃,生技醫療業,ESVUFR
1187,4121,優盛,TW0004121009,2003-07-25,上櫃,生技醫療業,ESVUFR
1188,4123,晟德,TW0004123005,2003-10-07,上櫃,生技醫療業,ESVUFR
1189,4126,太醫,TW0004126008,2004-02-09,上櫃,生技醫療業,ESVUFR
1190,4127,天良,TW0004127006,2005-07-29,上櫃,生技醫療業,ESVUFR
1191,4128,中天,TW0004128004,2006-06-09,上櫃,生技醫療業,ESVUFR
1192,4129,聯合,TW0004129002,2004-09-29,上櫃,生技醫療業,ESVUFR
1193,4130,健亞,TW0004130000,2012-01-12,上櫃,生技醫療業,ESVUFR
1194,4131,晶宇,TW0004131008,2004-04-09,上櫃,生技醫療業,ESVUFR
1195,4138,曜亞,TW0004138003,2010-12-29,上櫃,生技醫療業,ESVUFR
1196,4139,馬光-KY,KYG5831M1087,2011-04-29,上櫃,生技醫療業,ESVUFR
1197,4147,中裕,TW0004147004,2015-11-23,上櫃,生技醫療業,ESVUFR
1198,4152,台微體,TW0004152004,2012-12-21,上櫃,生技醫療業,ESVUFR
1199,4153,鈺緯,TW0004153002,2013-05-23,上櫃,生技醫療業,ESVUFR
1200,4154,康樂-KY,KYG527551082,2011-12-28,上櫃,生技醫療業,ESVUFR
1201,4157,太景*-KY,KYG866171005,2013-08-30,上櫃,生技醫療業,ESVUFR
1202,4160,創源,TW0004160007,2012-09-17,上櫃,生技醫療業,ESVUFR
1203,4161,聿新科,TW0004161005,2013-06-26,上櫃,生技醫療業,ESVUFR
1204,4162,智擎,TW0004162003,2012-09-18,上櫃,生技醫療業,ESVUFR
1205,4163,鐿鈦,TW0004163001,2012-11-15,上櫃,生技醫療業,ESVUFR
1206,4167,松瑞藥,TW0004167002,2015-09-08,上櫃,生技醫療業,ESVUFR
1207,4168,醣聯,TW0004168000,2012-12-18,上櫃,生技醫療業,ESVUFR
1208,4171,瑞基,TW0004171004,2018-03-28,上櫃,農業科技業,ESVUFR
1209,4173,久裕,TW0004173000,2013-10-31,上櫃,生技醫療業,ESVUFR
1210,4174,浩鼎,TW0004174008,2015-03-23,上櫃,生技醫療業,ESVUFR
1211,4175,杏一,TW0004175005,2014-04-23,上櫃,生技醫療業,ESVUFR
1212,4183,福永生技,TW0004183009,2017-03-09,上櫃,生技醫療業,ESVUFR
1213,4188,安克,TW0004188008,2015-03-24,上櫃,生技醫療業,ESVUFR
1214,4192,杏國,TW0004192000,2014-10-28,上櫃,生技醫療業,ESVUFR
1215,4198,欣大健康,TW0004198007,2014-12-23,上櫃,生技醫療業,ESVUFR
1216,4205,中華食,TW0004205000,1999-01-31,上櫃,食品工業,ESVUFR
1217,4207,環泰,TW0004207006,2000-01-21,上櫃,食品工業,ESVUFR
1218,4303,信立,TW0004303003,1999-03-10,上櫃,塑膠工業,ESVUFR
1219,4304,勝昱,TW0004304001,2000-01-27,上櫃,塑膠工業,ESVUFR
1220,4305,世坤,TW0004305008,2000-09-28,上櫃,塑膠工業,ESVUFR
1221,4401,東隆興,TW0004401005,1996-05-09,上櫃,紡織纖維,ESVUFR
1222,4402,福大,TW0004402003,1997-07-23,上櫃,紡織纖維,ESVUFR
1223,4406,新昕纖,TW0004406004,1999-01-14,上櫃,紡織纖維,ESVUFR
1224,4413,飛寶企業,TW0004413000,1999-07-29,上櫃,紡織纖維,ESVUFR
1225,4416,三圓,TW0004416003,2000-05-06,上櫃,建材營造業,ESVUFR
1226,4417,金洲,TW0004417001,2000-11-07,上櫃,紡織纖維,ESVUFR
1227,4419,元勝,TW0004419007,2001-06-26,上櫃,紡織纖維,ESVUFR
1228,4420,光明,TW0004420005,2002-04-18,上櫃,紡織纖維,ESVUFR
1229,4429,聚紡,TW0004429006,2010-09-15,上櫃,紡織纖維,ESVUFR
1230,4430,耀億,TW0004430004,2011-06-09,上櫃,其他業,ESVUFR
1231,4432,銘旺實,TW0004432000,2012-11-26,上櫃,紡織纖維,ESVUFR
1232,4433,興采,TW0004433008,2014-11-03,上櫃,紡織纖維,ESVUFR
1233,4502,健信,TW0004502000,1995-12-12,上櫃,電機機械,ESVUFR
1234,4503,金雨,TW0004503008,1996-12-19,上櫃,電機機械,ESVUFR
1235,4506,崇友,TW0004506001,1997-12-06,上櫃,電機機械,ESVUFR
1236,4510,高鋒,TW0004510003,1998-02-24,上櫃,電機機械,ESVUFR
1237,4513,福裕,TW0004513007,1998-03-25,上櫃,電機機械,ESVUFR
1238,4523,永彰,TW0004523006,1999-11-22,上櫃,電機機械,ESVUFR
1239,4527,方土霖,TW0004527007,2000-09-28,上櫃,電機機械,ESVUFR
1240,4528,江興鍛,TW0004528005,2001-02-12,上櫃,電機機械,ESVUFR
1241,4529,淳紳,TW0004529003,2001-05-04,上櫃,其他業,ESVUFR
1242,4530,宏易,TW0004530001,2001-04-30,上櫃,電機機械,ESVUFR
1243,4533,協易機,TW0004533005,2002-04-26,上櫃,電機機械,ESVUFR
1244,4534,慶騰,TW0004534003,2003-03-31,上櫃,電機機械,ESVUFR
1245,4535,至興,TW0004535000,2003-04-16,上櫃,電機機械,ESVUFR
1246,4538,大詠城,TW0004538004,2019-01-15,上櫃,電機機械,ESVUFR
1247,4541,晟田,TW0004541008,2014-07-22,上櫃,其他業,ESVUFR
1248,4542,科嶠,TW0004542006,2014-08-25,上櫃,電子零組件業,ESVUFR
1249,4543,萬在,TW0004543004,2016-03-15,上櫃,電機機械,ESVUFR
1250,4549,桓達,TW0004549001,2014-11-27,上櫃,電機機械,ESVUFR
1251,4550,長佳,TW0004550009,2015-03-18,上櫃,電機機械,ESVUFR
1252,4554,橙的,TW0004554001,2016-08-05,上櫃,其他電子業,ESVUFR
1253,4556,旭然,TW0004556006,2015-12-22,上櫃,其他業,ESVUFR
1254,4561,健椿,TW0004561006,2018-06-11,上櫃,電機機械,ESVUFR
1255,4563,百德,TW0004563002,2018-07-12,上櫃,電機機械,ESVUFR
1256,4568,科際精密,TW0004568001,2018-10-03,上櫃,電機機械,ESVUFR
1257,4580,捷流閥業,TW0004580006,2020-01-06,上櫃,電機機械,ESVUFR
1258,4609,唐鋒,TW0004609003,2000-05-19,上櫃,電器電纜,ESVUFR
1259,4702,中美實,TW0004702006,1995-04-21,上櫃,化學工業,ESVUFR
1260,4706,大恭,TW0004706007,1998-04-17,上櫃,化學工業,ESVUFR
1261,4707,磐亞,TW0004707005,1998-05-20,上櫃,化學工業,ESVUFR
1262,4711,永純,TW0004711007,1999-02-24,上櫃,化學工業,ESVUFR
1263,4712,南璋,TW0004712005,1999-04-03,上櫃,食品工業,ESVUFR
1264,4714,永捷,TW0004714001,2000-03-27,上櫃,化學工業,ESVUFR
1265,4716,大立,TW0004716006,2000-03-27,上櫃,化學工業,ESVUFR
1266,4721,美琪瑪,TW0004721006,2001-03-09,上櫃,化學工業,ESVUFR
1267,4726,永昕,TW0004726005,2013-12-25,上櫃,生技醫療業,ESVUFR
1268,4728,雙美,TW0004728001,2012-01-10,上櫃,生技醫療業,ESVUFR
1269,4729,熒茂,TW0004729009,2009-02-24,上櫃,光電業,ESVUFR
1270,4735,豪展,TW0004735006,2011-08-16,上櫃,生技醫療業,ESVUFR
1271,4736,泰博,TW0004736004,2010-12-01,上櫃,生技醫療業,ESVUFR
1272,4741,泓瀚,TW0004741004,2017-09-26,上櫃,化學工業,ESVUFR
1273,4743,合一,TW0004743000,2011-09-23,上櫃,生技醫療業,ESVUFR
1274,4744,皇將,TW0004744008,2018-07-12,上櫃,生技醫療業,ESVUFR
1275,4745,合富-KY,KYG248111042,2013-01-30,上櫃,生技醫療業,ESVUFR
1276,4747,強生,TW0004747001,2013-12-25,上櫃,生技醫療業,ESVUFR
1277,4754,國碳科,TW0004754007,2016-09-28,上櫃,化學工業,ESVUFR
1278,4760,勤凱,TW0004760004,2019-03-21,上櫃,其他電子業,ESVUFR
1279,4767,誠泰科技,TW0004767009,2018-10-29,上櫃,化學工業,ESVUFR
1280,4803,VHQ-KY,KYG9344G1038,2015-12-16,上櫃,文化創意業,ESVUFR
1281,4804,大略-KY,KYG2646C1024,2015-12-04,上櫃,觀光事業,ESVUFR
1282,4806,昇華,TW0004806005,2016-03-09,上櫃,文化創意業,ESVUFR
1283,4903,聯光通,TW0004903000,2001-05-14,上櫃,通信網路業,ESVUFR
1284,4905,台聯電,TW0004905005,2001-12-07,上櫃,通信網路業,ESVUFR
1285,4907,富宇,TW0004907001,2002-03-04,上櫃,建材營造業,ESVUFR
1286,4908,前鼎,TW0004908009,2002-02-27,上櫃,通信網路業,ESVUFR
1287,4909,新復興,TW0004909007,2002-11-28,上櫃,通信網路業,ESVUFR
1288,4911,德英,TW0004911003,2011-03-21,上櫃,生技醫療業,ESVUFR
1289,4924,欣厚-KY,KYG4642A1067,2011-10-18,上櫃,電腦及週邊設備業,ESVUFR
1290,4931,新盛力,TW0004931001,2019-09-17,上櫃,電腦及週邊設備業,ESVUFR
1291,4933,友輝,TW0004933007,2010-05-04,上櫃,光電業,ESVUFR
1292,4939,亞電,TW0004939004,2011-09-19,上櫃,電子零組件業,ESVUFR
1293,4944,兆遠,TW0004944004,2011-05-31,上櫃,光電業,ESVUFR
1294,4945,陞達科技,TW0004945001,2020-11-20,上櫃,半導體業,ESVUFR
1295,4946,辣椒,TW0004946009,2011-06-10,上櫃,文化創意業,ESVUFR
1296,4950,牧東,TW0004950001,2012-04-27,上櫃,其他業,ESVUFR
1297,4953,緯軟,TW0004953005,2014-01-08,上櫃,資訊服務業,ESVUFR
1298,4966,譜瑞-KY,KYG6892A1085,2011-09-13,上櫃,半導體業,ESVUFR
1299,4971,IET-KY,KYG480071011,2013-07-24,上櫃,半導體業,ESVUFR
1300,4972,湯石照明,TW0004972005,2013-06-17,上櫃,光電業,ESVUFR
1301,4973,廣穎,TW0004973003,2012-06-19,上櫃,半導體業,ESVUFR
1302,4974,亞泰,TW0004974001,2011-11-29,上櫃,電子零組件業,ESVUFR
1303,4979,華星光,TW0004979000,2011-12-12,上櫃,通信網路業,ESVUFR
1304,4987,科誠,TW0004987003,2012-03-21,上櫃,電腦及週邊設備業,ESVUFR
1305,4991,環宇-KY,KYG377541019,2014-09-15,上櫃,半導體業,ESVUFR
1306,4995,晶達,TW0004995006,2012-05-09,上櫃,光電業,ESVUFR
1307,5009,榮剛,TW0005009005,1998-10-17,上櫃,鋼鐵工業,ESVUFR
1308,5011,久陽,TW0005011001,1999-05-06,上櫃,鋼鐵工業,ESVUFR
1309,5013,強新,TW0005013007,2000-05-08,上櫃,鋼鐵工業,ESVUFR
1310,5014,建錩,TW0005014005,2001-02-15,上櫃,鋼鐵工業,ESVUFR
1311,5015,華祺,TW0005015002,2000-12-15,上櫃,鋼鐵工業,ESVUFR
1312,5016,松和,TW0005016000,2001-03-05,上櫃,鋼鐵工業,ESVUFR
1313,5102,富強,TW0005102008,2000-10-27,上櫃,橡膠工業,ESVUFR
1314,5201,凱衛,TW0005201008,2000-10-12,上櫃,資訊服務業,ESVUFR
1315,5202,力新,TW0005202006,2000-10-18,上櫃,資訊服務業,ESVUFR
1316,5205,中茂,TW0005205009,2001-05-14,上櫃,其他電子業,ESVUFR
1317,5206,坤悅,TW0005206007,2001-10-08,上櫃,建材營造業,ESVUFR
1318,5209,新鼎,TW0005209001,2002-02-25,上櫃,資訊服務業,ESVUFR
1319,5210,寶碩,TW0005210009,2002-04-25,上櫃,資訊服務業,ESVUFR
1320,5211,蒙恬,TW0005211007,2002-12-23,上櫃,資訊服務業,ESVUFR
1321,5212,凌網,TW0005212005,2003-03-24,上櫃,資訊服務業,ESVUFR
1322,5213,亞昕,TW0005213003,2003-04-24,上櫃,建材營造業,ESVUFR
1323,5220,萬達光電,TW0005220008,2018-04-26,上櫃,光電業,ESVUFR
1324,5223,安力-KY,KYG0458G1047,2018-07-02,上櫃,電腦及週邊設備業,ESVUFR
1325,5227,立凱-KY,KYG0100G1064,2013-12-09,上櫃,電子零組件業,ESVUFR
1326,5230,雷笛克光學,TW0005230007,2012-06-05,上櫃,光電業,ESVUFR
1327,5245,智晶,TW0005245005,2015-05-25,上櫃,光電業,ESVUFR
1328,5251,天鉞電,TW0005251003,2012-11-26,上櫃,光電業,ESVUFR
1329,5263,智崴,TW0005263008,2012-12-18,上櫃,文化創意業,ESVUFR
1330,5272,笙科,TW0005272009,2013-05-30,上櫃,半導體業,ESVUFR
1331,5274,信驊,TW0005274005,2013-04-30,上櫃,半導體業,ESVUFR
1332,5276,達輝-KY,KYG2743W1006,2014-06-12,上櫃,其他業,ESVUFR
1333,5278,尚凡,TW0005278006,2013-06-04,上櫃,電子商務,ESVUFR
1334,5281,大峽谷-KY,KYG853901059,2016-03-30,上櫃,光電業,ESVUFR
1335,5287,數字,TW0005287007,2014-01-20,上櫃,電子商務,ESVUFR
1336,5289,宜鼎,TW0005289003,2013-11-27,上櫃,電腦及週邊設備業,ESVUFR
1337,5291,邑昇,TW0005291009,2014-12-23,上櫃,電子零組件業,ESVUFR
1338,5299,杰力,TW0005299002,2018-01-23,上櫃,半導體業,ESVUFR
1339,5301,寶得利,TW0005301006,1990-06-25,上櫃,觀光事業,ESVUFR
1340,5302,太欣,TW0005302004,1991-01-17,上櫃,半導體業,ESVUFR
1341,5306,桂盟,TW0005306005,1995-12-26,上櫃,其他業,ESVUFR
1342,5309,系統電,TW0005309009,1996-03-18,上櫃,電子零組件業,ESVUFR
1343,5310,天剛,TW0005310007,1996-04-09,上櫃,資訊服務業,ESVUFR
1344,5312,寶島科,TW0005312003,1996-05-25,上櫃,生技醫療業,ESVUFR
1345,5314,世紀,TW0005314009,1996-09-16,上櫃,半導體業,ESVUFR
1346,5315,光聯,TW0005315006,1996-11-02,上櫃,光電業,ESVUFR
1347,5321,友銓,TW0005321004,1996-12-30,上櫃,電子零組件業,ESVUFR
1348,5324,士開,TW0005324008,1997-01-30,上櫃,建材營造業,ESVUFR
1349,5328,華容,TW0005328009,1997-08-28,上櫃,電子零組件業,ESVUFR
1350,5340,建榮,TW0005340004,1998-01-20,上櫃,電子零組件業,ESVUFR
1351,5344,立衛,TW0005344006,1998-03-23,上櫃,半導體業,ESVUFR
1352,5345,天揚,TW0005345003,1998-03-23,上櫃,電子零組件業,ESVUFR
1353,5347,世界,TW0005347009,1998-03-25,上櫃,半導體業,ESVUFR
1354,5348,系通,TW0005348007,1998-04-29,上櫃,通信網路業,ESVUFR
1355,5351,鈺創,TW0005351001,1998-05-15,上櫃,半導體業,ESVUFR
1356,5353,台林,TW0005353007,1998-05-18,上櫃,通信網路業,ESVUFR
1357,5355,佳總,TW0005355002,1998-06-23,上櫃,電子零組件業,ESVUFR
1358,5356,協益,TW0005356000,1998-07-20,上櫃,電腦及週邊設備業,ESVUFR
1359,5364,力麗店,TW0005364004,2013-08-26,上櫃,觀光事業,ESVUFR
1360,5371,中光電,TW0005371009,1999-01-20,上櫃,光電業,ESVUFR
1361,5381,合正,TW0005381008,1999-03-19,上櫃,電子零組件業,ESVUFR
1362,5383,金利,TW0005383004,1999-04-14,上櫃,其他電子業,ESVUFR
1363,5386,青雲,TW0005386007,1999-05-13,上櫃,電腦及週邊設備業,ESVUFR
1364,5392,應華,TW0005392005,1999-06-14,上櫃,光電業,ESVUFR
1365,5398,慕康生醫,TW0005398002,1999-10-11,上櫃,其他業,ESVUFR
1366,5403,中菲,TW0005403000,1999-10-15,上櫃,資訊服務業,ESVUFR
1367,5410,國眾,TW0005410005,1999-11-26,上櫃,資訊服務業,ESVUFR
1368,5425,台半,TW0005425003,2000-02-21,上櫃,半導體業,ESVUFR
1369,5426,振發,TW0005426001,2000-02-09,上櫃,電腦及週邊設備業,ESVUFR
1370,5432,達威,TW0005432009,2000-03-21,上櫃,光電業,ESVUFR
1371,5438,東友,TW0005438006,2000-06-17,上櫃,電腦及週邊設備業,ESVUFR
1372,5439,高技,TW0005439004,2000-06-26,上櫃,電子零組件業,ESVUFR
1373,5443,均豪,TW0005443006,1998-02-09,上櫃,光電業,ESVUFR
1374,5450,南良,TW0005450001,2020-06-01,上櫃,其他業,ESVUFR
1375,5452,佶優,TW0005452007,2000-10-02,上櫃,其他電子業,ESVUFR
1376,5455,昇益,TW0005455000,2000-10-19,上櫃,建材營造業,ESVUFR
1377,5457,宣德,TW0005457006,2000-09-29,上櫃,電子零組件業,ESVUFR
1378,5460,同協,TW0005460000,2000-09-28,上櫃,電子零組件業,ESVUFR
1379,5464,霖宏,TW0005464002,2000-11-08,上櫃,電子零組件業,ESVUFR
1380,5465,富驊,TW0005465009,2000-11-08,上櫃,電腦及週邊設備業,ESVUFR
1381,5468,凱鈺,TW0005468003,2001-01-17,上櫃,半導體業,ESVUFR
1382,5474,聰泰,TW0005474001,2001-03-20,上櫃,電腦及週邊設備業,ESVUFR
1383,5475,德宏,TW0005475008,2001-01-16,上櫃,電子零組件業,ESVUFR
1384,5478,智冠,TW0005478002,2001-03-29,上櫃,文化創意業,ESVUFR
1385,5481,新華,TW0005481006,2020-06-01,上櫃,其他業,ESVUFR
1386,5483,中美晶,TW0005483002,2001-03-02,上櫃,半導體業,ESVUFR
1387,5487,通泰,TW0005487003,2001-02-20,上櫃,半導體業,ESVUFR
1388,5488,松普,TW0005488001,2001-03-12,上櫃,電子零組件業,ESVUFR
1389,5489,彩富,TW0005489009,2001-03-12,上櫃,其他電子業,ESVUFR
1390,5490,同亨,TW0005490007,2001-05-14,上櫃,電腦及週邊設備業,ESVUFR
1391,5493,三聯,TW0005493001,2001-05-03,上櫃,其他電子業,ESVUFR
1392,5498,凱崴,TW0005498000,2001-03-29,上櫃,電子零組件業,ESVUFR
1393,5508,永信建,TW0005508006,1998-05-13,上櫃,建材營造業,ESVUFR
1394,5511,德昌,TW0005511000,1998-12-09,上櫃,建材營造業,ESVUFR
1395,5512,力麒,TW0005512008,1998-12-04,上櫃,建材營造業,ESVUFR
1396,5514,三豐,TW0005514004,1998-12-29,上櫃,建材營造業,ESVUFR
1397,5516,雙喜,TW0005516009,1999-03-23,上櫃,建材營造業,ESVUFR
1398,5520,力泰,TW0005520001,1999-10-27,上櫃,建材營造業,ESVUFR
1399,5523,豐謙,TW0005523005,1999-12-27,上櫃,建材營造業,ESVUFR
1400,5529,志嘉,TW0005529002,1996-01-12,上櫃,建材營造業,ESVUFR
1401,5530,龍巖,TW0005530000,2000-10-04,上櫃,其他業,ESVUFR
1402,5536,聖暉,TW0005536007,2010-11-10,上櫃,其他電子業,ESVUFR
1403,5543,桓鼎-KY,KYG1676E1035,2016-05-09,上櫃,建材營造業,ESVUFR
1404,5601,台聯櫃,TW0005601009,1994-11-24,上櫃,航運業,ESVUFR
1405,5603,陸海,TW0005603005,1997-01-25,上櫃,航運業,ESVUFR
1406,5604,中連貨,TW0005604003,1997-05-22,上櫃,航運業,ESVUFR
1407,5609,中菲行,TW0005609002,2001-10-15,上櫃,航運業,ESVUFR
1408,5701,劍湖山,TW0005701007,1998-03-12,上櫃,觀光事業,ESVUFR
1409,5703,亞都,TW0005703003,1999-06-15,上櫃,觀光事業,ESVUFR
1410,5704,老爺知,TW0005704001,1999-12-21,上櫃,觀光事業,ESVUFR
1411,5820,日盛金,TW0005820005,2002-02-05,上櫃,金融保險業,ESVUFR
1412,5864,致和證,TW0005864003,2018-04-02,上櫃,金融保險業,ESVUFR
1413,5878,台名,TW0005878003,2014-10-28,上櫃,金融保險業,ESVUFR
1414,5902,德記,TW0005902001,1998-02-07,上櫃,貿易百貨業,ESVUFR
1415,5903,全家,TW0005903009,2002-02-25,上櫃,貿易百貨業,ESVUFR
1416,5904,寶雅,TW0005904007,2002-09-06,上櫃,貿易百貨業,ESVUFR
1417,5905,南仁湖,TW0005905004,2003-06-17,上櫃,貿易百貨業,ESVUFR
1418,6015,宏遠證,TW0006015001,1996-07-25,上櫃,金融保險業,ESVUFR
1419,6016,康和證,TW0006016009,1996-12-04,上櫃,金融保險業,ESVUFR
1420,6020,大展證,TW0006020001,2003-01-23,上櫃,金融保險業,ESVUFR
1421,6021,大慶證,TW0006021009,2003-04-21,上櫃,金融保險業,ESVUFR
1422,6023,元大期,TW0006023005,2007-11-28,上櫃,金融保險業,ESVUFR
1423,6026,福邦證,TW0006026008,2016-01-27,上櫃,金融保險業,ESVUFR
1424,6101,寬魚國際,TW0006101009,2001-03-29,上櫃,文化創意業,ESVUFR
1425,6103,合邦,TW0006103005,2001-05-07,上櫃,半導體業,ESVUFR
1426,6104,創惟,TW0006104003,2001-05-22,上櫃,半導體業,ESVUFR
1427,6109,亞元,TW0006109002,2001-07-26,上櫃,通信網路業,ESVUFR
1428,6111,大宇資,TW0006111008,2001-08-08,上櫃,文化創意業,ESVUFR
1429,6113,亞矽,TW0006113004,2001-08-10,上櫃,電子通路業,ESVUFR
1430,6114,久威,TW0006114002,2001-09-27,上櫃,電子零組件業,ESVUFR
1431,6118,建達,TW0006118003,2001-10-25,上櫃,電子通路業,ESVUFR
1432,6121,新普,TW0006121007,2001-11-27,上櫃,電腦及週邊設備業,ESVUFR
1433,6122,擎邦,TW0006122005,2000-07-14,上櫃,電機機械,ESVUFR
1434,6123,上奇,TW0006123003,2002-01-23,上櫃,電腦及週邊設備業,ESVUFR
1435,6124,業強,TW0006124001,2002-03-19,上櫃,電子零組件業,ESVUFR
1436,6125,廣運,TW0006125008,2002-01-23,上櫃,光電業,ESVUFR
1437,6126,信音,TW0006126006,2002-01-18,上櫃,電子零組件業,ESVUFR
1438,6127,九豪,TW0006127004,2002-01-10,上櫃,電子零組件業,ESVUFR
1439,6129,普誠,TW0006129000,2001-12-25,上櫃,半導體業,ESVUFR
1440,6130,星寶國際,TW0006130008,2002-03-26,上櫃,生技醫療業,ESVUFR
1441,6134,萬旭,TW0006134000,2002-01-08,上櫃,電子零組件業,ESVUFR
1442,6138,茂達,TW0006138001,2002-01-18,上櫃,半導體業,ESVUFR
1443,6140,訊達,TW0006140007,2002-02-04,上櫃,資訊服務業,ESVUFR
1444,6143,振曜,TW0006143001,2002-01-28,上櫃,通信網路業,ESVUFR
1445,6144,得利影,TW0006144009,2002-01-23,上櫃,文化創意業,ESVUFR
1446,6146,耕興,TW0006146004,2002-01-23,上櫃,其他電子業,ESVUFR
1447,6147,頎邦,TW0006147002,2002-01-31,上櫃,半導體業,ESVUFR
1448,6148,驊宏資,TW0006148000,2002-02-01,上櫃,資訊服務業,ESVUFR
1449,6150,撼訊,TW0006150006,2002-03-11,上櫃,電腦及週邊設備業,ESVUFR
1450,6151,晉倫,TW0006151004,2002-02-25,上櫃,其他電子業,ESVUFR
1451,6154,順發,TW0006154008,2002-02-18,上櫃,電子通路業,ESVUFR
1452,6156,松上,TW0006156003,2002-02-19,上櫃,電子零組件業,ESVUFR
1453,6158,禾昌,TW0006158009,2002-02-19,上櫃,電子零組件業,ESVUFR
1454,6160,欣技,TW0006160005,2002-03-01,上櫃,電腦及週邊設備業,ESVUFR
1455,6161,捷波,TW0006161003,2002-03-01,上櫃,電腦及週邊設備業,ESVUFR
1456,6163,華電網,TW0006163009,2002-03-19,上櫃,通信網路業,ESVUFR
1457,6167,久正,TW0006167000,2002-03-26,上櫃,光電業,ESVUFR
1458,6169,昱泉,TW0006169006,2002-03-22,上櫃,文化創意業,ESVUFR
1459,6170,統振,TW0006170004,2002-04-16,上櫃,通信網路業,ESVUFR
1460,6171,亞銳士,TW0006171002,2002-04-22,上櫃,建材營造業,ESVUFR
1461,6173,信昌電,TW0006173008,2002-04-19,上櫃,電子零組件業,ESVUFR
1462,6174,安碁,TW0006174006,2002-05-02,上櫃,電子零組件業,ESVUFR
1463,6175,立敦,TW0006175003,2002-06-10,上櫃,電子零組件業,ESVUFR
1464,6179,亞通,TW0006179005,2002-05-17,上櫃,其他業,ESVUFR
1465,6180,橘子,TW0006180003,2002-05-21,上櫃,文化創意業,ESVUFR
1466,6182,合晶,TW0006182009,2002-05-16,上櫃,半導體業,ESVUFR
1467,6185,幃翔,TW0006185002,2002-08-09,上櫃,電子零組件業,ESVUFR
1468,6186,新潤,TW0006186000,2002-08-02,上櫃,建材營造業,ESVUFR
1469,6187,萬潤,TW0006187008,2002-09-27,上櫃,其他電子業,ESVUFR
1470,6188,廣明,TW0006188006,2002-08-27,上櫃,電腦及週邊設備業,ESVUFR
1471,6190,萬泰科,TW0006190002,1998-02-04,上櫃,通信網路業,ESVUFR
1472,6194,育富,TW0006194004,2002-12-05,上櫃,電子零組件業,ESVUFR
1473,6195,詩肯,TW0006195001,2002-10-21,上櫃,貿易百貨業,ESVUFR
1474,6198,凌泰,TW0006198005,2002-12-26,上櫃,半導體業,ESVUFR
1475,6199,天品,TW0006199003,2016-10-07,上櫃,其他業,ESVUFR
1476,6203,海韻電,TW0006203003,2002-12-26,上櫃,電子零組件業,ESVUFR
1477,6204,艾華,TW0006204001,2002-11-13,上櫃,電子零組件業,ESVUFR
1478,6207,雷科,TW0006207004,2002-12-23,上櫃,電子零組件業,ESVUFR
1479,6208,日揚,TW0006208002,2002-12-23,上櫃,電子零組件業,ESVUFR
1480,6210,慶生,TW0006210008,2003-02-14,上櫃,電子零組件業,ESVUFR
1481,6212,理銘,TW0006212004,2002-12-26,上櫃,建材營造業,ESVUFR
1482,6217,中探針,TW0006217003,2003-01-09,上櫃,電子零組件業,ESVUFR
1483,6218,豪勉,TW0006218001,2003-01-14,上櫃,通信網路業,ESVUFR
1484,6219,富旺,TW0006219009,2003-02-26,上櫃,建材營造業,ESVUFR
1485,6220,岳豐,TW0006220007,2003-01-09,上櫃,電子零組件業,ESVUFR
1486,6221,晉泰,TW0006221005,2003-01-06,上櫃,資訊服務業,ESVUFR
1487,6222,上揚,TW0006222003,2003-01-09,上櫃,光電業,ESVUFR
1488,6223,旺矽,TW0006223001,2003-01-06,上櫃,半導體業,ESVUFR
1489,6227,茂綸,TW0006227002,2003-01-14,上櫃,電子通路業,ESVUFR
1490,6228,全譜,TW0006228000,2003-01-21,上櫃,電腦及週邊設備業,ESVUFR
1491,6229,研通,TW0006229008,2003-01-14,上櫃,半導體業,ESVUFR
1492,6231,系微,TW0006231004,2003-01-23,上櫃,資訊服務業,ESVUFR
1493,6233,旺玖,TW0006233000,2003-02-20,上櫃,半導體業,ESVUFR
1494,6234,高僑,TW0006234008,2003-03-12,上櫃,光電業,ESVUFR
1495,6236,康呈,TW0006236003,2003-03-31,上櫃,其他業,ESVUFR
1496,6237,驊訊,TW0006237001,2003-04-21,上櫃,半導體業,ESVUFR
1497,6240,松崗,TW0006240005,2003-05-30,上櫃,資訊服務業,ESVUFR
1498,6241,易通展,TW0006241003,2003-04-08,上櫃,通信網路業,ESVUFR
1499,6242,立康,TW0006242001,2003-04-23,上櫃,生技醫療業,ESVUFR
1500,6244,茂迪,TW0006244007,2003-05-15,上櫃,光電業,ESVUFR
1501,6245,立端,TW0006245004,2003-05-19,上櫃,通信網路業,ESVUFR
1502,6246,臺龍,TW0006246002,2003-06-18,上櫃,光電業,ESVUFR
1503,6247,淇譽電,TW0006247000,2003-07-04,上櫃,其他電子業,ESVUFR
1504,6248,沛波,TW0006248008,2003-09-03,上櫃,鋼鐵工業,ESVUFR
1505,6259,百徽,TW0006259005,2003-09-17,上櫃,電子零組件業,ESVUFR
1506,6261,久元,TW0006261001,2004-03-29,上櫃,半導體業,ESVUFR
1507,6263,普萊德,TW0006263007,2003-09-17,上櫃,通信網路業,ESVUFR
1508,6264,富裔,TW0006264005,2004-02-24,上櫃,建材營造業,ESVUFR
1509,6265,方土昶,TW0006265002,2003-10-24,上櫃,電子通路業,ESVUFR
1510,6266,泰詠,TW0006266000,2004-04-29,上櫃,電子零組件業,ESVUFR
1511,6270,倍微,TW0006270002,2003-09-17,上櫃,電子通路業,ESVUFR
1512,6274,台燿,TW0006274004,2003-12-18,上櫃,電子零組件業,ESVUFR
1513,6275,元山,TW0006275001,2004-12-23,上櫃,其他電子業,ESVUFR
1514,6276,安鈦克,TW0006276009,2003-10-30,上櫃,電腦及週邊設備業,ESVUFR
1515,6279,胡連,TW0006279003,2003-11-26,上櫃,電子零組件業,ESVUFR
1516,6284,佳邦,TW0006284003,2004-06-29,上櫃,電子零組件業,ESVUFR
1517,6287,元隆,TW0006287006,2003-10-02,上櫃,半導體業,ESVUFR
1518,6290,良維,TW0006290000,2005-06-03,上櫃,電子零組件業,ESVUFR
1519,6291,沛亨,TW0006291008,2004-01-28,上櫃,半導體業,ESVUFR
1520,6292,迅德,TW0006292006,2003-11-26,上櫃,電子零組件業,ESVUFR
1521,6294,智基,TW0006294002,2004-01-13,上櫃,文化創意業,ESVUFR
1522,6404,通訊-KY,KYG211281061,2014-07-23,上櫃,資訊服務業,ESVUFR
1523,6411,晶焱,TW0006411002,2014-03-11,上櫃,半導體業,ESVUFR
1524,6417,韋僑,TW0006417009,2015-10-08,上櫃,通信網路業,ESVUFR
1525,6418,詠昇,TW0006418007,2019-02-18,上櫃,電子零組件業,ESVUFR
1526,6419,京晨科,TW0006419005,2014-12-29,上櫃,光電業,ESVUFR
1527,6425,易發,TW0006425002,2019-01-18,上櫃,電機機械,ESVUFR
1528,6432,今展科,TW0006432008,2015-05-20,上櫃,電子零組件業,ESVUFR
1529,6435,大中,TW0006435001,2016-01-07,上櫃,半導體業,ESVUFR
1530,6441,廣錠,TW0006441009,2017-09-27,上櫃,電腦及週邊設備業,ESVUFR
1531,6446,藥華藥,TW0006446008,2016-07-19,上櫃,生技醫療業,ESVUFR
1532,6457,紘康,TW0006457005,2015-06-12,上櫃,半導體業,ESVUFR
1533,6461,益得,TW0006461007,2018-03-28,上櫃,生技醫療業,ESVUFR
1534,6462,神盾,TW0006462005,2015-12-23,上櫃,半導體業,ESVUFR
1535,6465,威潤,TW0006465008,2015-11-20,上櫃,通信網路業,ESVUFR
1536,6469,大樹,TW0006469000,2016-03-30,上櫃,生技醫療業,ESVUFR
1537,6470,宇智,TW0006470008,2015-11-03,上櫃,通信網路業,ESVUFR
1538,6472,保瑞,TW0006472004,2017-04-19,上櫃,生技醫療業,ESVUFR
1539,6482,弘煜科,TW0006482003,2016-06-13,上櫃,文化創意業,ESVUFR
1540,6485,點序,TW0006485006,2015-11-17,上櫃,半導體業,ESVUFR
1541,6486,互動,TW0006486004,2016-09-13,上櫃,通信網路業,ESVUFR
1542,6488,環球晶,TW0006488000,2015-09-25,上櫃,半導體業,ESVUFR
1543,6492,生華科,TW0006492002,2017-04-24,上櫃,生技醫療業,ESVUFR
1544,6494,九齊,TW0006494008,2016-05-09,上櫃,半導體業,ESVUFR
1545,6496,科懋,TW0006496003,2016-01-07,上櫃,生技醫療業,ESVUFR
1546,6499,益安,TW0006499007,2016-07-27,上櫃,生技醫療業,ESVUFR
1547,6506,雙邦,TW0006506009,2011-05-03,上櫃,化學工業,ESVUFR
1548,6508,惠光,TW0006508005,2004-03-22,上櫃,農業科技業,ESVUFR
1549,6509,聚和,TW0006509003,2004-04-12,上櫃,化學工業,ESVUFR
1550,6510,精測,TW0006510001,2016-03-24,上櫃,半導體業,ESVUFR
1551,6512,啟發電,TW0006512007,2016-03-25,上櫃,其他電子業,ESVUFR
1552,6514,芮特-KY,KYG734231080,2015-12-02,上櫃,通信網路業,ESVUFR
1553,6516,勤崴國際,TW0006516008,2019-05-06,上櫃,資訊服務業,ESVUFR
1554,6523,達爾膚,TW0006523004,2016-06-16,上櫃,生技醫療業,ESVUFR
1555,6527,明達醫,TW0006527005,2019-12-25,上櫃,生技醫療業,ESVUFR
1556,6530,創威,TW0006530009,2018-01-23,上櫃,通信網路業,ESVUFR
1557,6532,瑞耘,TW0006532005,2016-09-26,上櫃,半導體業,ESVUFR
1558,6535,順藥,TW0006535008,2016-09-26,上櫃,生技醫療業,ESVUFR
1559,6538,倉和,TW0006538002,2016-10-21,上櫃,電子零組件業,ESVUFR
1560,6542,隆中,TW0006542004,2016-09-08,上櫃,文化創意業,ESVUFR
1561,6547,高端疫苗,TW0006547003,2018-04-17,上櫃,生技醫療業,ESVUFR
1562,6548,長科*,TW0006548001,2016-09-13,上櫃,半導體業,ESVUFR
1563,6556,勝品,TW0006556004,2017-10-31,上櫃,光電業,ESVUFR
1564,6560,欣普羅,TW0006560006,2017-01-24,上櫃,光電業,ESVUFR
1565,6561,是方,TW0006561004,2018-06-05,上櫃,通信網路業,ESVUFR
1566,6568,宏觀,TW0006568009,2016-12-28,上櫃,半導體業,ESVUFR
1567,6569,醫揚,TW0006569007,2016-12-21,上櫃,生技醫療業,ESVUFR
1568,6570,維田,TW0006570005,2017-12-11,上櫃,電腦及週邊設備業,ESVUFR
1569,6574,霈方,TW0006574007,2017-09-04,上櫃,生技醫療業,ESVUFR
1570,6576,逸達,TW0006576002,2018-06-29,上櫃,生技醫療業,ESVUFR
1571,6577,勁豐,TW0006577000,2017-03-21,上櫃,電腦及週邊設備業,ESVUFR
1572,6578,達邦蛋白,TW0006578008,2018-09-18,上櫃,農業科技業,ESVUFR
1573,6588,東典光電,TW0006588007,2020-07-01,上櫃,通信網路業,ESVUFR
1574,6589,台康生技,TW0006589005,2019-06-28,上櫃,生技醫療業,ESVUFR
1575,6590,普鴻,TW0006590003,2018-12-24,上櫃,資訊服務業,ESVUFR
1576,6593,台灣銘板,TW0006593007,2017-11-03,上櫃,資訊服務業,ESVUFR
1577,6594,展匯科,TW0006594005,2017-04-28,上櫃,半導體業,ESVUFR
1578,6596,寬宏藝術,TW0006596000,2018-01-04,上櫃,文化創意業,ESVUFR
1579,6603,富強鑫,TW0006603004,2004-04-05,上櫃,電機機械,ESVUFR
1580,6609,瀧澤科,TW0006609001,2003-09-23,上櫃,電機機械,ESVUFR
1581,6612,奈米醫材,TW0006612005,2018-07-18,上櫃,生技醫療業,ESVUFR
1582,6613,朋億,TW0006613003,2017-12-28,上櫃,其他電子業,ESVUFR
1583,6615,慧智,TW0006615008,2018-01-22,上櫃,生技醫療業,ESVUFR
1584,6616,特昇-KY,KYG870931030,2018-01-10,上櫃,其他業,ESVUFR
1585,6624,萬年清,TW0006624000,2019-05-28,上櫃,其他業,ESVUFR
1586,6629,泰金-KY,KYG877791072,2019-06-06,上櫃,其他業,ESVUFR
1587,6640,均華,TW0006640006,2018-10-23,上櫃,半導體業,ESVUFR
1588,6642,富致,TW0006642002,2019-09-23,上櫃,電子零組件業,ESVUFR
1589,6643,M31,TW0006643000,2019-01-23,上櫃,半導體業,ESVUFR
1590,6649,台生材,TW0006649007,2019-06-05,上櫃,生技醫療業,ESVUFR
1591,6651,全宇昕,TW0006651003,2021-02-01,上櫃,半導體業,ESVUFR
1592,6654,天正國際,TW0006654007,2018-10-23,上櫃,其他電子業,ESVUFR
1593,6661,威健生技,TW0006661002,2021-01-27,上櫃,生技醫療業,ESVUFR
1594,6662,樂斯科,TW0006662000,2019-03-26,上櫃,生技醫療業,ESVUFR
1595,6664,群翊,TW0006664006,2018-09-12,上櫃,電子零組件業,ESVUFR
1596,6667,信紘科,TW0006667009,2018-11-13,上櫃,其他電子業,ESVUFR
1597,6679,鈺太,TW0006679004,2019-05-09,上櫃,半導體業,ESVUFR
1598,6680,鑫創電子,TW0006680002,2019-09-16,上櫃,電腦及週邊設備業,ESVUFR
1599,6683,雍智科技,TW0006683006,2019-04-23,上櫃,半導體業,ESVUFR
1600,6690,安碁資訊,TW0006690001,2019-10-30,上櫃,資訊服務業,ESVUFR
1601,6697,東捷資訊,TW0006697006,2019-12-26,上櫃,資訊服務業,ESVUFR
1602,6703,軒郁,TW0006703002,2020-10-20,上櫃,生技醫療業,ESVUFR
1603,6712,長聖,TW0006712003,2021-01-08,上櫃,生技醫療業,ESVUFR
1604,6716,應廣,TW0006716004,2020-03-27,上櫃,半導體業,ESVUFR
1605,6727,亞泰金屬,TW0006727001,2020-12-01,上櫃,電子零組件業,ESVUFR
1606,6728,上洋,TW0006728009,2020-12-25,上櫃,貿易百貨業,ESVUFR
1607,6732,昇佳電子,TW0006732001,2020-06-08,上櫃,半導體業,ESVUFR
1608,6733,博晟生醫,TW0006733009,2021-01-28,上櫃,生技醫療業,ESVUFR
1609,6747,亨泰光,TW0006747009,2021-01-19,上櫃,生技醫療業,ESVUFR
1610,6751,智聯服務,TW0006751001,2020-12-25,上櫃,資訊服務業,ESVUFR
1611,6752,叡揚,TW0006752009,2020-12-10,上櫃,資訊服務業,ESVUFR
1612,6762,達亞,TW0006762008,2020-12-18,上櫃,生技醫療業,ESVUFR
1613,6767,台微醫,TW0006767007,2021-01-25,上櫃,生技醫療業,ESVUFR
1614,6803,崑鼎,TW0006803000,2010-05-27,上櫃,其他業,ESVUFR
1615,7402,邑錡,TW0007402000,2015-12-29,上櫃,光電業,ESVUFR
1616,7556,意德士,TW0007556B10,2020-10-30,上櫃,半導體業,ESVUFR
1617,8024,佑華,TW0008024001,2006-09-25,上櫃,半導體業,ESVUFR
1618,8027,鈦昇,TW0008027004,2015-06-09,上櫃,電機機械,ESVUFR
1619,8032,光菱,TW0008032004,2003-10-02,上櫃,電子通路業,ESVUFR
1620,8034,榮群,TW0008034000,2004-05-06,上櫃,通信網路業,ESVUFR
1621,8038,長園科,TW0008038001,2013-11-21,上櫃,電子零組件業,ESVUFR
1622,8040,九暘,TW0008040007,2007-04-30,上櫃,半導體業,ESVUFR
1623,8042,金山電,TW0008042003,2004-03-22,上櫃,電子零組件業,ESVUFR
1624,8043,蜜望實,TW0008043001,2003-10-24,上櫃,電子零組件業,ESVUFR
1625,8044,網家,TW0008044009,2005-01-24,上櫃,電子商務,ESVUFR
1626,8047,星雲,TW0008047002,2004-02-09,上櫃,其他電子業,ESVUFR
1627,8048,德勝,TW0008048000,2009-09-08,上櫃,通信網路業,ESVUFR
1628,8049,晶采,TW0008049008,2004-02-02,上櫃,光電業,ESVUFR
1629,8050,廣積,TW0008050006,2003-10-24,上櫃,電腦及週邊設備業,ESVUFR
1630,8054,安國,TW0008054008,2004-11-08,上櫃,半導體業,ESVUFR
1631,8059,凱碩,TW0008059007,2010-03-16,上櫃,通信網路業,ESVUFR
1632,8064,東捷,TW0008064007,2006-09-25,上櫃,光電業,ESVUFR
1633,8066,來思達,TW0008066002,2004-12-24,上櫃,貿易百貨業,ESVUFR
1634,8067,志旭,TW0008067000,2004-04-23,上櫃,電子通路業,ESVUFR
1635,8068,全達,TW0008068008,2004-03-25,上櫃,電子通路業,ESVUFR
1636,8069,元太,TW0008069006,2004-03-30,上櫃,光電業,ESVUFR
1637,8071,能率網通,TW0008071002,2003-12-29,上櫃,電子零組件業,ESVUFR
1638,8074,鉅橡,TW0008074006,2004-01-27,上櫃,電子零組件業,ESVUFR
1639,8076,伍豐,TW0008076001,2003-12-15,上櫃,電腦及週邊設備業,ESVUFR
1640,8077,洛碁,TW0008077009,2004-12-06,上櫃,觀光事業,ESVUFR
1641,8083,瑞穎,TW0008083007,2004-09-23,上櫃,電機機械,ESVUFR
1642,8084,巨虹,TW0008084005,2004-03-08,上櫃,電子通路業,ESVUFR
1643,8085,福華,TW0008085002,2004-03-01,上櫃,其他電子業,ESVUFR
1644,8086,宏捷科,TW0008086000,2009-06-01,上櫃,半導體業,ESVUFR
1645,8087,華鎂鑫,TW0008087008,2004-02-25,上櫃,光電業,ESVUFR
1646,8088,品安,TW0008088006,2004-02-27,上櫃,半導體業,ESVUFR
1647,8089,康全電訊,TW0008089004,2020-09-23,上櫃,通信網路業,ESVUFR
1648,8091,翔名,TW0008091000,2004-06-24,上櫃,電子零組件業,ESVUFR
1649,8092,建暐,TW0008092008,2004-02-02,上櫃,其他電子業,ESVUFR
1650,8093,保銳,TW0008093006,2004-12-31,上櫃,電子零組件業,ESVUFR
1651,8096,擎亞,TW0008096009,2004-07-15,上櫃,電子通路業,ESVUFR
1652,8097,常珵,TW0008097007,2004-03-01,上櫃,通信網路業,ESVUFR
1653,8099,大世科,TW0008099003,2004-03-29,上櫃,資訊服務業,ESVUFR
1654,8107,大億金茂,TW0008107004,2005-11-15,上櫃,電機機械,ESVUFR
1655,8109,博大,TW0008109000,2005-03-22,上櫃,電子零組件業,ESVUFR
1656,8111,立碁,TW0008111006,2004-02-09,上櫃,光電業,ESVUFR
1657,8121,越峰,TW0008121005,2005-02-17,上櫃,電子零組件業,ESVUFR
1658,8147,正淩,TW0008147000,2013-04-30,上櫃,電子零組件業,ESVUFR
1659,8155,博智,TW0008155003,2012-12-18,上櫃,電子零組件業,ESVUFR
1660,8171,天宇,TW0008171000,2011-12-19,上櫃,通信網路業,ESVUFR
1661,8176,智捷,TW0008176009,2013-06-25,上櫃,通信網路業,ESVUFR
1662,8182,加高,TW0008182007,2006-05-25,上櫃,電子零組件業,ESVUFR
1663,8183,精星,TW0008183005,2005-03-30,上櫃,其他電子業,ESVUFR
1664,8234,新漢,TW0008234006,2007-06-07,上櫃,電腦及週邊設備業,ESVUFR
1665,8240,華宏,TW0008240003,2005-06-23,上櫃,光電業,ESVUFR
1666,8255,朋程,TW0008255001,2006-04-25,上櫃,電機機械,ESVUFR
1667,8277,商丞,TW0008277005,2004-12-27,上櫃,半導體業,ESVUFR
1668,8279,生展,TW0008279001,2016-09-26,上櫃,生技醫療業,ESVUFR
1669,8284,三竹,TW0008284001,2020-05-18,上櫃,資訊服務業,ESVUFR
1670,8289,泰藝,TW0008289000,2008-04-24,上櫃,電子零組件業,ESVUFR
1671,8291,尚茂,TW0008291006,2011-11-29,上櫃,電子零組件業,ESVUFR
1672,8299,群聯,TW0008299009,2004-12-06,上櫃,半導體業,ESVUFR
1673,8342,益張,TW0008342007,2017-11-23,上櫃,其他業,ESVUFR
1674,8349,恒耀,TW0008349002,2006-03-10,上櫃,鋼鐵工業,ESVUFR
1675,8354,冠好,TW0008354002,2004-04-15,上櫃,塑膠工業,ESVUFR
1676,8358,金居,TW0008358003,2010-09-27,上櫃,電子零組件業,ESVUFR
1677,8383,千附,TW0008383001,2004-09-10,上櫃,其他電子業,ESVUFR
1678,8390,金益鼎,TW0008390006,2008-05-21,上櫃,其他業,ESVUFR
1679,8401,白紗科,TW0008401001,2010-03-29,上櫃,其他業,ESVUFR
1680,8403,盛弘,TW0008403007,2011-03-01,上櫃,生技醫療業,ESVUFR
1681,8406,金可-KY,KYG390101064,2012-04-27,上櫃,生技醫療業,ESVUFR
1682,8409,商之器,TW0008409004,2013-11-25,上櫃,生技醫療業,ESVUFR
1683,8410,森田,TW0008410002,2011-02-23,上櫃,電腦及週邊設備業,ESVUFR
1684,8415,大國鋼,TW0008415001,2016-09-07,上櫃,鋼鐵工業,ESVUFR
1685,8416,實威,TW0008416009,2012-09-19,上櫃,資訊服務業,ESVUFR
1686,8418,捷必勝-KY,KYG520981039,2011-12-06,上櫃,其他業,ESVUFR
1687,8420,明揚,TW0008420001,2014-11-10,上櫃,其他業,ESVUFR
1688,8421,旭源,TW0008421009,2012-11-23,上櫃,其他業,ESVUFR
1689,8423,保綠-KY,KYG715991074,2012-03-14,上櫃,其他業,ESVUFR
1690,8424,惠普,TW0008424003,2012-12-18,上櫃,建材營造業,ESVUFR
1691,8426,紅木-KY,KYG7457N1051,2011-12-13,上櫃,其他業,ESVUFR
1692,8431,匯鑽科,TW0008431008,2015-03-30,上櫃,其他電子業,ESVUFR
1693,8432,東生華,TW0008432006,2012-04-30,上櫃,生技醫療業,ESVUFR
1694,8433,弘帆,TW0008433004,2012-12-19,上櫃,貿易百貨業,ESVUFR
1695,8435,鉅邁,TW0008435009,2012-12-28,上櫃,其他業,ESVUFR
1696,8436,大江,TW0008436007,2013-09-12,上櫃,生技醫療業,ESVUFR
1697,8437,大地-KY,KYG2615N1051,2015-05-06,上櫃,其他業,ESVUFR
1698,8440,綠電,TW0008440009,2018-03-28,上櫃,其他業,ESVUFR
1699,8444,綠河-KY,KYG409691006,2015-10-27,上櫃,其他業,ESVUFR
1700,8446,華研,TW0008446006,2013-12-19,上櫃,文化創意業,ESVUFR
1701,8450,霹靂,TW0008450008,2014-10-07,上櫃,文化創意業,ESVUFR
1702,8455,大拓-KY,KYG264101034,2016-01-08,上櫃,其他電子業,ESVUFR
1703,8472,夠麻吉,TW0008472002,2016-01-11,上櫃,電子商務,ESVUFR
1704,8476,台境,TW0008476003,2017-03-28,上櫃,其他業,ESVUFR
1705,8477,創業家,TW0008477001,2016-10-31,上櫃,電子商務,ESVUFR
1706,8489,三貝德,TW0008489006,2017-04-27,上櫃,文化創意業,ESVUFR
1707,8905,裕國,TW0008905001,1996-01-31,上櫃,其他業,ESVUFR
1708,8906,花王,TW0008906009,1996-04-23,上櫃,其他業,ESVUFR
1709,8908,欣雄,TW0008908005,1997-02-14,上櫃,油電燃氣業,ESVUFR
1710,8916,光隆,TW0008916008,1999-04-20,上櫃,其他業,ESVUFR
1711,8917,欣泰,TW0008917006,1999-05-06,上櫃,油電燃氣業,ESVUFR
1712,8921,沈氏,TW0008921008,2000-03-21,上櫃,其他業,ESVUFR
1713,8923,時報,TW0008923004,1999-12-27,上櫃,文化創意業,ESVUFR
1714,8924,大田,TW0008924002,2000-02-09,上櫃,其他業,ESVUFR
1715,8927,北基,TW0008927005,2000-11-02,上櫃,油電燃氣業,ESVUFR
1716,8928,鉅明,TW0008928003,2001-02-02,上櫃,其他業,ESVUFR
1717,8929,富堡,TW0008929001,2000-11-30,上櫃,其他業,ESVUFR
1718,8930,青鋼,TW0008930009,2000-12-06,上櫃,鋼鐵工業,ESVUFR
1719,8931,大汽電,TW0008931007,2001-05-10,上櫃,油電燃氣業,ESVUFR
1720,8932,宏大,TW0008932005,2001-03-29,上櫃,其他業,ESVUFR
1721,8933,愛地雅,TW0008933003,2001-03-28,上櫃,其他業,ESVUFR
1722,8935,邦泰,TW0008935008,2002-03-26,上櫃,其他業,ESVUFR
1723,8936,國統,TW0008936006,2002-09-09,上櫃,其他業,ESVUFR
1724,8937,合騏,TW0008937004,2002-10-29,上櫃,其他業,ESVUFR
1725,8938,明安,TW0008938002,2002-12-02,上櫃,其他業,ESVUFR
1726,8941,關中,TW0008941006,2003-01-20,上櫃,貿易百貨業,ESVUFR
1727,8942,森鉅,TW0008942004,2003-05-16,上櫃,其他業,ESVUFR
1728,9949,琉園,TW0009949008,2003-11-21,上櫃,文化創意業,ESVUFR
1729,9950,萬國通,TW0009950006,2004-02-17,上櫃,塑膠工業,ESVUFR
1730,9951,皇田,TW0009951004,2003-12-18,上櫃,電機機械,ESVUFR
1731,9960,邁達康,TW0009960005,2004-12-06,上櫃,貿易百貨業,ESVUFR
1732,9962,有益,TW0009962001,2006-07-10,上櫃,鋼鐵工業,ESVUFR
