stock_id,date,BuyAfterSale,Volume,BuyAmount,SellAmount
1453,2016-02-01,,0,0,0
1453,2016-02-02,,0,0,0
1453,2016-02-03,,11000,83660,83960
1453,2016-02-15,,0,0,0
1453,2016-02-16,,2000,15400,15320
1453,2016-02-17,,0,0,0
1453,2016-02-18,,0,0,0
1453,2016-02-19,,0,0,0
1453,2016-02-22,,0,0,0
1453,2016-02-23,,3000,22740,22920
1453,2016-02-24,,0,0,0
1453,2016-02-25,,0,0,0
1453,2016-02-26,,12000,93300,94620
1453,2016-03-01,,4000,32480,32910
1453,2016-03-02,,43000,368250,364860
1453,2016-03-03,,0,0,0
1453,2016-03-04,,0,0,0
1453,2016-03-07,,0,0,0
1453,2016-03-08,,0,0,0
1453,2016-03-09,,0,0,0
1453,2016-03-10,,0,0,0
1453,2016-03-11,,0,0,0
1453,2016-03-14,,1000,8200,8310
1453,2016-03-15,,0,0,0
1453,2016-03-16,,0,0,0
1453,2016-03-17,,0,0,0
1453,2016-03-18,,0,0,0
1453,2016-03-21,,11000,92750,94500
1453,2016-03-22,,10000,86600,83060
1453,2016-03-23,,2000,17160,17340
1453,2016-03-24,,0,0,0
1453,2016-03-25,,5000,46100,44750
1453,2016-03-28,,1000,9380,9260
1453,2016-03-29,,0,0,0
1453,2016-03-30,,0,0,0
1453,2016-03-31,,0,0,0
1453,2016-04-01,,3000,26430,27000
1453,2016-04-06,,0,0,0
1453,2016-04-07,,0,0,0
1453,2016-04-08,,1000,8230,8390
1453,2016-04-11,Y,0,0,0
1453,2016-04-12,Y,2000,17060,16960
1453,2016-04-13,Y,1000,8410,8580
1453,2016-04-14,Y,0,0,0
1453,2016-04-15,Y,1000,8370,8440
1453,2016-04-18,,0,0,0
1453,2016-04-19,,2000,17160,17430
1453,2016-04-20,,0,0,0
1453,2016-04-21,,1000,8420,8480
1453,2016-04-22,,10000,86360,86000
1453,2016-04-25,,0,0,0
1453,2016-04-26,,2000,17130,17320
1453,2016-04-27,,0,0,0
1453,2016-04-28,,0,0,0
1453,2016-04-29,,0,0,0
1453,2016-05-03,,0,0,0
1453,2016-05-04,,2000,16400,16720
1453,2016-05-05,,0,0,0
1453,2016-05-06,,2000,16620,16850
1453,2016-05-09,,0,0,0
1453,2016-05-10,,15000,126650,127680
1453,2016-05-11,,0,0,0
1453,2016-05-12,,0,0,0
1453,2016-05-13,,2000,16980,16940
1453,2016-05-16,,0,0,0
1453,2016-05-17,,0,0,0
1453,2016-05-18,,0,0,0
1453,2016-05-19,,0,0,0
1453,2016-05-20,,0,0,0
1453,2016-05-23,,0,0,0
1453,2016-05-24,,0,0,0
1453,2016-05-25,,1000,8250,8360
1453,2016-05-26,,0,0,0
1453,2016-05-27,,0,0,0
1453,2016-05-30,,0,0,0
1453,2016-05-31,,1000,8270,8320
1453,2016-06-01,,0,0,0
1453,2016-06-02,,1000,8250,8280
1453,2016-06-03,,0,0,0
1453,2016-06-06,,0,0,0
1453,2016-06-07,,3000,24690,25040
1453,2016-06-08,,2000,16500,16800
1453,2016-06-13,,1000,8230,8330
1453,2016-06-14,,0,0,0
1453,2016-06-15,,0,0,0
1453,2016-06-16,,0,0,0
1453,2016-06-17,,2000,16640,16810
1453,2016-06-20,,0,0,0
1453,2016-06-21,,4000,32970,33500
1453,2016-06-22,,2000,16680,17140
1453,2016-06-23,,0,0,0
1453,2016-06-24,,2000,16510,16500
1453,2016-06-27,,2000,16400,16560
1453,2016-06-28,,0,0,0
1453,2016-06-29,,10000,84400,83000
1453,2016-06-30,,3000,24980,25170
1453,2016-07-01,,1000,8340,8400
1453,2016-07-04,,0,0,0
1453,2016-07-05,,0,0,0
1453,2016-07-06,,1000,8280,8330
1453,2016-07-07,,0,0,0
1453,2016-07-11,,0,0,0
1453,2016-07-12,,2000,16440,16400
1453,2016-07-13,,3000,24610,24750
1453,2016-07-14,,3000,24510,24830
1453,2016-07-15,,3000,24580,24660
1453,2016-07-18,,2000,16380,16380
1453,2016-07-19,,3000,24370,24550
1453,2016-07-20,,0,0,0
1453,2016-07-21,,0,0,0
1453,2016-07-22,,1000,8060,8270
1453,2016-07-25,,0,0,0
1453,2016-07-26,,2000,16020,16080
1453,2016-07-27,,2000,16020,16020
1453,2016-07-28,,2000,16140,16520
1453,2016-07-29,,2000,16070,16080
1453,2016-08-01,,0,0,0
1453,2016-08-02,,0,0,0
1453,2016-08-03,,0,0,0
1453,2016-08-04,,0,0,0
1453,2016-08-05,Y,0,0,0
1453,2016-08-08,Y,0,0,0
1453,2016-08-09,Y,0,0,0
1453,2016-08-10,Y,0,0,0
1453,2016-08-11,Y,0,0,0
1453,2016-08-12,,1000,7890,7990
1453,2016-08-15,,0,0,0
1453,2016-08-16,,0,0,0
1453,2016-08-17,,0,0,0
1453,2016-08-18,,0,0,0
1453,2016-08-19,,0,0,0
1453,2016-08-22,,0,0,0
1453,2016-08-23,,0,0,0
1453,2016-08-24,,0,0,0
1453,2016-08-25,,0,0,0
1453,2016-08-26,,0,0,0
1453,2016-08-29,,0,0,0
1453,2016-08-30,,1000,7880,8080
1453,2016-08-31,,0,0,0
1453,2016-09-01,,1000,7930,8110
1453,2016-09-02,,0,0,0
1453,2016-09-05,,0,0,0
1453,2016-09-06,,0,0,0
1453,2016-09-07,,0,0,0
1453,2016-09-08,,0,0,0
1453,2016-09-09,,0,0,0
1453,2016-09-12,,0,0,0
1453,2016-09-13,,0,0,0
1453,2016-09-14,,1000,7970,8070
1453,2016-09-19,,0,0,0
1453,2016-09-20,,4000,31640,32260
1453,2016-09-21,,0,0,0
1453,2016-09-22,,0,0,0
1453,2016-09-23,,0,0,0
1453,2016-09-26,,0,0,0
1453,2016-09-27,,0,0,0
1453,2016-09-28,,0,0,0
1453,2016-09-29,,0,0,0
1453,2016-09-30,,0,0,0
1453,2016-10-03,,0,0,0
1453,2016-10-04,,0,0,0
1453,2016-10-05,,0,0,0
1453,2016-10-06,,1000,8120,8210
1453,2016-10-07,,0,0,0
1453,2016-10-11,,0,0,0
1453,2016-10-12,,1000,7720,7800
1453,2016-10-13,,0,0,0
1453,2016-10-14,,0,0,0
1453,2016-10-17,,0,0,0
1453,2016-10-18,,1000,7880,7930
1453,2016-10-19,,0,0,0
1453,2016-10-20,,0,0,0
1453,2016-10-21,,0,0,0
1453,2016-10-24,,0,0,0
1453,2016-10-25,,0,0,0
1453,2016-10-26,,0,0,0
1453,2016-10-27,,1000,7900,7900
1453,2016-10-28,,0,0,0
1453,2016-10-31,,1000,7890,8080
1453,2016-11-01,,0,0,0
1453,2016-11-02,,1000,7900,7980
1453,2016-11-03,,0,0,0
1453,2016-11-04,,0,0,0
1453,2016-11-07,,2000,15840,16000
1453,2016-11-08,,0,0,0
1453,2016-11-09,,0,0,0
1453,2016-11-10,,0,0,0
1453,2016-11-11,,0,0,0
1453,2016-11-14,,0,0,0
1453,2016-11-15,,0,0,0
1453,2016-11-16,,0,0,0
1453,2016-11-17,,0,0,0
1453,2016-11-18,,0,0,0
1453,2016-11-21,,0,0,0
1453,2016-11-22,,0,0,0
1453,2016-11-23,,0,0,0
1453,2016-11-24,,0,0,0
1453,2016-11-25,,0,0,0
1453,2016-11-28,,1000,7890,7950
1453,2016-11-29,,0,0,0
1453,2016-11-30,,1000,7880,7990
1453,2016-12-01,,3000,23400,23850
1453,2016-12-02,,0,0,0
1453,2016-12-05,,0,0,0
1453,2016-12-06,,1000,7890,8020
1453,2016-12-07,,0,0,0
1453,2016-12-08,,0,0,0
1453,2016-12-09,,0,0,0
1453,2016-12-12,,0,0,0
1453,2016-12-13,,0,0,0
1453,2016-12-14,,0,0,0
1453,2016-12-15,,0,0,0
1453,2016-12-16,,0,0,0
1453,2016-12-19,,0,0,0
1453,2016-12-20,,0,0,0
1453,2016-12-21,,1000,7820,7900
1453,2016-12-22,,0,0,0
1453,2016-12-23,,1000,7740,7850
1453,2016-12-26,,0,0,0
1453,2016-12-27,,0,0,0
1453,2016-12-28,,0,0,0
1453,2016-12-29,,0,0,0
1453,2016-12-30,,0,0,0
1453,2017-01-03,,1000,7840,7970
1453,2017-01-04,,0,0,0
1453,2017-01-05,,1000,7910,7970
1453,2017-01-06,,3000,23790,23760
1453,2017-01-09,,0,0,0
1453,2017-01-10,,0,0,0
1453,2017-01-11,,1000,7810,7890
1453,2017-01-12,,0,0,0
1453,2017-01-13,,0,0,0
1453,2017-01-16,,0,0,0
1453,2017-01-17,,0,0,0
1453,2017-01-18,,0,0,0
1453,2017-01-19,,0,0,0
1453,2017-01-20,,0,0,0
1453,2017-01-23,,0,0,0
1453,2017-01-24,,0,0,0
1453,2017-02-02,,0,0,0
1453,2017-02-03,,9000,70610,71660
1453,2017-02-06,,1000,7910,7970
1453,2017-02-07,,0,0,0
1453,2017-02-08,,0,0,0
1453,2017-02-09,,0,0,0
1453,2017-02-10,,0,0,0
1453,2017-02-13,,1000,7890,7980
1453,2017-02-14,,0,0,0
1453,2017-02-15,,1000,8100,8070
1453,2017-02-16,,0,0,0
1453,2017-02-17,,0,0,0
1453,2017-02-20,,0,0,0
1453,2017-02-21,,0,0,0
1453,2017-02-22,,0,0,0
1453,2017-02-23,,0,0,0
1453,2017-02-24,,0,0,0
1453,2017-03-01,,0,0,0
1453,2017-03-02,,0,0,0
1453,2017-03-03,,0,0,0
1453,2017-03-06,,0,0,0
1453,2017-03-07,,0,0,0
1453,2017-03-08,,0,0,0
1453,2017-03-09,,0,0,0
1453,2017-03-10,,0,0,0
1453,2017-03-13,,0,0,0
1453,2017-03-14,,0,0,0
1453,2017-03-15,,0,0,0
1453,2017-03-16,,0,0,0
1453,2017-03-17,,0,0,0
1453,2017-03-20,,0,0,0
1453,2017-03-21,,0,0,0
1453,2017-03-22,,0,0,0
1453,2017-03-23,,0,0,0
1453,2017-03-24,,0,0,0
1453,2017-03-27,,0,0,0
1453,2017-03-28,,0,0,0
1453,2017-03-29,,1000,7880,8020
1453,2017-03-30,,0,0,0
1453,2017-03-31,,0,0,0
1453,2017-04-05,,0,0,0
1453,2017-04-06,,0,0,0
1453,2017-04-07,,11000,86960,87950
1453,2017-04-10,Y,10000,79280,80730
1453,2017-04-11,Y,1000,7910,7880
1453,2017-04-12,Y,4000,32100,31600
1453,2017-04-13,Y,2000,15940,15800
1453,2017-04-14,Y,0,0,0
1453,2017-04-17,,0,0,0
1453,2017-04-18,,0,0,0
1453,2017-04-19,,0,0,0
1453,2017-04-20,,0,0,0
1453,2017-04-21,,0,0,0
1453,2017-04-24,,0,0,0
1453,2017-04-25,,0,0,0
1453,2017-04-26,,0,0,0
1453,2017-04-27,,0,0,0
1453,2017-04-28,,0,0,0
1453,2017-05-02,,1000,7820,7820
1453,2017-05-03,,0,0,0
1453,2017-05-04,,2000,15360,15460
1453,2017-05-05,,0,0,0
1453,2017-05-08,,0,0,0
1453,2017-05-09,,0,0,0
1453,2017-05-10,,6000,46140,46820
1453,2017-05-11,,8000,62780,62110
1453,2017-05-12,,0,0,0
1453,2017-05-15,,1000,7740,7740
1453,2017-05-16,,2000,15650,15650
1453,2017-05-17,,0,0,0
1453,2017-05-18,,1000,7730,7730
1453,2017-05-19,,1000,7790,7840
1453,2017-05-22,,0,0,0
1453,2017-05-23,,0,0,0
1453,2017-05-24,,0,0,0
1453,2017-05-25,,2000,15630,15730
1453,2017-05-26,,0,0,0
1453,2017-05-31,,0,0,0
1453,2017-06-01,,1000,7780,7780
1453,2017-06-02,,1000,7710,7710
1453,2017-06-05,,0,0,0
1453,2017-06-06,,0,0,0
1453,2017-06-07,,0,0,0
1453,2017-06-08,,0,0,0
1453,2017-06-09,,347000,2993040,2992060
1453,2017-06-12,,1287000,12150800,12173160
1453,2017-06-13,,200000,1859890,1849420
1453,2017-06-14,,455000,4179830,4201050
1453,2017-06-15,,299000,2684640,2672990
1453,2017-06-16,,86000,756810,760750
1453,2017-06-19,,44000,387440,385060
1453,2017-06-20,,74000,645370,650980
1453,2017-06-21,,9000,77490,77400
1453,2017-06-22,,53000,443390,447080
1453,2017-06-23,,28000,234100,235710
1453,2017-06-26,,13000,110110,109830
1453,2017-06-27,,5000,42000,42350
1453,2017-06-28,,5000,41630,42060
1453,2017-06-29,,13000,107470,108250
1453,2017-06-30,,2000,16530,16690
1453,2017-07-03,,34000,277690,281130
1453,2017-07-04,,1000,8270,8260
1453,2017-07-05,,1000,8250,8250
1453,2017-07-06,,0,0,0
1453,2017-07-07,,0,0,0
1453,2017-07-10,,2000,16280,16560
1453,2017-07-11,,11000,87670,86550
1453,2017-07-12,,37000,283900,287370
1453,2017-07-13,,9000,70460,71150
1453,2017-07-14,,1000,7680,7820
1453,2017-07-17,,1000,7760,7820
1453,2017-07-18,,0,0,0
1453,2017-07-19,,2000,15580,15770
1453,2017-07-20,,2000,15600,15580
1453,2017-07-21,,0,0,0
1453,2017-07-24,,6000,46030,46670
1453,2017-07-25,,0,0,0
1453,2017-07-26,,0,0,0
1453,2017-07-27,,0,0,0
1453,2017-07-28,,2000,15500,15480
1453,2017-07-31,,1000,7670,7730
1453,2017-08-01,,2000,15320,15500
1453,2017-08-02,,0,0,0
1453,2017-08-03,,0,0,0
1453,2017-08-04,,0,0,0
1453,2017-08-07,,0,0,0
1453,2017-08-08,,0,0,0
1453,2017-08-09,,0,0,0
1453,2017-08-10,,40000,317760,321850
1453,2017-08-11,,81000,663460,663030
1453,2017-08-14,,8000,63340,62860
1453,2017-08-15,,23000,179380,178690
1453,2017-08-16,,9000,69210,69180
1453,2017-08-17,,18000,137720,138640
1453,2017-08-18,,8000,60630,61270
1453,2017-08-21,,9000,69090,69310
1453,2017-08-22,,6000,46070,46180
1453,2017-08-23,,0,0,0
1453,2017-08-24,,4000,30580,30970
1453,2017-08-25,,3000,23050,23130
1453,2017-08-28,,19000,148670,148780
1453,2017-08-29,,4000,30950,31170
1453,2017-08-30,,8000,62220,62450
1453,2017-08-31,,548000,4612330,4663550
1453,2017-09-01,,89000,743080,729440
1453,2017-09-04,,967000,7910680,7996050
1453,2017-09-05,,264000,2176830,2211540
1453,2017-09-06,,253000,2074040,2105550
1453,2017-09-07,,1000,8220,8350
1453,2017-09-08,,6000,49480,49600
1453,2017-09-11,,1000,8130,8230
1453,2017-09-12,,2000,16360,16500
1453,2017-09-13,,1000,8140,8240
1453,2017-09-14,,0,0,0
1453,2017-09-15,,210000,1716050,1733040
1453,2017-09-18,,9000,73440,74210
1453,2017-09-19,,1025000,8491700,8474180
1453,2017-09-20,,12000,98160,98520
1453,2017-09-21,,2000,16450,16530
1453,2017-09-22,,2000,16460,16590
1453,2017-09-25,,3000,24370,24630
1453,2017-09-26,,0,0,0
1453,2017-09-27,,14000,113500,114520
1453,2017-09-28,,0,0,0
1453,2017-09-29,,0,0,0
1453,2017-10-02,,2000,16420,16600
1453,2017-10-03,,4000,32960,33220
1453,2017-10-05,,0,0,0
1453,2017-10-06,,0,0,0
1453,2017-10-11,,0,0,0
1453,2017-10-12,,1000,8060,8130
1453,2017-10-13,,0,0,0
1453,2017-10-16,,0,0,0
1453,2017-10-17,,0,0,0
1453,2017-10-18,,10000,81570,82000
1453,2017-10-19,,4000,32880,32970
1453,2017-10-20,,1000,8060,8150
1453,2017-10-23,,1000,8070,8140
1453,2017-10-24,,0,0,0
1453,2017-10-25,,1000,8020,8120
1453,2017-10-26,,0,0,0
1453,2017-10-27,,15000,118300,119530
1453,2017-10-30,,1000,7910,7970
1453,2017-10-31,,13000,102910,103870
1453,2017-11-01,,0,0,0
1453,2017-11-02,,1000,8060,8140
1453,2017-11-03,,0,0,0
1453,2017-11-06,,0,0,0
1453,2017-11-07,,0,0,0
1453,2017-11-08,,0,0,0
1453,2017-11-09,,0,0,0
1453,2017-11-10,,0,0,0
1453,2017-11-13,,2458000,25884480,25844050
1453,2017-11-14,,173000,1569850,1567260
1453,2017-11-15,,253000,2268270,2289760
1453,2017-11-16,,2000,18170,18220
1453,2017-11-17,,15000,134210,134950
1453,2017-11-20,,44000,392730,394290
1453,2017-11-21,,47000,423970,424940
1453,2017-11-22,,36000,325080,325400
1453,2017-11-23,,42000,377970,379300
1453,2017-11-24,,22000,196980,198430
1453,2017-11-27,,9000,81000,80100
1453,2017-11-28,,11000,97610,97980
1453,2017-11-29,,4000,35680,35810
1453,2017-11-30,,4000,35660,35890
1453,2017-12-01,,4000,35620,35700
1453,2017-12-04,,34000,302030,306530
1453,2017-12-05,,2000,17680,17840
1453,2017-12-06,,4000,35210,35520
1453,2017-12-07,,1000,8800,8910
1453,2017-12-08,,4000,35700,35900
1453,2017-12-11,,16000,144450,145860
1453,2017-12-12,,42000,388230,390160
1453,2017-12-13,,8000,74090,74390
1453,2017-12-14,,460000,4453910,4487880
1453,2017-12-15,,32000,302240,300330
1453,2017-12-18,,64000,596950,603270
1453,2017-12-19,,42000,413740,415500
1453,2017-12-20,,38000,374590,379730
1453,2017-12-21,,93000,953350,969100
1453,2017-12-22,,16000,164350,165150
1453,2017-12-25,,31000,311950,316800
1453,2017-12-26,,1000,9930,10050
1453,2017-12-27,,58000,583150,588550
1453,2017-12-28,,14000,140620,141900
1453,2017-12-29,,8000,80600,80150
1453,2018-01-02,,22000,222000,220150
1453,2018-01-03,,285000,2966700,2957550
1453,2018-01-04,,296000,3138150,3162500
1453,2018-01-05,,57000,609950,613450
1453,2018-01-08,,48000,500600,504250
1453,2018-01-09,,45000,455350,458500
1453,2018-01-10,,75000,755800,758030
1453,2018-01-11,,50000,500100,501040
1453,2018-01-12,,33000,331650,331900
1453,2018-01-15,,45000,449410,452200
1453,2018-01-16,,29000,288860,290930
1453,2018-01-17,,59000,590530,591220
1453,2018-01-18,,16000,159480,159220
1453,2018-01-19,,14000,138610,138340
1453,2018-01-22,,9000,88890,89140
1453,2018-01-23,,15000,148450,148770
1453,2018-01-24,,6000,58980,59250
1453,2018-01-25,,4000,39670,39910
1453,2018-01-26,,0,0,0
1453,2018-01-29,,7000,69150,68950
1453,2018-01-30,,5000,49250,49250
1453,2018-01-31,,0,0,0
1453,2018-02-01,,7000,69010,69000
1453,2018-02-02,,0,0,0
1453,2018-02-05,,8000,76360,79110
1453,2018-02-06,,11000,103410,104830
1453,2018-02-07,,17000,160310,161840
1453,2018-02-08,,5000,47250,47920
1453,2018-02-09,,4000,38010,37780
1453,2018-02-12,,3000,28230,29610
1453,2018-02-21,,4000,39340,39600
1453,2018-02-22,,4000,39400,39400
1453,2018-02-23,,17000,168780,168780
1453,2018-02-26,,3000,29880,29990
1453,2018-02-27,,3000,29990,30500
1453,2018-03-01,,21000,212650,213550
1453,2018-03-02,,15000,150000,150750
1453,2018-03-05,,13000,129550,129870
1453,2018-03-06,,3000,29850,29970
1453,2018-03-07,,0,0,0
1453,2018-03-08,,8000,79990,81400
1453,2018-03-09,,95000,983300,984200
1453,2018-03-12,,20000,203800,208450
1453,2018-03-13,,3000,30750,31050
1453,2018-03-14,,28000,285600,285600
1453,2018-03-15,,2000,20500,20500
1453,2018-03-16,,83000,843700,836800
1453,2018-03-19,,0,0,0
1453,2018-03-20,,20000,200150,202350
1453,2018-03-21,,38000,377180,378710
1453,2018-03-22,,64000,642830,650900
1453,2018-03-23,,3000,29760,29890
1453,2018-03-26,,1000,9930,9930
1453,2018-03-27,,0,0,0
1453,2018-03-28,,0,0,0
1453,2018-03-29,,0,0,0
1453,2018-03-30,,0,0,0
1453,2018-04-02,,1000,10000,10000
1453,2018-04-03,Y,0,0,0
1453,2018-04-09,Y,0,0,0
1453,2018-04-10,Y,4000,39940,40400
1453,2018-04-11,Y,1000,9990,10100
1453,2018-04-12,Y,1000,10000,10050
1453,2018-04-13,,5000,49750,50200
1453,2018-04-16,,0,0,0
1453,2018-04-17,,1000,9990,10100
1453,2018-04-18,,97000,996100,1021450
1453,2018-04-19,,235000,2554550,2566250
1453,2018-04-20,,402000,4457050,4423850
1453,2018-04-23,,1240000,14687950,14590400
1453,2018-04-24,,158000,1777700,1830800
1453,2018-04-25,,294000,3446250,3465800
1453,2018-04-26,,272000,3049750,3074550
1453,2018-04-27,,408000,4319250,4339350
1453,2018-04-30,,190000,2093950,2103200
1453,2018-05-02,,108000,1203900,1203900
1453,2018-05-03,,136000,1484300,1488100
1453,2018-05-04,,282000,3151150,3161300
1453,2018-05-07,,123000,1391500,1392350
1453,2018-05-08,,185000,2055650,2061600
1453,2018-05-09,,25000,278300,280850
1453,2018-05-10,,52000,579600,582150
1453,2018-05-11,,145000,1656300,1644100
1453,2018-05-14,,65000,712100,713450
1453,2018-05-15,,254000,2729300,2679950
1453,2018-05-16,,258000,2553370,2579450
1453,2018-05-17,,91000,895710,899370
1453,2018-05-18,,95000,938610,939630
1453,2018-05-21,,69000,690320,689670
1453,2018-05-22,,18000,179500,178860
1453,2018-05-23,,28000,276790,276570
1453,2018-05-24,,46000,453600,452540
1453,2018-05-25,,34000,334220,335310
1453,2018-05-28,,16000,158080,157540
1453,2018-05-29,,2000,19680,19690
1453,2018-05-30,,2000,19590,19720
1453,2018-05-31,,182000,1820080,1824190
1453,2018-06-01,,116000,1157790,1162270
1453,2018-06-04,,47000,470540,471000
1453,2018-06-05,,9000,89990,90300
1453,2018-06-06,,6000,60250,60500
1453,2018-06-07,,19000,192200,192750
1453,2018-06-08,,132000,1370850,1371100
1453,2018-06-11,,10000,100250,100170
1453,2018-06-12,,14000,137690,137970
1453,2018-06-13,,14000,137140,137240
1453,2018-06-14,,4000,38980,39270
1453,2018-06-15,,1000,9830,9840
1453,2018-06-19,,1000,9730,9800
1453,2018-06-20,,12000,115670,116450
1453,2018-06-21,,30000,287590,286340
1453,2018-06-22,,19000,177220,178040
1453,2018-06-25,,11000,101670,102200
1453,2018-06-26,,8000,73900,74800
1453,2018-06-27,,11000,102180,103070
1453,2018-06-28,,2000,18550,18560
1453,2018-06-29,,0,0,0
1453,2018-07-02,,1000,9260,9400
1453,2018-07-03,,0,0,0
1453,2018-07-04,,6000,54740,55420
1453,2018-07-05,,3000,27160,27410
1453,2018-07-06,,30000,260770,262140
1453,2018-07-09,,63000,552380,556020
1453,2018-07-10,,27000,245570,244120
1453,2018-07-11,,5000,44740,44870
1453,2018-07-12,,1000,9000,9180
1453,2018-07-13,,105000,983930,992900
1453,2018-07-16,,7000,65050,65210
1453,2018-07-17,,27000,243140,243800
1453,2018-07-18,,3000,27010,27140
1453,2018-07-19,,0,0,0
1453,2018-07-20,,0,0,0
1453,2018-07-23,,0,0,0
1453,2018-07-24,,1000,8960,9000
1453,2018-07-25,,3000,27160,27230
1453,2018-07-26,,2000,18060,18100
1453,2018-07-27,,5000,45300,45790
1453,2018-07-30,,6000,55320,55450
1453,2018-07-31,,1000,9160,9240
1453,2018-08-01,,2000,18480,18410
1453,2018-08-02,,4000,36570,36690
1453,2018-08-03,,4000,36600,36580
1453,2018-08-06,,2000,18440,18420
1453,2018-08-07,,4000,36730,36930
1453,2018-08-08,,0,0,0
1453,2018-08-09,,0,0,0
1453,2018-08-10,,0,0,0
1453,2018-08-13,,4000,35910,36400
1453,2018-08-14,,0,0,0
1453,2018-08-15,,9000,82530,82320
1453,2018-08-16,,6000,54410,54530
1453,2018-08-17,,4000,36080,36450
1453,2018-08-20,,3000,27230,27370
1453,2018-08-21,,1000,9020,9060
1453,2018-08-22,,1000,9060,9030
1453,2018-08-23,,4000,36020,36250
1453,2018-08-24,,1000,8950,8960
1453,2018-08-27,,2000,17800,17980
1453,2018-08-28,,0,0,0
1453,2018-08-29,,0,0,0
1453,2018-08-30,,0,0,0
1453,2018-08-31,,10000,91030,91140
1453,2018-09-03,,11000,101090,101560
1453,2018-09-04,,24000,220640,221140
1453,2018-09-05,,5000,45680,45930
1453,2018-09-06,,0,0,0
1453,2018-09-07,,1000,9070,9000
1453,2018-09-10,,6000,53140,53430
1453,2018-09-11,,9000,80100,80100
1453,2018-09-12,,0,0,0
1453,2018-09-13,,1000,8890,8950
1453,2018-09-14,,5000,44750,44750
1453,2018-09-17,,2000,17920,17820
1453,2018-09-18,,2000,17740,17680
1453,2018-09-19,,20000,176410,179370
1453,2018-09-20,,0,0,0
1453,2018-09-21,,1000,9030,9080
1453,2018-09-25,,9000,80860,80640
1453,2018-09-26,,2000,17900,17900
1453,2018-09-27,,7000,62950,63100
1453,2018-09-28,,2000,17930,18020
1453,2018-10-01,,3000,26920,27040
1453,2018-10-02,,2000,17800,17960
1453,2018-10-03,,0,0,0
1453,2018-10-04,,0,0,0
1453,2018-10-05,,1000,8760,8840
1453,2018-10-08,,2000,17440,17610
1453,2018-10-09,,1000,8780,8840
1453,2018-10-11,,5000,42650,42000
1453,2018-10-12,,7000,58870,59440
1453,2018-10-15,,1000,8510,8500
1453,2018-10-16,,7000,60430,61390
1453,2018-10-17,,19000,165610,166070
1453,2018-10-18,,5000,43150,43640
1453,2018-10-19,,1000,8630,8630
1453,2018-10-22,,3000,25510,25760
1453,2018-10-23,,0,0,0
1453,2018-10-24,,1000,8420,8530
1453,2018-10-25,,3000,25200,25630
1453,2018-10-26,,4000,34160,34320
1453,2018-10-29,,2000,16680,17000
1453,2018-10-30,,4000,33310,33870
1453,2018-10-31,,5000,42250,42000
1453,2018-11-01,,0,0,0
1453,2018-11-02,,1000,8370,8480
1453,2018-11-05,,1000,8320,8370
1453,2018-11-06,,1000,8310,8380
1453,2018-11-07,,0,0,0
1453,2018-11-08,,0,0,0
1453,2018-11-09,,4000,34000,33890
1453,2018-11-12,,3000,25420,25710
1453,2018-11-13,,0,0,0
1453,2018-11-14,,2000,17470,17350
1453,2018-11-15,,1000,8730,8800
1453,2018-11-16,,0,0,0
1453,2018-11-19,,32000,283480,283920
1453,2018-11-20,,0,0,0
1453,2018-11-21,,2000,17400,17520
1453,2018-11-22,,2000,17400,17700
1453,2018-11-23,,0,0,0
1453,2018-11-26,,2000,17420,17580
1453,2018-11-27,,2000,17600,17600
1453,2018-11-28,,0,0,0
1453,2018-11-29,,0,0,0
1453,2018-11-30,,0,0,0
1453,2018-12-03,,2000,17760,17810
1453,2018-12-04,,0,0,0
1453,2018-12-05,,3000,26400,26790
1453,2018-12-06,,1000,8800,8920
1453,2018-12-07,,2000,18090,18270
1453,2018-12-10,,11000,98110,98430
1453,2018-12-11,,14000,125560,126720
1453,2018-12-12,,1000,9080,9080
1453,2018-12-13,,0,0,0
1453,2018-12-14,,0,0,0
1453,2018-12-17,,0,0,0
1453,2018-12-18,,0,0,0
1453,2018-12-19,,1000,9000,9100
1453,2018-12-20,,1000,9000,9000
1453,2018-12-21,,6000,53610,54000
1453,2018-12-24,,1000,9040,9040
1453,2018-12-25,,0,0,0
1453,2018-12-26,,25000,230080,232690
1453,2018-12-27,,2000,18550,18600
1453,2018-12-28,,10000,91670,92240
1453,2019-01-02,,0,0,0
1453,2019-01-03,,0,0,0
1453,2019-01-04,,26000,235210,238280
1453,2019-01-07,,7000,63350,64110
1453,2019-01-08,,1000,9140,9250
1453,2019-01-09,,1000,9100,9230
1453,2019-01-10,,0,0,0
1453,2019-01-11,,2000,18250,18350
1453,2019-01-14,,10000,90500,91050
1453,2019-01-15,,1000,9090,9200
1453,2019-01-16,,4000,36350,36770
1453,2019-01-17,,2000,18090,18330
1453,2019-01-18,,2000,18140,18240
1453,2019-01-21,,0,0,0
1453,2019-01-22,,0,0,0
1453,2019-01-23,,1000,9010,9020
1453,2019-01-24,,0,0,0
1453,2019-01-25,,9000,82900,84260
1453,2019-01-28,,7000,64270,64730
1453,2019-01-29,,2000,18280,18300
1453,2019-01-30,,0,0,0
1453,2019-02-11,,2000,18300,18450
1453,2019-02-12,,1000,9170,9280
1453,2019-02-13,,2000,18580,18650
1453,2019-02-14,,0,0,0
1453,2019-02-15,,2000,18510,18510
1453,2019-02-18,,10000,92490,92280
1453,2019-02-19,,1000,9260,9260
1453,2019-02-20,,0,0,0
1453,2019-02-21,,0,0,0
1453,2019-02-22,,0,0,0
1453,2019-02-25,,0,0,0
1453,2019-02-26,,0,0,0
1453,2019-02-27,,10000,95800,95660
1453,2019-03-04,,3000,28650,28690
1453,2019-03-05,,0,0,0
1453,2019-03-06,,3000,28450,28730
1453,2019-03-07,,0,0,0
1453,2019-03-08,,1000,9460,9460
1453,2019-03-11,,0,0,0
1453,2019-03-12,,1000,9510,9510
1453,2019-03-13,,0,0,0
1453,2019-03-14,,1000,9410,9430
1453,2019-03-15,,0,0,0
1453,2019-03-18,,2000,19060,19040
1453,2019-03-19,,5000,47830,47690
1453,2019-03-20,,1000,9800,9870
1453,2019-03-21,,79000,745140,744270
1453,2019-03-22,,10000,91050,92080
1453,2019-03-25,,1000,9070,9140
1453,2019-03-26,,0,0,0
1453,2019-03-27,,1000,9200,9200
1453,2019-03-28,,2000,18420,18380
1453,2019-03-29,,10000,92060,92620
1453,2019-04-01,,26000,238630,240440
1453,2019-04-02,,0,0,0
1453,2019-04-03,,0,0,0
1453,2019-04-08,,1000,9310,9370
1453,2019-04-09,Y,0,0,0
1453,2019-04-10,Y,0,0,0
1453,2019-04-11,Y,0,0,0
1453,2019-04-12,Y,0,0,0
1453,2019-04-15,Y,2000,18400,18380
1453,2019-04-16,,0,0,0
1453,2019-04-17,,0,0,0
1453,2019-04-18,,0,0,0
1453,2019-04-19,,0,0,0
1453,2019-04-22,,0,0,0
1453,2019-04-23,,0,0,0
1453,2019-04-24,,0,0,0
1453,2019-04-25,,0,0,0
1453,2019-04-26,,0,0,0
1453,2019-04-29,,1000,9170,9170
1453,2019-04-30,,0,0,0
1453,2019-05-02,,0,0,0
1453,2019-05-03,,0,0,0
1453,2019-05-06,,2000,18240,18380
1453,2019-05-07,,0,0,0
1453,2019-05-08,,1000,9150,9150
1453,2019-05-09,,0,0,0
1453,2019-05-10,,2000,18280,18350
1453,2019-05-13,,0,0,0
1453,2019-05-14,,1000,9140,9140
1453,2019-05-15,,6000,54000,55020
1453,2019-05-16,,1000,9170,9170
1453,2019-05-17,,0,0,0
1453,2019-05-20,,0,0,0
1453,2019-05-21,,0,0,0
1453,2019-05-22,,11000,99260,100080
1453,2019-05-23,,0,0,0
1453,2019-05-24,,0,0,0
1453,2019-05-27,,0,0,0
1453,2019-05-28,,0,0,0
1453,2019-05-29,,2000,18220,18350
1453,2019-05-30,,0,0,0
1453,2019-05-31,,6000,54780,55200
1453,2019-06-03,,0,0,0
1453,2019-06-04,,0,0,0
1453,2019-06-05,,0,0,0
1453,2019-06-06,,0,0,0
1453,2019-06-10,,1000,9200,9200
1453,2019-06-11,,0,0,0
1453,2019-06-12,,0,0,0
1453,2019-06-13,,0,0,0
1453,2019-06-14,,0,0,0
1453,2019-06-17,,1000,9130,9130
1453,2019-06-18,,1000,9120,9120
1453,2019-06-19,,2000,18090,18250
1453,2019-06-20,,0,0,0
1453,2019-06-21,,0,0,0
1453,2019-06-24,,0,0,0
1453,2019-06-25,,0,0,0
1453,2019-06-26,,0,0,0
1453,2019-06-27,,0,0,0
1453,2019-06-28,,0,0,0
1453,2019-07-01,,0,0,0
1453,2019-07-02,,1000,9080,9100
1453,2019-07-03,,2000,18020,18120
1453,2019-07-04,,4000,36000,36220
1453,2019-07-05,,14000,126060,126450
1453,2019-07-08,,10000,89840,90250
1453,2019-07-09,,0,0,0
1453,2019-07-10,,0,0,0
1453,2019-07-11,,0,0,0
1453,2019-07-12,,0,0,0
1453,2019-07-15,,0,0,0
1453,2019-07-16,,0,0,0
1453,2019-07-17,,2000,17920,18040
1453,2019-07-18,,0,0,0
1453,2019-07-19,,0,0,0
1453,2019-07-22,,0,0,0
1453,2019-07-23,,0,0,0
1453,2019-07-24,,0,0,0
1453,2019-07-25,,0,0,0
1453,2019-07-26,,0,0,0
1453,2019-07-29,,0,0,0
1453,2019-07-30,,0,0,0
1453,2019-07-31,,0,0,0
1453,2019-08-01,Y,0,0,0
1453,2019-08-02,Y,1000,9030,9000
1453,2019-08-05,Y,4000,36100,36040
1453,2019-08-06,Y,14000,109370,111580
1453,2019-08-07,Y,2000,15920,16140
1453,2019-08-08,,5000,39970,40190
1453,2019-08-09,,0,0,0
1453,2019-08-12,,1000,8010,8010
1453,2019-08-13,,0,0,0
1453,2019-08-14,,0,0,0
1453,2019-08-15,,0,0,0
1453,2019-08-16,,0,0,0
1453,2019-08-19,,0,0,0
1453,2019-08-20,,0,0,0
1453,2019-08-21,,0,0,0
1453,2019-08-22,,0,0,0
1453,2019-08-23,,0,0,0
1453,2019-08-26,,0,0,0
1453,2019-08-27,,0,0,0
1453,2019-08-28,,0,0,0
1453,2019-08-29,,0,0,0
1453,2019-08-30,,0,0,0
1453,2019-09-02,,2000,15810,16040
1453,2019-09-03,,0,0,0
1453,2019-09-04,,0,0,0
1453,2019-09-05,,0,0,0
1453,2019-09-06,,0,0,0
1453,2019-09-09,,0,0,0
1453,2019-09-10,,0,0,0
1453,2019-09-11,,0,0,0
1453,2019-09-12,,0,0,0
1453,2019-09-16,,0,0,0
1453,2019-09-17,,0,0,0
1453,2019-09-18,,0,0,0
1453,2019-09-19,,0,0,0
1453,2019-09-20,,3000,23700,24000
1453,2019-09-23,,0,0,0
1453,2019-09-24,,0,0,0
1453,2019-09-25,,0,0,0
1453,2019-09-26,,3000,24060,24240
1453,2019-09-27,,3000,23710,23940
1453,2019-09-30,,0,0,0
1453,2019-10-01,,0,0,0
1453,2019-10-02,,1000,7890,8000
1453,2019-10-03,,0,0,0
1453,2019-10-04,,0,0,0
1453,2019-10-07,,0,0,0
1453,2019-10-08,,0,0,0
1453,2019-10-09,,0,0,0
1453,2019-10-14,,0,0,0
1453,2019-10-15,,0,0,0
1453,2019-10-16,,3000,24000,24300
1453,2019-10-17,,1000,8020,8140
1453,2019-10-18,,0,0,0
1453,2019-10-21,,5000,39500,39900
1453,2019-10-22,,5000,40200,40020
1453,2019-10-23,,0,0,0
1453,2019-10-24,,2000,16040,16100
1453,2019-10-25,,0,0,0
1453,2019-10-28,,1000,8050,8050
1453,2019-10-29,,0,0,0
1453,2019-10-30,,0,0,0
1453,2019-10-31,,0,0,0
1453,2019-11-01,,0,0,0
1453,2019-11-04,,1000,8060,8130
1453,2019-11-05,,0,0,0
1453,2019-11-06,,3000,24180,24480
1453,2019-11-07,,0,0,0
1453,2019-11-08,,0,0,0
1453,2019-11-11,,0,0,0
1453,2019-11-12,,0,0,0
1453,2019-11-13,,2000,16440,16620
1453,2019-11-14,,0,0,0
1453,2019-11-15,,4000,33180,33310
1453,2019-11-18,,0,0,0
1453,2019-11-19,,5000,41020,41000
1453,2019-11-20,,0,0,0
1453,2019-11-21,,0,0,0
1453,2019-11-22,,0,0,0
1453,2019-11-25,,0,0,0
1453,2019-11-26,,0,0,0
1453,2019-11-27,,1000,8160,8160
1453,2019-11-28,,0,0,0
1453,2019-11-29,,0,0,0
1453,2019-12-02,,0,0,0
1453,2019-12-03,,0,0,0
1453,2019-12-04,,3000,24150,24180
1453,2019-12-05,,0,0,0
1453,2019-12-06,,0,0,0
1453,2019-12-09,,1000,8050,8030
1453,2019-12-10,,0,0,0
1453,2019-12-11,,3000,24070,24400
1453,2019-12-12,,0,0,0
1453,2019-12-13,,0,0,0
1453,2019-12-16,,0,0,0
1453,2019-12-17,,0,0,0
1453,2019-12-18,,0,0,0
1453,2019-12-19,,2000,16150,16170
1453,2019-12-20,,0,0,0
1453,2019-12-23,,0,0,0
1453,2019-12-24,,0,0,0
1453,2019-12-25,,0,0,0
1453,2019-12-26,,6000,48400,47960
1453,2019-12-27,,1000,8060,8060
1453,2019-12-30,,0,0,0
1453,2019-12-31,,1000,8020,8100
1453,2020-01-02,,4000,32020,32050
1453,2020-01-03,,1000,8070,8020
1453,2020-01-06,,0,0,0
1453,2020-01-07,,0,0,0
1453,2020-01-08,,15000,122070,123440
1453,2020-01-09,,1000,8160,8160
1453,2020-01-10,,0,0,0
1453,2020-01-13,,0,0,0
1453,2020-01-14,,0,0,0
1453,2020-01-15,,0,0,0
1453,2020-01-16,,0,0,0
1453,2020-01-17,,0,0,0
1453,2020-01-20,,1000,8100,8160
1453,2020-01-30,,20000,163000,161000
1453,2020-01-31,,2000,16070,16190
1453,2020-02-03,,1000,8000,8040
1453,2020-02-04,,0,0,0
1453,2020-02-05,,0,0,0
1453,2020-02-06,,6000,49080,49070
1453,2020-02-07,,1000,8140,8160
1453,2020-02-10,,0,0,0
1453,2020-02-11,,0,0,0
1453,2020-02-12,,0,0,0
1453,2020-02-13,,0,0,0
1453,2020-02-14,,0,0,0
1453,2020-02-17,,0,0,0
1453,2020-02-18,,0,0,0
1453,2020-02-19,,1000,8160,8250
1453,2020-02-20,,0,0,0
1453,2020-02-21,,0,0,0
1453,2020-02-24,,0,0,0
1453,2020-02-25,,0,0,0
1453,2020-02-26,,0,0,0
1453,2020-02-27,,0,0,0
1453,2020-03-02,,1000,7880,8070
1453,2020-03-03,,1000,8030,8050
1453,2020-03-04,,0,0,0
1453,2020-03-05,,0,0,0
1453,2020-03-06,,0,0,0
1453,2020-03-09,,0,0,0
1453,2020-03-10,,5000,39900,39870
1453,2020-03-11,,1000,7940,7930
1453,2020-03-12,,0,0,0
1453,2020-03-13,,1000,7070,7040
1453,2020-03-16,,1000,6980,6980
1453,2020-03-17,,1000,6820,6820
1453,2020-03-18,,6000,39390,39760
1453,2020-03-19,,2000,11800,11800
1453,2020-03-20,,0,0,0
1453,2020-03-23,,0,0,0
1453,2020-03-24,,4000,24140,24440
1453,2020-03-25,,6000,38650,39450
1453,2020-03-26,,0,0,0
1453,2020-03-27,,0,0,0
1453,2020-03-30,,0,0,0
1453,2020-03-31,,1000,6350,6350
1453,2020-04-01,,0,0,0
1453,2020-04-06,,0,0,0
1453,2020-04-07,Y,3000,19700,19200
1453,2020-04-08,Y,0,0,0
1453,2020-04-09,Y,1000,6520,6600
1453,2020-04-10,Y,0,0,0
1453,2020-04-13,Y,2000,13500,13520
1453,2020-04-14,,1000,6760,6900
1453,2020-04-15,,6000,40920,41100
1453,2020-04-16,,0,0,0
1453,2020-04-17,,2000,13660,13720
1453,2020-04-20,,4000,27500,27680
1453,2020-04-21,,1000,6700,6700
1453,2020-04-22,,1000,6710,6790
1453,2020-04-23,,0,0,0
1453,2020-04-24,,6000,40980,41280
1453,2020-04-27,,0,0,0
1453,2020-04-28,,5000,34670,34880
1453,2020-04-29,,0,0,0
1453,2020-04-30,,0,0,0
1453,2020-05-04,,15000,104000,105640
1453,2020-05-05,,0,0,0
1453,2020-05-06,,0,0,0
1453,2020-05-07,,0,0,0
1453,2020-05-08,,2000,13820,14140
1453,2020-05-11,,0,0,0
1453,2020-05-12,,5000,35000,35750
1453,2020-05-13,,3000,21170,21200
1453,2020-05-14,,0,0,0
1453,2020-05-15,,0,0,0
1453,2020-05-18,,7000,47880,48000
1453,2020-05-19,,0,0,0
1453,2020-05-20,,0,0,0
1453,2020-05-21,,1000,6810,6890
1453,2020-05-22,,0,0,0
1453,2020-05-25,,19000,134350,135160
1453,2020-05-26,,7000,49350,49700
1453,2020-05-27,,0,0,0
1453,2020-05-28,,1000,7120,7130
1453,2020-05-29,,0,0,0
1453,2020-06-01,,1000,7220,7140
1453,2020-06-02,,0,0,0
1453,2020-06-03,,1000,7230,7360
1453,2020-06-04,,0,0,0
1453,2020-06-05,,0,0,0
1453,2020-06-08,,0,0,0
1453,2020-06-09,,4000,30060,29800
1453,2020-06-10,,0,0,0
1453,2020-06-11,,11000,82340,81810
1453,2020-06-12,,3000,22050,22370
1453,2020-06-15,,2000,14960,15100
1453,2020-06-16,,1000,7520,7570
1453,2020-06-17,,38000,307250,310300
1453,2020-06-18,,45000,365780,366770
1453,2020-06-19,,22000,175940,177210
1453,2020-06-22,,19000,154940,155010
1453,2020-06-23,,10000,80700,83000
1453,2020-06-24,,0,0,0
1453,2020-06-29,,9000,70200,72760
1453,2020-06-30,,0,0,0
1453,2020-07-01,,15000,120330,121500
1453,2020-07-02,,1000,8110,8100
1453,2020-07-03,,3000,24280,24300
1453,2020-07-06,,2000,16230,16130
1453,2020-07-07,,0,0,0
1453,2020-07-08,,0,0,0
1453,2020-07-09,,0,0,0
1453,2020-07-10,,5000,39040,39780
1453,2020-07-13,,0,0,0
1453,2020-07-14,,2000,15900,15980
1453,2020-07-15,,0,0,0
1453,2020-07-16,,12000,98320,97840
1453,2020-07-17,,4000,32620,32750
1453,2020-07-20,,1000,8100,8140
1453,2020-07-21,,6000,48420,48970
1453,2020-07-22,,1000,8130,8170
1453,2020-07-23,,10000,80900,80900
1453,2020-07-24,,7000,55300,56410
1453,2020-07-27,,0,0,0
1453,2020-07-28,,0,0,0
1453,2020-07-29,,0,0,0
1453,2020-07-30,,0,0,0
1453,2020-07-31,,0,0,0
1453,2020-08-03,,0,0,0
1453,2020-08-04,,0,0,0
1453,2020-08-05,,0,0,0
1453,2020-08-06,,0,0,0
1453,2020-08-07,,0,0,0
1453,2020-08-10,,0,0,0
1453,2020-08-11,,16000,131960,130340
1453,2020-08-12,,23000,179180,185870
1453,2020-08-13,,0,0,0
1453,2020-08-14,,13000,105090,106210
1453,2020-08-17,,71000,597440,603980
1453,2020-08-18,,19000,159400,161200
1453,2020-08-19,,1000,8370,8500
1453,2020-08-20,,3000,24530,24920
1453,2020-08-21,Y,4000,32840,32920
1453,2020-08-24,Y,28000,227510,230230
1453,2020-08-25,Y,12000,99130,99020
1453,2020-08-26,Y,3000,24330,24480
1453,2020-08-27,Y,0,0,0
1453,2020-08-28,,4000,32680,32740
1453,2020-08-31,,10000,82380,82090
1453,2020-09-01,,16000,133140,132890
1453,2020-09-02,,3000,24900,24690
1453,2020-09-03,,0,0,0
1453,2020-09-04,,6000,49530,49810
1453,2020-09-07,,0,0,0
1453,2020-09-08,,2000,16700,16880
1453,2020-09-09,,47000,398780,401040
1453,2020-09-10,,64000,567630,570310
1453,2020-09-11,,19000,165080,166550
1453,2020-09-14,,32000,273930,278370
1453,2020-09-15,,22000,190220,192550
1453,2020-09-16,,11000,95930,96790
1453,2020-09-17,,78000,704350,710590
1453,2020-09-18,,91000,849490,847410
1453,2020-09-21,,36000,327840,332480
1453,2020-09-22,,38000,339840,342760
1453,2020-09-23,,42000,364590,366460
1453,2020-09-24,,49000,418260,421800
1453,2020-09-25,,73000,621670,626150
1453,2020-09-28,,86000,742730,744880
1453,2020-09-29,,77000,648190,653440
1453,2020-09-30,,35000,292970,295540
1453,2020-10-05,,27000,229390,231880
1453,2020-10-06,,23000,198200,200370
1453,2020-10-07,,40000,341680,344800
1453,2020-10-08,,19000,163260,165140
1453,2020-10-12,,36000,305860,307170
1453,2020-10-13,,33000,278420,281550
1453,2020-10-14,,1000,8360,8550
1453,2020-10-15,,4000,33790,34240
1453,2020-10-16,,16000,135800,137260
1453,2020-10-19,,0,0,0
1453,2020-10-20,,13000,109620,110450
1453,2020-10-21,,1000,8460,8420
1453,2020-10-22,,2000,16660,16740
1453,2020-10-23,,2000,16640,16770
1453,2020-10-26,,0,0,0
1453,2020-10-27,,0,0,0
1453,2020-10-28,,5000,42100,42370
1453,2020-10-29,,3000,24740,25010
1453,2020-10-30,,5000,42020,42440
1453,2020-11-02,,7000,59250,59920
1453,2020-11-03,,6000,51000,51240
1453,2020-11-04,,6000,51000,50940
1453,2020-11-05,,1000,8510,8550
1453,2020-11-06,,2000,16940,17200
1453,2020-11-09,,12000,105430,105330
1453,2020-11-10,,1000,8680,8680
1453,2020-11-11,,2000,17210,17120
1453,2020-11-12,,1000,8580,8600
1453,2020-11-13,,5000,42300,42510
1453,2020-11-16,,3000,25620,25990
1453,2020-11-17,,9000,77960,77400
1453,2020-11-18,,0,0,0
1453,2020-11-19,,1000,8600,8600
1453,2020-11-20,,5000,42300,42450
1453,2020-11-23,,13000,110010,110980
1453,2020-11-24,,1000,8480,8680
1453,2020-11-25,,0,0,0
1453,2020-11-26,,9000,77320,78470
1453,2020-11-27,,0,0,0
1453,2020-11-30,,6000,52080,52770
1453,2020-12-01,,7000,60670,60850
1453,2020-12-02,,5000,43270,43620
1453,2020-12-03,,7000,61190,61000
1453,2020-12-04,,0,0,0
1453,2020-12-07,,1000,8690,8720
1453,2020-12-08,,3000,25980,26340
1453,2020-12-09,,1000,8680,8730
1453,2020-12-10,,2000,17550,17540
1453,2020-12-11,,13000,114100,113140
1453,2020-12-14,,0,0,0
1453,2020-12-15,,0,0,0
1453,2020-12-16,,47000,418220,416710
1453,2020-12-17,,3000,26170,26350
1453,2020-12-18,,10000,88390,88190
1453,2020-12-21,,5000,44070,44060
1453,2020-12-22,,1000,8800,8880
1453,2020-12-23,,5000,43850,44250
1453,2020-12-24,,48000,431610,432730
1453,2020-12-25,,34000,310850,309890
1453,2020-12-28,,15000,135530,136300
1453,2020-12-29,,4000,36160,36370
1453,2020-12-30,,2000,18010,18110
1453,2020-12-31,,7000,62480,62790
1453,2021-01-04,,0,0,0
1453,2021-01-05,,1000,8860,8990
1453,2021-01-06,,5000,44080,43980
1453,2021-01-07,,2000,17400,17560
1453,2021-01-08,,7000,60450,60620
1453,2021-01-11,,5000,42950,43350
1453,2021-01-12,,36000,309550,309630
1453,2021-01-13,,8000,68670,69550
1453,2021-01-14,,5000,42870,43090
1453,2021-01-15,,5000,42790,42900
1453,2021-01-18,,6000,51100,53040
1453,2021-01-19,,0,0,0
1453,2021-01-20,,6000,49460,50710
1453,2021-01-21,,11000,90460,91580
1453,2021-01-22,,15000,122490,122990
1453,2021-01-25,,0,0,0
1453,2021-01-26,,1000,8200,8200
1453,2021-01-27,,78000,643290,632430
1453,2021-01-28,,1000,8250,8250
1453,2021-01-29,,6000,48940,49120
1453,2021-02-01,,1000,8170,8170
1453,2021-02-02,,5000,40830,41050
1453,2021-02-03,,1000,8220,8220
1453,2021-02-04,,2000,16500,16450
1453,2021-02-05,,1000,8260,8260
1453,2021-02-17,,4000,32910,32970
1453,2021-02-18,,4000,33120,33360
1453,2021-02-19,,3000,24560,24700
1453,2021-02-22,,3000,25050,25140
1453,2021-02-23,,1000,8400,8530
1453,2021-02-24,,1000,8450,8430
1453,2021-02-25,,0,0,0
1453,2021-02-26,,2000,16660,16710
1453,2021-03-02,,0,0,0
1453,2021-03-03,,1000,8310,8420
1453,2021-03-04,,7000,58740,58820
1453,2021-03-05,,16000,133020,134220
1453,2021-03-08,,0,0,0
1453,2021-03-09,,0,0,0
1453,2021-03-10,,1000,8420,8470
1453,2021-03-11,,4000,33790,33890
1453,2021-03-12,,0,0,0
1453,2021-03-15,,3000,25230,25350
1453,2021-03-16,,0,0,0
1453,2021-03-17,,0,0,0
1453,2021-03-18,,1000,8550,8520
1453,2021-03-19,,2000,17100,17100
1453,2021-03-22,,1000,8490,8490
1453,2021-03-23,,1000,8480,8480
1453,2021-03-24,,0,0,0
1453,2021-03-25,,6000,51020,51020
1453,2021-03-26,,15000,126300,126520
1453,2021-03-29,,5000,42790,42700
1453,2021-03-30,,7000,59140,59230
1453,2021-03-31,,7000,59240,59270
1453,2021-04-01,,1000,8500,8460
1453,2021-04-06,,0,0,0
1453,2021-04-07,,8000,68870,69210
1453,2021-04-08,,28000,243840,247020
1453,2021-04-09,,10000,86570,86700
1453,2021-04-12,,1000,8680,8790
1453,2021-04-13,Y,51000,452430,452110
1453,2021-04-14,Y,11000,96460,95840
1453,2021-04-15,Y,13000,112510,113830
1453,2021-04-16,Y,0,0,0
1453,2021-04-19,Y,62000,552250,562670
1453,2021-04-20,,63000,577070,581800
1453,2021-04-21,,99000,902110,910860
1453,2021-04-22,,759000,7663450,7683270
1453,2021-04-23,,1064000,10787820,10744220
1453,2021-04-26,,55000,524830,529910
1453,2021-04-27,,60000,576340,582030
1453,2021-04-28,,386000,3877690,3935500
