stock_id,stock_name,Date,Volume,Volume_Cash,Open,High,Low,Close,Change,Order
1213,大飲,2019-09-24,83320.0,656557.0,7.88,7.88,7.88,7.88,0.0,30.0
1213,大飲,2019-09-25,67324.0,477999.0,7.10,7.10,7.10,7.10,-0.78,30.0
1213,大飲,2019-09-26,817422.0,5355074.0,6.39,7.81,6.39,7.76,0.66,242.0
1213,大飲,2019-09-27,272517.0,1906579.0,6.99,7.24,6.99,6.99,-0.77,118.0
1213,大飲,2019-10-01,360358.0,2330039.0,6.45,6.72,6.36,6.53,-0.46,124.0
1213,大飲,2019-10-02,204945.0,1312566.0,6.40,6.58,6.37,6.41,-0.12,65.0
1213,大飲,2019-10-03,292146.0,1794515.0,6.38,6.49,5.78,6.08,-0.33,107.0
1213,大飲,2019-10-04,201398.0,1166123.0,6.02,6.02,5.70,5.76,-0.32,97.0
1213,大飲,2019-10-07,138900.0,802514.0,5.76,5.89,5.74,5.81,0.05,52.0
1213,大飲,2019-10-08,133134.0,759260.0,5.61,5.85,5.52,5.85,0.04,62.0
1213,大飲,2019-10-09,31280.0,180777.0,5.80,5.87,5.73,5.87,0.02,22.0
1213,大飲,2019-10-14,41052.0,237894.0,5.87,5.98,5.73,5.80,-0.07,26.0
1213,大飲,2019-10-15,70594.0,409869.0,5.80,5.88,5.75,5.83,0.03,36.0
1213,大飲,2019-10-16,86600.0,506077.0,5.83,5.95,5.75,5.85,0.02,33.0
1213,大飲,2019-10-17,14000.0,82390.0,5.94,5.94,5.85,5.86,0.01,8.0
1213,大飲,2019-10-18,51000.0,298930.0,5.86,5.91,5.77,5.90,0.04,17.0
1213,大飲,2019-10-21,14042.0,82503.0,5.90,5.91,5.82,5.88,-0.02,13.0
1213,大飲,2019-10-22,53000.0,312080.0,5.80,5.95,5.80,5.95,0.07,16.0
1213,大飲,2019-10-23,66317.0,394925.0,5.95,6.02,5.89,5.99,0.04,38.0
1213,大飲,2019-10-24,66100.0,396614.0,5.85,6.04,5.85,6.04,0.05,11.0
1213,大飲,2019-10-25,13400.0,79880.0,6.08,6.08,5.91,6.05,0.01,9.0
1213,大飲,2019-10-28,58134.0,354731.0,6.08,6.13,6.08,6.11,0.06,27.0
1213,大飲,2019-10-29,127940.0,814765.0,6.22,6.40,6.22,6.39,0.28,38.0
1213,大飲,2019-10-30,40486.0,258740.0,6.39,6.40,6.39,6.39,0.0,17.0
1213,大飲,2019-10-31,5229.0,33514.0,6.52,6.52,6.38,6.38,-0.01,9.0
1213,大飲,2019-11-01,5340.0,33639.0,6.06,6.38,6.06,6.38,0.0,8.0
1213,大飲,2019-11-04,1195.0,7172.0,6.01,6.01,6.01,6.01,-0.37,9.0
1213,大飲,2019-11-05,10154.0,59842.0,6.01,6.01,5.76,5.88,-0.13,12.0
1213,大飲,2019-11-06,33500.0,200854.0,6.08,6.09,5.80,6.09,0.21,19.0
1213,大飲,2019-11-07,6500.0,39463.0,5.74,6.41,5.74,6.41,0.32,10.0
1213,大飲,2019-11-08,28041.0,176383.0,5.91,6.37,5.91,6.37,-0.04,20.0
1213,大飲,2019-11-11,13268.0,81694.0,6.35,6.35,6.00,6.29,-0.08,11.0
1213,大飲,2019-11-12,9100.0,56359.0,6.04,6.29,6.04,6.29,0.0,11.0
1213,大飲,2019-11-13,4814.0,29581.0,6.38,6.38,6.12,6.12,-0.17,7.0
1213,大飲,2019-11-14,69400.0,423400.0,6.38,6.38,6.00,6.10,-0.02,14.0
1213,大飲,2019-11-15,64052.0,390632.0,6.10,6.10,6.10,6.10,0.0,15.0
1213,大飲,2019-11-18,7783.0,47319.0,6.10,6.10,6.10,6.10,0.0,6.0
1213,大飲,2019-11-19,17200.0,101261.0,5.91,6.01,5.86,5.90,-0.2,13.0
1213,大飲,2019-11-20,54920.0,332502.0,6.03,6.10,5.89,5.89,-0.01,15.0
1213,大飲,2019-11-21,33432.0,200234.0,5.73,6.17,5.73,5.91,0.02,21.0
1213,大飲,2019-11-22,22700.0,138330.0,6.15,6.18,6.01,6.05,0.14,18.0
1213,大飲,2019-11-25,9100.0,55050.0,6.05,6.05,6.05,6.05,0.0,8.0
1213,大飲,2019-11-26,15500.0,93379.0,6.05,6.06,5.89,5.89,-0.16,10.0
1213,大飲,2019-11-27,26602.0,158638.0,5.89,6.01,5.89,6.00,0.11,17.0
1213,大飲,2019-11-28,3417.0,19770.0,5.90,5.90,5.74,5.74,-0.26,11.0
1213,大飲,2019-11-29,103055.0,549265.0,5.71,5.72,5.17,5.20,-0.54,36.0
1213,大飲,2019-12-02,52101.0,292007.0,5.20,5.72,5.20,5.72,0.52,31.0
1213,大飲,2019-12-03,58768.0,352219.0,6.01,6.04,5.80,6.04,0.32,28.0
1213,大飲,2019-12-04,37239.0,227788.0,6.04,6.30,6.04,6.10,0.06,22.0
1213,大飲,2019-12-05,45033.0,281007.0,6.10,6.29,6.10,6.22,0.12,19.0
1213,大飲,2019-12-06,15584.0,96307.0,6.20,6.25,6.12,6.25,0.03,12.0
1213,大飲,2019-12-09,11501.0,69810.0,6.07,6.10,6.04,6.04,-0.21,8.0
1213,大飲,2019-12-10,8101.0,48931.0,6.04,6.04,6.04,6.04,0.0,7.0
1213,大飲,2019-12-11,26200.0,159128.0,5.85,6.10,5.85,6.10,0.06,16.0
1213,大飲,2019-12-12,7201.0,43176.0,6.00,6.00,5.99,6.00,-0.1,7.0
1213,大飲,2019-12-13,20301.0,121812.0,6.00,6.00,6.00,6.00,0.0,9.0
1213,大飲,2019-12-16,23300.0,138814.0,5.95,6.00,5.95,6.00,0.0,10.0
1213,大飲,2019-12-17,26501.0,162415.0,6.28,6.29,5.94,6.22,0.22,18.0
1213,大飲,2019-12-18,3214.0,19570.0,6.10,6.10,6.10,6.10,-0.12,7.0
1213,大飲,2019-12-19,50702.0,312422.0,6.09,6.20,6.09,6.09,-0.01,27.0
1213,大飲,2019-12-20,19634.0,117750.0,6.00,6.02,5.93,6.00,-0.09,14.0
1213,大飲,2019-12-23,21299.0,127494.0,6.00,6.00,5.90,6.00,0.0,12.0
1213,大飲,2019-12-24,602.0,3487.0,--,--,--,--,0.0,8.0
1213,大飲,2019-12-25,16035.0,97989.0,6.01,6.23,6.01,6.15,0.0,11.0
1213,大飲,2019-12-26,25100.0,151354.0,6.03,6.03,6.03,6.03,-0.12,12.0
1213,大飲,2019-12-27,28001.0,171416.0,6.21,6.22,6.00,6.18,0.15,16.0
1213,大飲,2019-12-30,33100.0,209115.0,6.62,6.62,6.13,6.33,0.15,18.0
1213,大飲,2019-12-31,4950.0,30823.0,6.03,6.28,6.03,6.26,-0.07,7.0
1213,大飲,2020-01-02,17426.0,106101.0,6.04,6.26,6.04,6.10,-0.16,21.0
1213,大飲,2020-01-03,21100.0,126630.0,6.10,6.13,5.93,6.10,0.0,10.0
1213,大飲,2020-01-06,12001.0,71886.0,5.98,6.09,5.98,5.99,-0.11,4.0
1213,大飲,2020-01-07,14095.0,85912.0,6.29,6.29,6.00,6.16,0.17,11.0
1213,大飲,2020-01-08,7015.0,42500.0,6.02,6.16,6.02,6.16,0.0,7.0
1213,大飲,2020-01-09,36325.0,217850.0,6.00,6.01,5.93,5.93,-0.23,20.0
1213,大飲,2020-01-10,67199.0,416049.0,5.90,6.52,5.70,6.13,0.2,37.0
1213,大飲,2020-01-13,14000.0,85740.0,6.13,6.15,6.10,6.10,-0.03,8.0
1213,大飲,2020-01-14,1186.0,7490.0,6.35,6.35,6.35,6.35,0.25,3.0
1213,大飲,2020-01-15,19001.0,117946.0,6.08,6.28,6.08,6.08,-0.27,10.0
1213,大飲,2020-01-16,53001.0,321436.0,6.24,6.26,6.00,6.00,-0.08,15.0
1213,大飲,2020-01-17,42533.0,262347.0,6.16,6.25,6.05,6.05,0.05,19.0
1213,大飲,2020-01-20,24010.0,142301.0,5.76,6.01,5.76,6.01,-0.04,6.0
1213,大飲,2020-01-30,30200.0,169869.0,5.70,5.70,5.52,5.70,-0.31,15.0
1213,大飲,2020-01-31,15000.0,91540.0,6.24,6.24,6.00,6.00,0.3,7.0
1213,大飲,2020-02-03,0.0,0.0,--,--,--,--,0.0,0.0
1213,大飲,2020-02-04,38098.0,227438.0,5.71,6.00,5.71,6.00,0.0,17.0
1213,大飲,2020-02-05,17207.0,103503.0,6.09,6.09,6.00,6.04,0.04,10.0
1213,大飲,2020-02-06,10503.0,62386.0,5.95,5.95,5.92,5.92,-0.12,7.0
1213,大飲,2020-02-07,12000.0,71200.0,5.92,6.00,5.92,6.00,0.08,2.0
1213,大飲,2020-02-10,5000.0,30000.0,6.00,6.00,6.00,6.00,0.0,3.0
1213,大飲,2020-02-11,66100.0,392271.0,5.52,6.10,5.52,6.10,0.1,25.0
1213,大飲,2020-02-12,0.0,0.0,--,--,--,--,0.0,0.0
1213,大飲,2020-02-13,24000.0,146400.0,6.10,6.10,6.10,6.10,0.0,10.0
1213,大飲,2020-02-14,2080.0,12686.0,6.10,6.10,6.10,6.10,0.0,2.0
1213,大飲,2020-02-17,40090.0,236149.0,5.89,5.89,5.89,5.89,-0.21,11.0
1213,大飲,2020-02-18,42650.0,253896.0,5.75,6.00,5.75,6.00,0.11,16.0
1213,大飲,2020-02-19,86000.0,507260.0,5.85,5.98,5.85,5.98,-0.02,14.0
1213,大飲,2020-02-20,2.0,11.0,--,--,--,--,0.0,1.0
1213,大飲,2020-02-21,0.0,0.0,--,--,--,--,0.0,0.0
1213,大飲,2020-02-24,1200.0,6992.0,5.83,5.83,5.83,5.83,0.0,7.0
1213,大飲,2020-02-25,5575.0,32043.0,5.75,5.79,5.75,5.79,-0.04,6.0
1213,大飲,2020-02-26,6.0,32.0,--,--,--,--,0.0,4.0
1213,大飲,2020-02-27,73718.0,433954.0,5.76,5.99,5.68,5.83,0.0,27.0
1213,大飲,2020-03-02,5004.0,29121.0,5.82,5.82,5.82,5.82,-0.01,4.0
1213,大飲,2020-03-03,1.0,5.0,--,--,--,--,0.0,1.0
1213,大飲,2020-03-04,41200.0,245582.0,5.90,6.00,5.88,6.00,0.0,14.0
1213,大飲,2020-03-05,10403.0,61875.0,5.92,5.97,5.92,5.97,-0.03,8.0
1213,大飲,2020-03-06,41450.0,267720.0,6.54,6.54,6.15,6.16,0.19,22.0
1213,大飲,2020-03-09,9001.0,54955.0,6.35,6.35,6.00,6.20,0.04,7.0
1213,大飲,2020-03-10,39055.0,228883.0,5.69,6.00,5.68,6.00,-0.2,12.0
1213,大飲,2020-03-11,55.0,330.0,--,--,--,--,0.0,1.0
1213,大飲,2020-03-12,37003.0,204715.0,5.48,5.91,5.48,5.91,0.0,20.0
1213,大飲,2020-03-13,39100.0,216792.0,5.32,5.87,5.32,5.45,-0.46,18.0
1213,大飲,2020-03-16,38002.0,196290.0,5.01,5.35,5.00,5.35,-0.1,16.0
1213,大飲,2020-03-17,54102.0,288953.0,5.25,5.56,5.25,5.56,0.21,12.0
1213,大飲,2020-03-18,77100.0,391088.0,5.56,5.56,5.01,5.08,-0.48,19.0
1213,大飲,2020-03-19,57401.0,282028.0,5.08,5.08,4.60,5.07,-0.01,19.0
1213,大飲,2020-03-20,30.0,151.0,--,--,--,--,0.0,3.0
1213,大飲,2020-03-23,29007.0,155065.0,4.65,5.54,4.65,5.31,0.0,16.0
1213,大飲,2020-03-24,35028.0,193162.0,5.11,5.80,5.11,5.28,-0.03,21.0
1213,大飲,2020-03-25,10300.0,51619.0,4.91,5.69,4.91,5.69,0.41,7.0
1213,大飲,2020-03-26,35001.0,197606.0,5.40,5.70,5.40,5.70,0.01,14.0
1213,大飲,2020-03-27,3.0,15.0,--,--,--,--,0.0,3.0
1213,大飲,2020-03-30,9024.0,52941.0,5.70,6.00,5.61,5.61,0.0,13.0
1213,大飲,2020-03-31,54100.0,319275.0,6.01,6.01,5.75,5.85,0.24,25.0
1213,大飲,2020-04-01,34278.0,202218.0,5.85,6.06,5.70,5.70,-0.15,18.0
1213,大飲,2020-04-06,31002.0,159911.0,5.29,5.29,5.13,5.20,-0.5,9.0
1213,大飲,2020-04-07,37065.0,198541.0,5.22,5.72,5.21,5.72,0.52,14.0
1213,大飲,2020-04-08,27031.0,158315.0,5.36,6.00,5.36,5.99,0.27,19.0
1213,大飲,2020-04-09,12200.0,73120.0,6.00,6.01,5.98,5.98,-0.01,11.0
1213,大飲,2020-04-10,0.0,0.0,--,--,--,--,0.0,0.0
1213,大飲,2020-04-13,2274.0,13167.0,5.90,5.90,5.90,5.90,0.0,11.0
1213,大飲,2020-04-14,30654.0,175397.0,5.52,6.02,5.52,5.90,0.0,22.0
1213,大飲,2020-04-15,2194.0,12922.0,5.90,5.90,5.90,5.90,0.0,7.0
1213,大飲,2020-04-16,13004.0,76891.0,5.92,5.98,5.88,5.91,0.01,14.0
1213,大飲,2020-04-17,1002.0,5960.0,5.95,5.95,5.95,5.95,0.04,3.0
1213,大飲,2020-04-20,0.0,0.0,--,--,--,--,0.0,0.0
1213,大飲,2020-04-21,103.0,608.0,--,--,--,--,0.0,6.0
1213,大飲,2020-04-22,4229.0,25286.0,5.85,6.05,5.85,6.05,0.0,8.0
1213,大飲,2020-04-23,13900.0,81119.0,5.59,6.00,5.59,6.00,-0.05,9.0
1213,大飲,2020-04-24,3005.0,17740.0,5.73,5.99,5.73,5.99,-0.01,4.0
1213,大飲,2020-04-27,1101.0,6360.0,5.79,5.79,5.79,5.79,-0.2,7.0
1213,大飲,2020-04-28,2010.0,11964.0,5.95,5.96,5.95,5.96,0.17,7.0
1213,大飲,2020-04-29,908.0,5245.0,--,--,--,--,0.0,4.0
1213,大飲,2020-04-30,20405.0,120030.0,5.59,5.99,5.59,5.97,0.0,22.0
1213,大飲,2020-05-04,12001.0,68675.0,5.53,5.74,5.53,5.74,-0.23,7.0
1213,大飲,2020-05-05,1.0,5.0,--,--,--,--,0.0,1.0
1213,大飲,2020-05-06,1.0,5.0,--,--,--,--,0.0,1.0
1213,大飲,2020-05-07,8725.0,49890.0,5.53,5.85,5.53,5.85,0.0,9.0
1213,大飲,2020-05-08,47030.0,288683.0,5.90,6.30,5.85,6.01,0.16,31.0
1213,大飲,2020-05-11,20201.0,124957.0,6.28,6.28,6.05,6.19,0.18,13.0
1213,大飲,2020-05-12,19170.0,115470.0,6.05,6.05,6.01,6.05,-0.14,8.0
1213,大飲,2020-05-13,1000.0,6020.0,6.02,6.02,6.02,6.02,-0.03,1.0
1213,大飲,2020-05-14,16002.0,96070.0,6.02,6.02,5.83,5.83,-0.19,6.0
1213,大飲,2020-05-15,2002.0,11880.0,5.91,5.96,5.91,5.96,0.13,4.0
1213,大飲,2020-05-18,1003.0,5865.0,5.85,5.85,5.85,5.85,-0.11,4.0
1213,大飲,2020-05-19,9000.0,52890.0,5.85,6.09,5.85,5.85,0.0,6.0
1213,大飲,2020-05-20,13416.0,78289.0,5.76,6.08,5.76,5.80,-0.05,12.0
1213,大飲,2020-05-21,4627.0,27342.0,5.94,5.94,5.94,5.94,0.14,10.0
1213,大飲,2020-05-22,51999.0,309104.0,5.90,6.03,5.89,6.03,0.09,35.0
1213,大飲,2020-05-25,1500.0,9035.0,6.03,6.03,6.03,6.03,0.0,3.0
1213,大飲,2020-05-26,0.0,0.0,--,--,--,--,0.0,0.0
1213,大飲,2020-05-27,0.0,0.0,--,--,--,--,0.0,0.0
1213,大飲,2020-05-28,335.0,1877.0,--,--,--,--,0.0,5.0
1213,大飲,2020-05-29,5384.0,31591.0,6.02,6.02,5.78,5.78,0.0,11.0
1213,大飲,2020-06-01,169.0,959.0,--,--,--,--,0.0,4.0
1213,大飲,2020-06-02,43.0,241.0,--,--,--,--,0.0,4.0
1213,大飲,2020-06-03,8513.0,50793.0,6.00,6.00,6.00,6.00,0.0,11.0
1213,大飲,2020-06-04,37147.0,214368.0,5.99,6.00,5.62,5.71,-0.29,18.0
1213,大飲,2020-06-05,19030.0,107254.0,5.64,5.88,5.46,5.72,0.01,17.0
1213,大飲,2020-06-08,30690.0,171540.0,5.51,5.85,5.51,5.60,-0.12,19.0
1213,大飲,2020-06-09,13001.0,72805.0,5.60,5.60,5.60,5.60,0.0,5.0
1213,大飲,2020-06-10,6203.0,34750.0,5.54,5.64,5.53,5.53,-0.07,9.0
1213,大飲,2020-06-11,5000.0,27500.0,5.50,5.50,5.50,5.50,-0.03,2.0
1213,大飲,2020-06-12,64356.0,381632.0,5.86,6.02,5.86,6.00,0.5,36.0
1213,大飲,2020-06-15,12029.0,69192.0,5.96,5.96,5.69,5.71,-0.29,9.0
1213,大飲,2020-06-16,36475.0,215480.0,5.88,6.00,5.71,6.00,0.29,23.0
1213,大飲,2020-06-17,19011.0,113313.0,6.00,6.00,5.85,5.85,-0.15,14.0
1213,大飲,2020-06-18,14200.0,88460.0,6.39,6.39,6.00,6.00,0.15,11.0
1213,大飲,2020-06-19,58923.0,374658.0,6.20,6.48,6.20,6.33,0.33,31.0
1213,大飲,2020-06-22,45000.0,292730.0,6.50,6.89,6.03,6.09,-0.24,20.0
1213,大飲,2020-06-23,17176.0,106682.0,6.66,6.66,6.16,6.16,0.07,14.0
1213,大飲,2020-06-24,17012.0,107032.0,6.39,6.40,6.18,6.18,0.02,13.0
1213,大飲,2020-06-29,29100.0,178806.0,6.10,6.38,6.01,6.10,-0.08,17.0
1213,大飲,2020-06-30,76000.0,453700.0,6.10,6.10,5.83,6.00,-0.1,23.0
1213,大飲,2020-07-01,16014.0,93534.0,5.80,6.02,5.80,6.00,0.0,10.0
1213,大飲,2020-07-02,23154.0,138808.0,5.95,6.00,5.95,6.00,0.0,11.0
1213,大飲,2020-07-03,18003.0,106685.0,6.00,6.00,5.90,5.95,-0.05,11.0
1213,大飲,2020-07-06,56300.0,339410.0,5.95,6.10,5.95,5.95,0.0,17.0
1213,大飲,2020-07-07,61500.0,358847.0,5.66,6.00,5.66,5.98,0.03,35.0
1213,大飲,2020-07-08,22000.0,131680.0,5.99,6.01,5.97,5.98,0.0,8.0
1213,大飲,2020-07-09,11502.0,69535.0,6.05,6.05,6.05,6.05,0.07,11.0
1213,大飲,2020-07-10,3401.0,20387.0,5.90,6.10,5.90,6.10,0.05,6.0
1213,大飲,2020-07-13,176101.0,1114419.0,6.15,6.71,5.87,6.71,0.61,73.0
1213,大飲,2020-07-14,137685.0,1013332.0,7.10,7.38,7.10,7.38,0.67,55.0
1213,大飲,2020-07-15,35955.0,291593.0,8.11,8.11,8.11,8.11,0.73,28.0
1213,大飲,2020-07-16,41813.0,372971.0,8.92,8.92,8.92,8.92,0.81,16.0
1213,大飲,2020-07-17,1009465.0,9853081.0,9.81,9.81,9.05,9.81,0.89,402.0
1213,大飲,2020-07-20,503610.0,5266828.0,10.75,10.75,9.43,10.00,0.19,202.0
1213,大飲,2020-07-21,182100.0,1951863.0,11.00,11.00,10.25,10.35,0.35,95.0
1213,大飲,2020-07-22,195049.0,2045958.0,10.80,10.80,10.20,10.50,0.15,58.0
1213,大飲,2020-07-23,198500.0,2153125.0,11.50,11.50,10.30,11.30,0.8,77.0
1213,大飲,2020-07-24,292929.0,3430709.0,11.90,11.90,10.80,11.80,0.5,117.0
1213,大飲,2020-07-27,78455.0,841295.0,11.90,11.90,10.65,10.65,-1.15,43.0
1213,大飲,2020-07-28,73003.0,717228.0,10.00,10.00,9.59,9.59,-1.06,39.0
1213,大飲,2020-07-29,60651.0,561439.0,9.00,9.55,9.00,9.55,-0.04,28.0
1213,大飲,2020-07-30,23600.0,220565.0,9.01,9.98,9.01,9.98,0.43,21.0
1213,大飲,2020-07-31,9452.0,92957.0,9.85,9.85,9.82,9.85,-0.13,11.0
1213,大飲,2020-08-03,131332.0,1182320.0,8.87,10.00,8.87,9.85,0.0,30.0
1213,大飲,2020-08-04,89110.0,808913.0,8.88,9.58,8.88,9.37,-0.48,36.0
1213,大飲,2020-08-05,57500.0,536709.0,9.01,9.59,9.01,9.42,0.05,31.0
1213,大飲,2020-08-06,49311.0,462209.0,9.20,9.80,9.20,9.50,0.08,26.0
1213,大飲,2020-08-07,53209.0,504859.0,9.53,9.66,9.30,9.50,0.0,24.0
1213,大飲,2020-08-10,108228.0,1074430.0,9.50,10.35,9.50,10.30,0.8,56.0
1213,大飲,2020-08-11,53927.0,542876.0,10.70,10.70,9.81,9.82,-0.48,45.0
1213,大飲,2020-08-12,19706.0,188840.0,9.51,9.61,9.50,9.61,-0.21,20.0
1213,大飲,2020-08-13,30683.0,293407.0,9.63,9.80,9.43,9.65,0.04,21.0
1213,大飲,2020-08-14,17999.0,172349.0,9.45,9.69,9.45,9.65,0.0,16.0
1213,大飲,2020-08-17,31500.0,297149.0,9.34,9.65,9.20,9.50,-0.15,24.0
1213,大飲,2020-08-18,46760.0,442051.0,9.50,9.50,9.30,9.50,0.0,22.0
1213,大飲,2020-08-19,39900.0,376687.0,9.30,9.50,9.30,9.40,-0.1,14.0
1213,大飲,2020-08-20,52203.0,505859.0,9.68,9.85,9.50,9.76,0.36,33.0
1213,大飲,2020-08-21,24003.0,236509.0,9.74,10.00,9.61,10.00,0.24,13.0
1213,大飲,2020-08-24,61101.0,613989.0,10.00,10.20,9.80,10.00,0.0,19.0
1213,大飲,2020-08-25,62189.0,619470.0,10.00,10.00,9.80,10.00,0.0,18.0
1213,大飲,2020-08-26,47300.0,471824.0,9.90,10.00,9.71,10.00,0.0,20.0
1213,大飲,2020-08-27,60100.0,591484.0,9.70,10.00,9.70,10.00,0.0,27.0
1213,大飲,2020-08-28,7000.0,68286.0,9.99,9.99,9.78,9.96,-0.04,15.0
1213,大飲,2020-08-31,87202.0,880467.0,9.96,10.30,9.73,10.30,0.34,55.0
1213,大飲,2020-09-01,17200.0,171917.0,9.91,10.05,9.91,9.96,-0.34,18.0
1213,大飲,2020-09-02,15200.0,150335.0,9.96,10.00,9.83,9.86,-0.1,14.0
1213,大飲,2020-09-03,20296.0,200215.0,9.86,9.99,9.62,9.99,0.13,19.0
1213,大飲,2020-09-04,42300.0,415691.0,9.76,10.00,9.58,10.00,0.01,34.0
1213,大飲,2020-09-07,29300.0,290620.0,9.96,10.00,9.90,9.90,-0.1,15.0
1213,大飲,2020-09-08,4001.0,39319.0,9.90,9.90,9.71,9.80,-0.1,5.0
1213,大飲,2020-09-09,27003.0,264857.0,9.80,9.91,9.47,9.90,0.1,20.0
1213,大飲,2020-09-10,21401.0,210172.0,9.89,9.95,9.75,9.76,-0.14,12.0
1213,大飲,2020-09-11,26103.0,252490.0,9.60,9.82,9.55,9.82,0.06,21.0
1213,大飲,2020-09-14,7002.0,68598.0,9.72,9.82,9.72,9.82,0.0,7.0
1213,大飲,2020-09-15,3099.0,29960.0,9.65,9.66,9.65,9.66,-0.16,3.0
1213,大飲,2020-09-16,6210.0,59956.0,9.66,9.66,9.65,9.65,-0.01,6.0
1213,大飲,2020-09-17,12748.0,123806.0,9.65,9.77,9.65,9.77,0.12,9.0
1213,大飲,2020-09-18,22003.0,212787.0,9.75,9.80,9.60,9.60,-0.17,15.0
1213,大飲,2020-09-21,5003.0,47527.0,9.50,9.50,9.50,9.50,-0.1,4.0
1213,大飲,2020-09-22,7350.0,69825.0,9.50,9.50,9.50,9.50,0.0,7.0
1213,大飲,2020-09-23,10000.0,96290.0,9.40,9.80,9.40,9.50,0.0,8.0
1213,大飲,2020-09-24,9300.0,89395.0,9.65,9.65,9.60,9.65,0.15,10.0
1213,大飲,2020-09-25,2222.0,21077.0,9.50,9.50,9.50,9.50,-0.15,4.0
1213,大飲,2020-09-28,0.0,0.0,--,--,--,--,0.0,0.0
1213,大飲,2020-09-29,33158.0,325203.0,9.79,9.90,9.60,9.80,0.0,19.0
1213,大飲,2020-09-30,44428.0,447752.0,10.45,10.45,9.80,9.80,0.0,27.0
1213,大飲,2020-10-05,5203.0,51215.0,9.80,9.90,9.80,9.90,0.1,9.0
1213,大飲,2020-10-06,11114.0,109548.0,9.80,9.88,9.80,9.88,-0.02,8.0
1213,大飲,2020-10-07,1004.0,9936.0,9.90,9.90,9.90,9.90,0.02,5.0
1213,大飲,2020-10-08,21729.0,215073.0,9.90,9.90,9.89,9.90,0.0,17.0
1213,大飲,2020-10-12,19647.0,189449.0,9.74,9.74,9.51,9.53,-0.37,17.0
1213,大飲,2020-10-13,3193.0,30900.0,9.50,9.80,9.50,9.77,0.24,10.0
1213,大飲,2020-10-14,25901.0,246117.0,9.60,9.76,9.40,9.76,-0.01,14.0
1213,大飲,2020-10-15,22000.0,209000.0,9.50,9.50,9.50,9.50,-0.26,6.0
1213,大飲,2020-10-16,6200.0,57906.0,9.28,9.65,9.28,9.65,0.15,10.0
1213,大飲,2020-10-19,7030.0,65776.0,9.31,9.58,9.31,9.58,-0.07,7.0
1213,大飲,2020-10-20,703.0,6551.0,--,--,--,--,0.0,2.0
1213,大飲,2020-10-21,14108.0,122862.0,9.20,9.20,8.65,8.80,0.0,16.0
1213,大飲,2020-10-22,8100.0,70656.0,8.80,8.80,8.70,8.70,-0.1,8.0
1213,大飲,2020-10-23,8002.0,71466.0,9.09,9.09,8.71,8.79,0.09,9.0
1213,大飲,2020-10-26,3001.0,25948.0,8.65,8.65,8.64,8.64,-0.15,3.0
1213,大飲,2020-10-27,3310.0,29365.0,8.80,8.97,8.80,8.97,0.33,5.0
1213,大飲,2020-10-28,7284.0,62729.0,8.62,8.62,8.61,8.62,-0.35,10.0
1213,大飲,2020-10-29,23101.0,196945.0,8.30,8.78,8.30,8.78,0.16,19.0
1213,大飲,2020-10-30,389.0,3351.0,--,--,--,--,0.0,3.0
1213,大飲,2020-11-02,15000.0,126450.0,8.50,8.67,8.36,8.40,0.0,6.0
1213,大飲,2020-11-03,7000.0,58900.0,8.45,8.45,8.40,8.40,0.0,3.0
1213,大飲,2020-11-04,7003.0,61134.0,8.79,9.01,8.50,8.50,0.1,10.0
1213,大飲,2020-11-05,8301.0,72281.0,8.50,8.80,8.50,8.80,0.3,11.0
1213,大飲,2020-11-06,2701.0,22954.0,8.67,8.67,8.67,8.67,-0.13,5.0
1213,大飲,2020-11-09,6937.0,59592.0,8.55,8.70,8.55,8.70,0.03,7.0
1213,大飲,2020-11-10,12100.0,106521.0,8.70,8.98,8.70,8.80,0.1,12.0
1213,大飲,2020-11-11,6000.0,53950.0,8.99,9.00,8.99,8.99,0.19,5.0
1213,大飲,2020-11-12,29904.0,256467.0,8.56,8.61,8.50,8.61,-0.38,11.0
1213,大飲,2020-11-13,2.0,16.0,--,--,--,--,0.0,2.0
1213,大飲,2020-11-16,1573.0,12972.0,8.32,8.32,8.32,8.32,0.0,9.0
1213,大飲,2020-11-17,15501.0,134566.0,8.35,8.85,8.35,8.85,0.53,13.0
1213,大飲,2020-11-18,2587.0,21435.0,8.58,8.58,8.58,8.58,-0.27,9.0
1213,大飲,2020-11-19,6200.0,54441.0,8.44,8.95,8.44,8.63,0.05,8.0
1213,大飲,2020-11-20,21784.0,188315.0,8.63,8.88,8.63,8.88,0.25,8.0
1213,大飲,2020-11-23,67.0,591.0,--,--,--,--,0.0,4.0
1213,大飲,2020-11-24,13300.0,115507.0,8.87,8.87,8.50,8.73,0.0,8.0
1213,大飲,2020-11-25,10.0,85.0,--,--,--,--,0.0,2.0
1213,大飲,2020-11-26,5202.0,45224.0,8.70,8.70,8.70,8.70,0.0,5.0
1213,大飲,2020-11-27,6009.0,51092.0,8.50,8.51,8.50,8.50,-0.2,11.0
1213,大飲,2020-11-30,24101.0,206772.0,8.60,8.69,8.36,8.36,-0.14,12.0
1213,大飲,2020-12-01,13001.0,108928.0,8.36,8.50,8.35,8.35,-0.01,11.0
1213,大飲,2020-12-02,1102.0,9325.0,8.50,8.50,8.50,8.50,0.15,3.0
1213,大飲,2020-12-03,5000.0,42160.0,8.50,8.50,8.33,8.33,-0.17,3.0
1213,大飲,2020-12-04,23009.0,194072.0,8.33,8.58,8.31,8.31,-0.02,14.0
1213,大飲,2020-12-07,65713.0,516405.0,8.10,8.11,7.75,7.99,-0.32,17.0
1213,大飲,2020-12-08,109460.0,804327.0,7.85,7.89,7.20,7.27,-0.72,47.0
1213,大飲,2020-12-09,63155.0,472180.0,7.20,7.99,7.00,7.50,0.23,48.0
1213,大飲,2020-12-10,43132.0,324912.0,7.50,7.80,7.50,7.50,0.0,13.0
1213,大飲,2020-12-11,67100.0,494105.0,7.22,7.50,6.82,7.50,0.0,38.0
1213,大飲,2020-12-14,20825.0,154630.0,7.50,7.50,7.40,7.50,0.0,17.0
1213,大飲,2020-12-15,8015.0,60665.0,7.30,7.69,7.30,7.69,0.19,7.0
1213,大飲,2020-12-16,31000.0,233150.0,7.50,7.70,7.50,7.51,-0.18,11.0
1213,大飲,2020-12-17,7000.0,53020.0,7.55,7.68,7.55,7.68,0.17,5.0
1213,大飲,2020-12-18,11725.0,88048.0,7.55,7.55,7.52,7.52,-0.16,8.0
1213,大飲,2020-12-21,20193.0,151828.0,7.52,7.67,7.31,7.53,0.01,14.0
1213,大飲,2020-12-22,23001.0,171867.0,7.53,7.65,7.30,7.59,0.06,17.0
1213,大飲,2020-12-23,7700.0,58149.0,7.59,7.60,7.59,7.60,0.01,7.0
1213,大飲,2020-12-24,7100.0,55210.0,7.68,7.80,7.68,7.80,0.2,6.0
1213,大飲,2020-12-25,6353.0,49492.0,7.80,7.80,7.80,7.80,0.0,4.0
1213,大飲,2020-12-28,7396.0,57597.0,7.80,7.80,7.80,7.80,0.0,3.0
1213,大飲,2020-12-29,6000.0,45600.0,7.60,7.60,7.60,7.60,-0.2,2.0
1213,大飲,2020-12-30,7310.0,56389.0,7.72,7.72,7.72,7.72,0.12,4.0
1213,大飲,2020-12-31,18166.0,140529.0,7.72,7.98,7.72,7.73,0.01,14.0
1213,大飲,2021-01-04,2501.0,19207.0,7.73,7.73,7.73,7.73,0.0,3.0
1213,大飲,2021-01-05,8002.0,63113.0,7.79,7.96,7.79,7.96,0.23,9.0
1213,大飲,2021-01-06,12333.0,100377.0,8.38,8.38,8.00,8.00,0.04,10.0
1213,大飲,2021-01-07,8570.0,68050.0,8.05,8.05,7.72,7.72,-0.28,11.0
1213,大飲,2021-01-08,5000.0,39000.0,7.80,7.80,7.80,7.80,0.08,2.0
1213,大飲,2021-01-11,25700.0,188832.0,7.06,7.80,7.06,7.60,-0.2,22.0
1213,大飲,2021-01-12,16101.0,120644.0,7.59,7.60,7.31,7.60,0.0,14.0
1213,大飲,2021-01-13,4999.0,37969.0,7.60,7.60,7.60,7.60,0.0,8.0
1213,大飲,2021-01-14,14032.0,103144.0,7.50,7.50,7.12,7.12,-0.48,11.0
1213,大飲,2021-01-15,16703.0,125722.0,7.49,7.60,7.49,7.60,0.48,14.0
1213,大飲,2021-01-18,8002.0,60394.0,7.60,7.60,7.37,7.60,0.0,5.0
1213,大飲,2021-01-19,10000.0,75250.0,7.55,7.55,7.50,7.51,-0.09,5.0
1213,大飲,2021-01-20,18132.0,137132.0,7.50,7.60,7.50,7.50,-0.01,10.0
1213,大飲,2021-01-21,13001.0,93267.0,7.20,7.20,7.02,7.02,-0.48,8.0
1213,大飲,2021-01-22,28800.0,199437.0,6.92,7.00,6.90,7.00,-0.02,13.0
1213,大飲,2021-01-25,17355.0,125142.0,7.00,7.58,7.00,7.57,0.57,14.0
1213,大飲,2021-01-26,51144.0,357882.0,7.20,7.25,6.82,7.01,-0.56,24.0
1213,大飲,2021-01-27,10000.0,71180.0,7.22,7.22,7.00,7.19,0.18,8.0
1213,大飲,2021-01-28,58000.0,419660.0,7.18,7.28,7.18,7.23,0.04,24.0
1213,大飲,2021-01-29,11001.0,79506.0,7.23,7.23,7.20,7.20,-0.03,6.0
1213,大飲,2021-02-01,18301.0,133294.0,7.26,7.50,7.26,7.26,0.06,9.0
1213,大飲,2021-02-02,12052.0,82382.0,6.81,6.96,6.81,6.96,-0.3,11.0
1213,大飲,2021-02-03,5000.0,35410.0,7.10,7.10,7.01,7.01,0.05,4.0
1213,大飲,2021-02-04,3253.0,22238.0,6.90,6.90,6.84,6.84,-0.17,3.0
1213,大飲,2021-02-05,16353.0,115540.0,7.15,7.52,6.94,6.94,0.1,14.0
1213,大飲,2021-02-17,6600.0,44991.0,6.80,6.90,6.80,6.90,-0.04,7.0
1213,大飲,2021-02-18,7501.0,53411.0,7.00,7.20,7.00,7.20,0.3,7.0
1213,大飲,2021-02-19,13690.0,107246.0,7.88,7.88,7.85,7.87,0.67,13.0
1213,大飲,2021-02-22,10501.0,80961.0,8.00,8.00,7.51,7.55,-0.32,11.0
1213,大飲,2021-02-23,2000.0,15520.0,7.76,7.76,7.76,7.76,0.21,2.0
1213,大飲,2021-02-24,17077.0,134252.0,7.38,8.13,7.38,8.11,0.35,20.0
1213,大飲,2021-02-25,15560.0,121051.0,7.61,7.80,7.61,7.80,-0.31,10.0
1213,大飲,2021-02-26,21500.0,170485.0,7.80,8.08,7.80,8.08,0.28,9.0
1213,大飲,2021-03-02,173.0,1359.0,--,--,--,--,0.0,7.0
1213,大飲,2021-03-03,12000.0,95520.0,8.00,8.00,7.76,7.76,0.0,4.0
1213,大飲,2021-03-04,17001.0,131687.0,7.75,7.77,7.70,7.77,0.01,10.0
1213,大飲,2021-03-05,3000.0,22920.0,7.65,7.65,7.62,7.62,-0.15,2.0
1213,大飲,2021-03-08,25000.0,187590.0,7.51,7.53,7.50,7.50,-0.12,6.0
1213,大飲,2021-03-09,11235.0,84262.0,7.50,7.50,7.50,7.50,0.0,7.0
1213,大飲,2021-03-10,1502.0,10803.0,7.33,7.33,7.33,7.33,-0.17,3.0
1213,大飲,2021-03-11,17521.0,133013.0,7.51,7.69,7.34,7.69,0.36,15.0
1213,大飲,2021-03-12,2.0,14.0,--,--,--,--,0.0,2.0
1213,大飲,2021-03-15,1500.0,11565.0,7.71,7.71,7.71,7.71,0.0,2.0
1213,大飲,2021-03-16,5554.0,41720.0,7.50,7.53,7.49,7.53,-0.18,8.0
1213,大飲,2021-03-17,15000.0,119360.0,8.18,8.18,7.73,7.74,0.21,10.0
1213,大飲,2021-03-18,30401.0,242795.0,7.99,8.00,7.98,7.98,0.24,17.0
1213,大飲,2021-03-19,783.0,5832.0,--,--,--,--,0.0,3.0
1213,大飲,2021-03-22,8017.0,62733.0,7.70,7.90,7.70,7.90,0.0,9.0
1213,大飲,2021-03-23,10500.0,80849.0,7.70,7.70,7.70,7.70,-0.2,3.0
1213,大飲,2021-03-24,41501.0,309375.0,7.51,7.80,7.32,7.38,-0.32,21.0
1213,大飲,2021-03-25,19006.0,145565.0,7.59,7.70,7.59,7.70,0.32,13.0
1213,大飲,2021-03-26,9000.0,69380.0,7.70,7.80,7.44,7.44,-0.26,9.0
1213,大飲,2021-03-29,81130.0,646840.0,7.99,8.00,7.52,8.00,0.56,39.0
1213,大飲,2021-03-30,152255.0,1318740.0,8.00,8.80,8.00,8.80,0.8,65.0
1213,大飲,2021-03-31,269828.0,2606950.0,9.67,9.68,9.50,9.68,0.88,116.0
1213,大飲,2021-04-01,90743.0,882492.0,10.25,10.25,9.23,9.30,-0.38,61.0
1213,大飲,2021-04-06,69195.0,632672.0,8.68,9.30,8.68,9.30,0.0,37.0
1213,大飲,2021-04-07,55.0,511.0,--,--,--,--,0.0,1.0
1213,大飲,2021-04-08,51754.0,480969.0,9.26,9.30,9.10,9.30,0.0,27.0
1213,大飲,2021-04-09,35189.0,337337.0,9.28,10.00,9.28,9.46,0.16,24.0
1213,大飲,2021-04-12,49005.0,474255.0,9.47,9.90,9.47,9.50,0.04,24.0
1213,大飲,2021-04-13,19005.0,179753.0,9.40,9.60,9.05,9.22,-0.28,9.0
1213,大飲,2021-04-14,11434.0,106258.0,9.35,9.46,9.13,9.20,-0.02,15.0
1213,大飲,2021-04-15,20806.0,196470.0,9.83,9.83,9.30,9.30,0.1,20.0
1213,大飲,2021-04-16,71010.0,663263.0,9.29,9.42,9.01,9.35,0.05,12.0
1213,大飲,2021-04-19,50008.0,440068.0,8.55,9.35,8.55,8.85,-0.5,24.0
1213,大飲,2021-04-20,121300.0,1078352.0,8.85,9.18,8.85,9.18,0.33,28.0
1213,大飲,2021-04-21,37267.0,328033.0,9.48,9.48,8.41,9.09,-0.09,25.0
1213,大飲,2021-04-22,38401.0,338340.0,8.61,9.06,8.61,8.99,-0.1,33.0
1213,大飲,2021-04-23,27656.0,244724.0,9.01,9.19,8.70,8.76,-0.23,30.0
