date,stock_id,dividend_yield,PER,PBR
2008-08-15,1337,0.57,16.25,0.33
2010-12-25,1337,0.56,16.51,0.34
2011-08-17,1337,0.0,13.42,4.29
2011-08-18,1337,0.0,13.77,4.33
2011-08-19,1337,0.0,13.29,4.18
2011-08-22,1337,0.0,12.46,3.92
2011-08-23,1337,0.0,13.31,4.19
2011-08-24,1337,0.0,13.03,4.1
2011-08-25,1337,0.0,12.93,4.07
2011-08-26,1337,0.0,12.03,3.78
2011-08-29,1337,0.0,12.37,3.89
2011-08-30,1337,0.0,12.38,3.89
2011-08-31,1337,0.0,12.32,3.88
2011-09-01,1337,0.0,12.48,3.93
2011-09-02,1337,0.0,12.32,3.88
2011-09-05,1337,0.0,12.39,3.9
2011-09-06,1337,0.0,12.39,3.9
2011-09-07,1337,0.0,12.2,3.84
2011-09-08,1337,0.0,12.23,3.85
2011-09-09,1337,0.0,11.92,3.75
2011-09-13,1337,0.0,11.26,3.54
2011-09-14,1337,0.0,10.48,3.3
2011-09-15,1337,0.0,10.5,3.3
2011-09-16,1337,0.0,11.16,3.51
2011-09-19,1337,0.0,10.9,3.43
2011-09-20,1337,0.0,10.73,3.37
2011-09-21,1337,0.0,11.18,3.52
2011-09-22,1337,0.0,10.92,3.44
2011-09-23,1337,0.0,10.43,3.28
2011-09-26,1337,0.0,9.71,3.05
2011-09-27,1337,0.0,9.52,3.0
2011-09-28,1337,0.0,9.52,3.0
2011-09-29,1337,0.0,9.86,3.1
2011-09-30,1337,0.0,9.8,3.08
2011-10-03,1337,0.0,10.07,3.17
2011-10-04,1337,0.0,9.73,3.06
2011-10-05,1337,0.0,9.73,3.06
2011-10-06,1337,0.0,9.83,3.09
2011-10-07,1337,0.0,10.15,3.19
2011-10-11,1337,0.0,10.31,3.24
2011-10-12,1337,0.0,10.22,3.22
2011-10-13,1337,0.0,10.22,3.22
2011-10-14,1337,0.0,10.29,3.24
2011-10-17,1337,0.0,10.25,3.22
2011-10-18,1337,0.0,10.2,3.21
2011-10-19,1337,0.0,10.08,3.17
2011-10-20,1337,0.0,9.99,3.14
2011-10-21,1337,0.0,9.94,3.13
2011-10-24,1337,0.0,10.14,3.19
2011-10-25,1337,0.0,10.11,3.18
2011-10-26,1337,0.0,10.81,3.4
2011-10-27,1337,0.0,10.66,2.04
2011-10-28,1337,0.0,10.9,2.08
2011-10-31,1337,0.0,10.73,2.05
2011-11-01,1337,0.0,10.74,2.05
2011-11-02,1337,0.0,10.71,2.05
2011-11-03,1337,0.0,11.41,2.18
2011-11-04,1337,0.0,11.34,2.17
2011-11-07,1337,0.0,11.29,2.16
2011-11-08,1337,0.0,11.41,2.18
2011-11-09,1337,0.0,10.99,2.1
2011-11-10,1337,0.0,10.64,2.04
2011-11-11,1337,0.0,10.84,2.07
2011-11-14,1337,0.0,11.15,2.13
2011-11-15,1337,0.0,11.27,2.16
2011-11-16,1337,0.0,11.2,2.14
2011-11-17,1337,0.0,11.04,2.11
2011-11-18,1337,0.0,11.15,2.13
2011-11-21,1337,0.0,11.06,2.12
2011-11-22,1337,0.0,10.98,2.1
2011-11-23,1337,0.0,10.85,2.08
2011-11-24,1337,0.0,10.85,2.08
2011-11-25,1337,0.0,10.63,2.03
2011-11-28,1337,0.0,10.74,2.05
2011-11-29,1337,0.0,10.77,2.06
2011-11-30,1337,0.0,10.73,2.05
2011-12-01,1337,0.0,11.01,2.1
2011-12-02,1337,0.0,10.71,2.05
2011-12-05,1337,0.0,10.36,1.98
2011-12-06,1337,0.0,9.99,1.91
2011-12-07,1337,0.0,9.8,1.87
2011-12-08,1337,0.0,9.66,1.85
2011-12-09,1337,0.0,9.5,1.82
2011-12-12,1337,0.0,9.38,1.79
2011-12-13,1337,0.0,9.5,1.82
2011-12-14,1337,0.0,9.52,1.82
2011-12-15,1337,0.0,9.5,1.82
2011-12-16,1337,0.0,9.4,1.8
2011-12-19,1337,0.0,8.94,1.71
2011-12-20,1337,0.0,8.94,1.71
2011-12-21,1337,0.0,9.24,1.77
2011-12-22,1337,0.0,8.6,1.64
2011-12-23,1337,0.0,8.81,1.68
2011-12-26,1337,0.0,8.53,1.63
2011-12-27,1337,0.0,8.54,1.63
2011-12-28,1337,0.0,8.75,1.67
2011-12-29,1337,0.0,8.49,1.62
2011-12-30,1337,0.0,8.47,1.62
2012-01-02,1337,0.0,8.32,1.59
2012-01-03,1337,0.0,8.38,1.6
2012-01-04,1337,0.0,8.4,1.61
2012-01-05,1337,0.0,8.45,1.61
2012-01-06,1337,0.0,9.03,1.73
2012-01-09,1337,0.0,9.38,1.79
2012-01-10,1337,0.0,9.52,1.82
2012-01-11,1337,0.0,9.43,1.8
2012-01-12,1337,0.0,9.26,1.77
2012-01-13,1337,0.0,9.17,1.75
2012-01-16,1337,0.0,9.36,1.79
2012-01-17,1337,0.0,9.45,1.81
2012-01-18,1337,0.0,9.55,1.83
2012-01-30,1337,0.0,9.99,1.91
2012-01-31,1337,0.0,9.93,1.9
2012-02-01,1337,0.0,9.94,1.9
2012-02-02,1337,0.0,10.14,1.94
2012-02-03,1337,0.0,10.27,1.96
2012-02-04,1337,0.0,10.43,2.0
2012-02-06,1337,0.0,10.29,1.97
2012-02-07,1337,0.0,10.2,1.95
2012-02-08,1337,0.0,10.22,1.96
2012-02-09,1337,0.0,10.04,1.92
2012-02-10,1337,0.0,10.18,1.95
2012-02-13,1337,0.0,10.07,1.93
2012-02-14,1337,0.0,10.03,1.92
2012-02-15,1337,0.0,10.25,1.96
2012-02-16,1337,0.0,10.97,2.1
2012-02-17,1337,0.0,10.85,2.08
2012-02-20,1337,0.0,11.46,2.19
2012-02-21,1337,0.0,11.64,2.23
2012-02-22,1337,0.0,12.13,2.32
2012-02-23,1337,0.0,11.97,2.29
2012-02-24,1337,0.0,11.95,2.28
2012-02-29,1337,0.0,11.96,2.29
2012-03-01,1337,0.0,12.04,2.3
2012-03-02,1337,0.0,12.0,2.3
2012-03-03,1337,0.0,11.76,2.25
2012-03-05,1337,0.0,11.54,2.21
2012-03-06,1337,0.0,11.69,2.24
2012-03-07,1337,0.0,11.76,2.25
2012-03-08,1337,0.0,11.81,2.26
2012-03-09,1337,0.0,12.63,2.42
2012-03-12,1337,0.0,12.46,2.38
2012-03-13,1337,0.0,12.46,2.38
2012-03-14,1337,0.0,12.48,2.39
2012-03-15,1337,0.0,12.83,2.45
2012-03-16,1337,0.0,12.46,2.38
2012-03-19,1337,0.0,12.27,2.35
2012-03-20,1337,0.0,12.44,2.38
2012-03-21,1337,0.0,12.32,2.36
2012-03-22,1337,0.0,12.46,2.38
2012-03-26,1337,5.69,12.32,2.36
2012-03-27,1337,5.74,12.23,2.34
2012-03-28,1337,5.8,12.1,2.31
2012-03-29,1337,5.98,11.74,2.24
2012-04-02,1337,5.96,11.78,2.1
2012-04-03,1337,6.17,9.33,2.02
2012-04-05,1337,6.34,9.08,1.97
2012-04-06,1337,6.05,9.52,2.06
2012-04-09,1337,6.13,9.39,2.04
2012-04-10,1337,6.13,9.39,2.04
2012-04-11,1337,6.11,9.43,2.04
2012-04-12,1337,6.19,9.31,2.02
2012-04-13,1337,5.87,9.82,2.13
2012-04-16,1337,5.94,9.7,2.1
2012-04-17,1337,6.14,9.38,2.03
2012-04-18,1337,6.19,9.31,2.02
2012-04-19,1337,6.22,9.25,2.01
2012-04-20,1337,6.34,9.08,1.97
2012-04-23,1337,6.36,9.06,1.96
2012-04-24,1337,6.37,9.05,1.96
2012-04-25,1337,6.15,9.37,2.03
2012-04-26,1337,6.2,9.29,2.01
2012-04-27,1337,6.26,9.2,1.99
2012-04-30,1337,6.19,9.31,2.02
2012-05-02,1337,5.79,9.95,2.16
2012-05-03,1337,5.54,10.39,2.19
2012-05-04,1337,5.45,9.59,2.23
2012-05-07,1337,5.42,9.65,2.24
2012-05-08,1337,5.32,9.82,2.28
2012-05-09,1337,5.36,9.75,2.26
2012-05-10,1337,5.42,9.64,2.24
2012-05-11,1337,5.53,9.45,2.19
2012-05-14,1337,5.6,9.32,2.16
2012-05-15,1337,5.48,9.54,2.21
2012-05-16,1337,5.6,9.33,2.17
2012-05-17,1337,5.64,9.26,2.15
2012-05-18,1337,5.9,8.85,2.05
2012-05-21,1337,5.95,8.78,2.04
2012-05-22,1337,5.86,8.92,2.07
2012-05-23,1337,5.93,8.81,2.05
2012-05-24,1337,5.96,8.76,2.03
2012-05-25,1337,5.89,8.86,2.06
2012-05-28,1337,5.71,9.16,2.12
2012-05-29,1337,5.6,9.32,2.16
2012-05-30,1337,5.69,9.18,2.13
2012-05-31,1337,5.43,9.61,2.23
2012-06-01,1337,5.58,9.36,2.17
2012-06-04,1337,5.79,9.03,2.1
2012-06-05,1337,5.65,9.24,2.14
2012-06-06,1337,5.65,9.24,2.14
2012-06-07,1337,5.6,9.32,2.16
2012-06-08,1337,5.69,9.18,2.13
2012-06-11,1337,5.69,9.19,2.13
2012-06-12,1337,5.75,9.08,2.11
2012-06-13,1337,5.77,9.05,2.1
2012-06-14,1337,5.68,9.2,2.13
2012-06-15,1337,5.55,9.42,2.19
2012-06-18,1337,5.46,9.57,2.22
2012-06-19,1337,5.53,9.45,2.19
2012-06-20,1337,5.58,9.36,2.17
2012-06-21,1337,5.56,9.4,2.18
2012-06-22,1337,5.59,9.34,2.17
2012-06-25,1337,5.57,9.38,2.18
2012-06-26,1337,5.54,9.43,2.19
2012-06-27,1337,5.49,9.51,2.21
2012-06-28,1337,6.5,9.24,2.15
2012-06-29,1337,6.36,9.45,2.19
2012-07-02,1337,6.1,9.84,2.28
2012-07-03,1337,6.08,9.88,2.29
2012-07-04,1337,6.19,9.71,2.25
2012-07-05,1337,6.07,9.9,2.3
2012-07-06,1337,5.94,10.12,2.35
2012-07-09,1337,6.02,9.98,2.32
2012-07-10,1337,6.13,9.8,2.27
2012-07-11,1337,6.09,9.86,2.29
2012-07-12,1337,6.12,9.82,2.28
2012-07-13,1337,6.15,9.77,2.27
2012-07-16,1337,6.04,9.94,2.31
2012-07-17,1337,6.07,9.9,2.3
2012-07-18,1337,5.99,10.02,2.33
2012-07-19,1337,6.01,10.0,2.32
2012-07-20,1337,6.04,9.95,2.31
2012-07-23,1337,6.11,9.83,2.28
2012-07-24,1337,6.14,9.78,2.27
2012-07-25,1337,6.07,9.89,2.3
2012-07-26,1337,6.03,9.96,2.31
2012-07-27,1337,6.04,9.94,2.31
2012-07-30,1337,6.12,9.81,2.28
2012-07-31,1337,6.0,10.01,2.32
2012-08-01,1337,5.61,10.71,2.49
2012-08-03,1337,5.59,10.74,2.49
2012-08-06,1337,5.45,11.03,2.56
2012-08-07,1337,5.45,11.03,2.56
2012-08-08,1337,5.45,11.03,2.56
2012-08-09,1337,5.47,10.98,2.55
2012-08-10,1337,5.25,11.45,2.66
2012-08-13,1337,5.19,11.57,2.69
2012-08-14,1337,5.29,11.35,2.64
2012-08-15,1337,5.34,11.25,2.61
2012-08-16,1337,5.29,11.35,2.65
2012-08-17,1337,5.4,10.11,2.59
2012-08-20,1337,5.45,10.03,2.57
2012-08-21,1337,5.45,10.03,2.57
2012-08-22,1337,5.42,10.08,2.59
2012-08-23,1337,5.32,10.27,2.64
2012-08-24,1337,5.34,10.23,2.62
2012-08-27,1337,5.33,10.25,2.63
2012-08-28,1337,5.42,10.09,2.59
2012-08-29,1337,5.43,10.07,2.58
2012-08-30,1337,5.32,10.26,2.63
2012-08-31,1337,5.4,10.11,2.59
2012-09-03,1337,5.32,10.26,2.63
2012-09-04,1337,5.31,10.28,2.64
2012-09-05,1337,5.32,10.27,2.64
2012-09-06,1337,5.38,10.15,2.6
2012-09-07,1337,5.34,10.23,2.62
2012-09-10,1337,5.32,10.27,2.64
2012-09-11,1337,5.27,10.36,2.66
2012-09-12,1337,5.28,10.35,2.66
2012-09-13,1337,5.32,10.26,2.63
2012-09-14,1337,5.34,10.23,2.62
2012-09-17,1337,5.42,10.09,2.59
2012-09-18,1337,5.42,10.08,2.59
2012-09-19,1337,5.42,10.08,2.59
2012-09-20,1337,5.42,10.08,2.59
2012-09-21,1337,5.42,10.08,2.59
2012-09-24,1337,5.2,10.51,2.7
2012-09-25,1337,5.2,10.51,2.7
2012-09-26,1337,5.15,10.6,2.72
2012-09-27,1337,5.06,10.81,2.77
2012-09-28,1337,5.06,10.8,2.77
2012-10-01,1337,4.96,11.01,2.83
2012-10-02,1337,5.01,10.91,2.8
2012-10-03,1337,5.02,10.88,2.79
2012-10-04,1337,5.06,10.81,2.77
2012-10-05,1337,5.04,10.85,2.78
2012-10-08,1337,5.15,10.6,2.72
2012-10-09,1337,5.3,11.37,2.92
2012-10-11,1337,5.39,11.19,2.87
2012-10-12,1337,5.35,11.26,2.89
2012-10-15,1337,5.46,11.05,2.84
2012-10-16,1337,5.46,11.05,2.84
2012-10-17,1337,5.38,11.2,2.88
2012-10-18,1337,5.4,11.16,2.86
2012-10-19,1337,5.43,11.11,2.85
2012-10-22,1337,5.47,11.02,2.83
2012-10-23,1337,5.35,11.26,2.89
2012-10-24,1337,5.36,11.24,2.88
2012-10-25,1337,5.49,10.99,2.82
2012-10-26,1337,5.89,10.23,2.63
2012-10-29,1337,5.9,10.22,2.62
2012-10-30,1337,5.77,10.45,2.68
2012-10-31,1337,5.73,10.52,2.54
2012-11-01,1337,5.75,9.99,2.53
2012-11-02,1337,5.81,9.87,2.5
2012-11-05,1337,5.79,9.91,2.51
2012-11-06,1337,5.79,9.92,2.52
2012-11-07,1337,5.76,9.97,2.53
2012-11-08,1337,5.78,9.93,2.52
2012-11-09,1337,5.79,9.91,2.51
2012-11-12,1337,5.77,9.94,2.52
2012-11-13,1337,5.87,9.78,2.48
2012-11-14,1337,5.91,9.7,2.46
2012-11-15,1337,5.67,10.11,2.56
2012-11-16,1337,5.84,9.83,2.49
2012-11-19,1337,6.19,9.28,2.35
2012-11-20,1337,6.07,9.46,2.4
2012-11-21,1337,6.15,9.32,2.36
2012-11-22,1337,6.11,9.39,2.38
2012-11-23,1337,5.97,9.61,2.44
2012-11-26,1337,6.02,9.53,2.42
2012-11-27,1337,6.0,9.56,2.43
2012-11-28,1337,6.03,9.52,2.41
2012-11-29,1337,5.99,9.59,2.43
2012-11-30,1337,5.85,9.81,2.49
2012-12-03,1337,5.79,9.92,2.52
2012-12-04,1337,5.8,9.9,2.51
2012-12-05,1337,5.7,10.07,2.55
2012-12-06,1337,5.77,9.94,2.52
2012-12-07,1337,5.88,9.76,2.47
2012-12-10,1337,5.87,9.78,2.48
2012-12-11,1337,5.83,9.84,2.49
2012-12-12,1337,5.79,9.92,2.52
2012-12-13,1337,5.83,9.85,2.5
2012-12-14,1337,5.89,9.75,2.47
2012-12-17,1337,5.93,9.68,2.45
2012-12-18,1337,5.96,9.63,2.44
2012-12-19,1337,5.96,9.62,2.44
2012-12-20,1337,6.03,9.52,2.41
2012-12-21,1337,5.96,9.62,2.44
2012-12-22,1337,6.01,9.55,2.42
2012-12-24,1337,6.0,9.56,2.43
2012-12-25,1337,5.93,9.68,2.45
2012-12-26,1337,5.99,9.59,2.43
2012-12-27,1337,6.0,9.56,2.43
2012-12-28,1337,5.96,9.62,2.44
2013-01-02,1337,5.98,9.6,2.43
2013-01-03,1337,5.97,9.61,2.44
2013-01-04,1337,5.91,9.71,2.46
2013-01-07,1337,5.89,9.75,2.47
2013-01-08,1337,5.97,9.61,2.44
2013-01-09,1337,6.12,9.38,2.38
2013-01-11,1337,6.01,9.54,2.42
2013-01-14,1337,5.96,9.63,2.44
2013-01-15,1337,5.99,9.59,2.43
2013-01-16,1337,5.99,9.59,2.43
2013-01-17,1337,6.04,9.51,2.41
2013-01-18,1337,6.01,9.55,2.42
2013-01-21,1337,5.97,9.61,2.44
2013-01-22,1337,5.8,9.9,2.51
2013-01-23,1337,5.83,9.84,2.49
2013-01-24,1337,5.89,9.75,2.47
2013-01-25,1337,5.93,9.68,2.45
2013-01-28,1337,5.89,9.74,2.47
2013-01-29,1337,5.79,9.92,2.52
2013-01-30,1337,5.75,9.99,2.53
2013-01-31,1337,5.73,10.02,2.54
2013-02-01,1337,5.73,10.02,2.54
2013-02-04,1337,5.73,10.02,2.54
2013-02-05,1337,5.74,10.0,2.54
2013-02-06,1337,5.64,10.17,2.58
2013-02-18,1337,5.86,9.79,2.48
2013-02-19,1337,5.88,9.76,2.47
2013-02-20,1337,5.81,9.87,2.5
2013-02-21,1337,5.95,9.64,2.45
2013-02-22,1337,5.98,9.6,2.43
2013-02-23,1337,5.97,9.61,2.44
2013-02-25,1337,6.01,9.54,2.42
2013-02-26,1337,6.0,9.56,2.43
2013-02-27,1337,5.98,9.6,2.43
2013-03-01,1337,5.98,9.6,2.43
2013-03-04,1337,5.94,9.67,2.45
2013-03-05,1337,5.93,9.68,2.45
2013-03-06,1337,5.96,9.62,2.44
2013-03-07,1337,6.3,9.11,2.31
2013-03-08,1337,6.4,8.97,2.27
2013-03-11,1337,6.43,8.92,2.26
2013-03-12,1337,6.35,9.04,2.29
2013-03-13,1337,6.36,9.03,2.29
2013-03-14,1337,6.36,9.03,2.29
2013-03-15,1337,6.36,9.03,2.29
2013-03-18,1337,6.45,8.9,2.26
2013-03-19,1337,6.33,9.06,2.3
2013-03-20,1337,6.16,9.3,1.84
2013-03-21,1337,6.13,9.52,1.84
2013-03-22,1337,6.11,9.57,1.85
2013-03-25,1337,6.15,9.5,1.84
2013-03-26,1337,6.17,9.46,1.83
2013-03-27,1337,6.27,9.31,1.8
2013-03-28,1337,6.27,9.31,1.8
2013-03-29,1337,6.2,9.42,1.82
2013-04-01,1337,6.21,9.4,1.82
2013-04-02,1337,6.16,9.49,1.84
2013-04-03,1337,6.2,9.43,1.83
2013-04-08,1337,6.32,9.24,1.79
2013-04-09,1337,6.3,9.28,1.8
2013-04-10,1337,6.29,9.29,1.8
2013-04-11,1337,6.31,9.25,1.79
2013-04-12,1337,6.3,9.28,1.8
2013-04-15,1337,6.31,9.25,1.79
2013-04-16,1337,6.35,9.19,1.78
2013-04-17,1337,6.35,9.19,1.78
2013-04-18,1337,6.34,9.22,1.79
2013-04-19,1337,6.3,9.28,1.8
2013-04-22,1337,6.3,9.28,1.8
2013-04-23,1337,6.3,9.28,1.8
2013-04-24,1337,6.17,9.47,1.84
2013-04-25,1337,6.23,9.37,1.82
2013-04-26,1337,6.22,9.39,1.82
2013-04-29,1337,6.31,9.25,1.79
2013-04-30,1337,6.32,9.24,1.79
2013-05-02,1337,6.31,9.26,1.79
2013-05-03,1337,6.23,9.37,1.82
2013-05-06,1337,6.23,9.37,1.82
2013-05-07,1337,6.24,9.36,1.81
2013-05-08,1337,6.21,9.4,1.82
2013-05-09,1337,6.16,9.49,1.84
2013-05-10,1337,6.2,9.43,1.83
2013-05-13,1337,6.17,9.46,1.83
2013-05-14,1337,6.23,9.38,1.71
2013-05-15,1337,6.23,9.95,1.71
2013-05-16,1337,6.27,9.89,1.7
2013-05-17,1337,6.28,9.86,1.7
2013-05-20,1337,6.28,9.86,1.7
2013-05-21,1337,6.25,9.91,1.7
2013-05-22,1337,6.14,10.09,1.73
2013-05-23,1337,6.2,9.99,1.72
2013-05-24,1337,6.24,9.93,1.71
2013-05-27,1337,6.23,9.95,1.71
2013-05-28,1337,6.24,9.93,1.71
2013-05-29,1337,6.23,9.94,1.71
2013-05-30,1337,6.25,9.91,1.7
2013-05-31,1337,6.2,9.99,1.72
2013-06-03,1337,6.2,10.0,1.72
2013-06-04,1337,6.21,9.98,1.72
2013-06-05,1337,6.23,9.95,1.71
2013-06-06,1337,6.27,9.88,1.7
2013-06-07,1337,6.31,9.83,1.69
2013-06-10,1337,6.27,9.89,1.7
2013-06-11,1337,6.27,9.88,1.7
2013-06-13,1337,6.36,9.74,1.67
2013-06-14,1337,6.5,9.53,1.64
2013-06-17,1337,6.51,9.52,1.64
2013-06-18,1337,6.46,9.59,1.65
2013-06-19,1337,6.35,9.75,1.68
2013-06-20,1337,6.41,9.67,1.66
2013-06-21,1337,6.49,9.54,1.64
2013-06-24,1337,6.44,9.62,1.65
2013-06-25,1337,6.46,9.59,1.65
2013-06-26,1337,6.4,9.68,1.66
2013-06-27,1337,6.3,9.84,1.69
2013-06-28,1337,6.31,9.83,1.69
2013-07-01,1337,6.22,9.96,1.71
2013-07-02,1337,6.28,9.86,1.7
2013-07-03,1337,6.28,9.86,1.7
2013-07-04,1337,6.31,9.83,1.69
2013-07-05,1337,6.25,9.91,1.7
2013-07-08,1337,6.23,9.95,1.71
2013-07-09,1337,6.0,10.33,1.78
2013-07-10,1337,5.95,10.41,1.79
2013-07-11,1337,5.92,10.47,1.8
2013-07-12,1337,5.84,10.61,1.82
2013-07-15,1337,6.86,9.03,1.55
2013-07-16,1337,6.93,8.93,1.54
2013-07-17,1337,6.88,9.01,1.55
2013-07-18,1337,6.88,9.01,1.55
2013-07-19,1337,6.9,8.98,1.54
2013-07-22,1337,6.74,9.19,1.58
2013-07-23,1337,6.63,9.34,1.61
2013-07-24,1337,6.55,9.45,1.63
2013-07-25,1337,6.62,9.36,1.61
2013-07-26,1337,6.71,9.23,1.59
2013-07-29,1337,6.49,9.54,1.64
2013-07-30,1337,6.31,9.83,1.69
2013-07-31,1337,6.31,9.81,1.69
2013-08-01,1337,6.4,9.68,1.66
2013-08-02,1337,6.22,9.96,1.71
2013-08-05,1337,6.2,9.99,1.72
2013-08-06,1337,6.19,10.01,1.72
2013-08-07,1337,6.41,9.67,1.66
2013-08-08,1337,6.31,9.81,1.69
2013-08-09,1337,6.26,9.9,1.7
2013-08-12,1337,6.29,9.85,1.69
2013-08-13,1337,6.35,9.75,1.68
2013-08-14,1337,6.33,9.79,1.68
2013-08-15,1337,6.58,9.42,1.64
2013-08-16,1337,6.47,9.94,1.67
2013-08-19,1337,6.29,10.22,1.72
2013-08-20,1337,6.43,10.0,1.68
2013-08-22,1337,6.44,9.97,1.68
2013-08-23,1337,6.44,9.99,1.68
2013-08-26,1337,6.41,10.03,1.69
2013-08-27,1337,6.45,9.96,1.68
2013-08-28,1337,6.45,9.96,1.68
2013-08-29,1337,6.26,10.27,1.73
2013-08-30,1337,6.1,10.54,1.77
2013-09-02,1337,6.1,10.54,1.77
2013-09-03,1337,6.1,10.54,1.77
2013-09-04,1337,6.1,10.54,1.77
2013-09-05,1337,6.1,10.54,1.77
2013-09-06,1337,6.11,10.51,1.77
2013-09-09,1337,6.17,10.41,1.75
2013-09-10,1337,6.26,10.27,1.73
2013-09-11,1337,6.27,10.26,1.73
2013-09-12,1337,6.25,10.28,1.73
2013-09-13,1337,6.2,10.37,1.75
2013-09-14,1337,6.27,10.24,1.72
2013-09-16,1337,6.23,10.31,1.74
2013-09-17,1337,6.25,10.28,1.73
2013-09-18,1337,6.23,10.31,1.74
2013-09-23,1337,6.19,10.39,1.75
2013-09-24,1337,6.2,10.37,1.75
2013-09-25,1337,6.25,10.28,1.73
2013-09-27,1337,6.23,10.32,1.74
2013-09-30,1337,6.27,10.26,1.73
2013-10-01,1337,6.29,10.22,1.72
2013-10-02,1337,6.07,10.59,1.78
2013-10-04,1337,6.13,10.49,1.77
2013-10-07,1337,6.02,10.67,1.8
2013-10-08,1337,6.04,10.64,1.79
2013-10-09,1337,6.06,10.6,1.79
2013-10-11,1337,6.16,10.44,1.76
2013-10-14,1337,6.17,10.41,1.75
2013-10-15,1337,6.1,10.54,1.77
2013-10-16,1337,6.02,10.68,1.8
2013-10-17,1337,6.03,10.66,1.79
2013-10-18,1337,5.76,11.16,1.88
2013-10-21,1337,5.72,11.23,1.89
2013-10-22,1337,5.76,11.16,1.88
2013-10-23,1337,5.79,11.11,1.87
2013-10-24,1337,5.84,11.0,1.85
2013-10-25,1337,5.79,11.11,1.87
2013-10-28,1337,5.85,10.99,1.85
2013-10-29,1337,5.71,11.25,1.89
2013-10-30,1337,5.65,11.38,1.92
2013-10-31,1337,5.71,11.26,1.9
2013-11-01,1337,5.65,11.38,1.92
2013-11-04,1337,5.62,11.44,1.93
2013-11-05,1337,5.73,11.21,1.89
2013-11-06,1337,5.71,11.26,1.9
2013-11-07,1337,5.75,11.18,1.88
2013-11-08,1337,5.73,11.22,1.89
2013-11-11,1337,5.73,11.22,2.07
2013-11-12,1337,5.81,12.29,2.04
2013-11-13,1337,5.88,12.16,2.02
2013-11-14,1337,5.95,12.0,2.0
2013-11-15,1337,5.91,12.09,2.01
2013-11-18,1337,5.92,12.06,2.01
2013-11-19,1337,5.88,12.14,2.02
2013-11-20,1337,5.85,12.2,2.03
2013-11-21,1337,5.94,12.03,2.0
2013-11-22,1337,5.97,11.96,1.99
2013-11-25,1337,5.92,12.07,2.01
2013-11-26,1337,5.9,12.11,2.01
2013-11-27,1337,5.92,12.06,2.01
2013-11-28,1337,5.85,12.21,2.03
2013-11-29,1337,5.88,12.14,2.02
2013-12-02,1337,5.88,12.14,2.02
2013-12-03,1337,5.88,12.14,2.02
2013-12-04,1337,5.95,12.01,2.0
2013-12-05,1337,5.84,12.23,2.03
2013-12-06,1337,5.9,12.11,2.01
2013-12-09,1337,5.56,12.86,2.14
2013-12-10,1337,5.77,12.39,2.06
2013-12-11,1337,5.71,12.51,2.08
2013-12-12,1337,5.83,12.24,2.04
2013-12-13,1337,5.73,12.47,2.07
2013-12-16,1337,5.82,12.27,2.04
2013-12-17,1337,5.8,12.31,2.05
2013-12-18,1337,5.82,12.27,2.04
2013-12-19,1337,5.68,12.57,2.09
2013-12-20,1337,5.34,13.39,2.23
2013-12-23,1337,5.06,14.13,2.35
2013-12-24,1337,5.06,14.13,2.35
2013-12-25,1337,5.13,13.91,2.31
2013-12-26,1337,5.2,13.74,2.29
2013-12-27,1337,5.01,14.26,2.37
2013-12-30,1337,5.13,13.91,2.31
2013-12-31,1337,5.24,13.64,2.27
2014-01-02,1337,5.19,13.77,2.29
2014-01-03,1337,5.19,13.76,2.29
2014-01-06,1337,5.33,13.4,2.23
2014-01-07,1337,5.22,13.69,2.28
2014-01-08,1337,5.05,14.14,2.35
2014-01-09,1337,5.18,13.8,2.3
2014-01-10,1337,5.25,13.61,2.26
2014-01-13,1337,5.19,13.76,2.29
2014-01-14,1337,5.25,13.61,2.26
2014-01-15,1337,5.34,13.39,2.23
2014-01-16,1337,5.48,13.04,2.17
2014-01-17,1337,5.41,13.2,2.2
2014-01-20,1337,5.42,13.19,2.19
2014-01-21,1337,5.46,13.07,2.17
2014-01-22,1337,5.46,13.07,2.17
2014-01-23,1337,5.49,13.0,2.16
2014-01-24,1337,5.54,12.9,2.15
2014-01-27,1337,5.63,12.69,2.11
2014-02-05,1337,5.71,12.5,2.08
2014-02-06,1337,5.52,12.93,2.15
2014-02-07,1337,5.63,12.69,2.11
2014-02-10,1337,5.69,12.56,2.09
2014-02-11,1337,5.66,12.61,2.1
2014-02-12,1337,5.63,12.69,2.11
2014-02-13,1337,5.62,12.71,2.11
2014-02-14,1337,5.59,12.79,2.13
2014-02-17,1337,5.48,13.03,2.17
2014-02-18,1337,5.46,13.07,2.17
2014-02-19,1337,5.48,13.04,2.17
2014-02-20,1337,5.45,13.11,2.18
2014-02-21,1337,5.43,13.14,2.19
2014-02-24,1337,5.54,12.89,2.14
2014-02-25,1337,5.54,12.89,2.14
2014-02-26,1337,5.51,12.97,2.16
2014-02-27,1337,5.41,13.21,2.2
2014-03-03,1337,5.42,13.17,2.19
2014-03-04,1337,5.39,13.24,2.2
2014-03-05,1337,5.33,13.4,2.23
2014-03-06,1337,5.29,13.51,2.25
2014-03-07,1337,5.4,13.23,2.2
2014-03-10,1337,5.43,13.16,2.19
2014-03-11,1337,5.42,13.19,2.19
2014-03-12,1337,5.56,12.86,2.14
2014-03-13,1337,5.6,12.76,2.12
2014-03-14,1337,5.58,12.8,2.13
2014-03-17,1337,5.56,12.86,2.14
2014-03-18,1337,5.85,12.2,1.93
2014-03-19,1337,5.85,13.26,1.93
2014-03-20,1337,5.81,13.35,1.94
2014-03-21,1337,5.86,13.25,1.93
2014-03-24,1337,5.86,13.25,1.93
2014-03-25,1337,5.78,13.43,1.96
2014-03-26,1337,5.76,13.48,1.96
2014-03-27,1337,5.69,13.63,1.99
2014-03-28,1337,5.74,13.52,1.97
2014-03-31,1337,5.68,13.66,1.99
2014-04-01,1337,5.67,13.7,1.99
2014-04-02,1337,5.71,13.59,1.98
2014-04-03,1337,5.75,13.51,1.97
2014-04-07,1337,5.74,13.52,1.97
2014-04-08,1337,5.67,13.7,1.99
2014-04-09,1337,5.54,14.01,2.04
2014-04-10,1337,5.57,13.94,2.03
2014-04-11,1337,5.64,13.77,2.01
2014-04-14,1337,5.64,13.77,2.01
2014-04-15,1337,5.56,13.96,2.03
2014-04-16,1337,5.46,14.21,2.07
2014-04-17,1337,5.46,14.21,2.07
2014-04-18,1337,5.45,14.24,2.07
2014-04-21,1337,5.52,14.05,2.05
2014-04-22,1337,5.63,13.79,2.01
2014-04-23,1337,5.78,13.43,1.96
2014-04-24,1337,6.21,12.5,1.82
2014-04-25,1337,6.68,11.63,1.69
2014-04-28,1337,7.17,10.82,1.58
2014-04-29,1337,7.7,10.08,1.47
2014-04-30,1337,7.85,9.89,1.44
2014-05-02,1337,7.34,10.57,1.54
2014-05-05,1337,6.87,11.3,1.65
2014-05-06,1337,6.85,11.34,1.65
2014-05-07,1337,7.19,10.79,1.57
2014-05-08,1337,7.03,11.04,1.61
2014-05-09,1337,7.27,10.68,1.56
2014-05-12,1337,7.56,10.26,1.49
2014-05-13,1337,7.92,9.8,1.43
2014-05-14,1337,7.87,9.86,1.39
2014-05-15,1337,7.54,9.72,1.46
2014-05-16,1337,7.51,9.77,1.46
2014-05-19,1337,7.41,9.9,1.48
2014-05-20,1337,7.46,9.82,1.47
2014-05-21,1337,7.49,9.79,1.47
2014-05-22,1337,7.24,10.13,1.52
2014-05-23,1337,7.29,10.06,1.51
2014-05-26,1337,7.35,9.97,1.49
2014-05-27,1337,7.34,9.99,1.49
2014-05-28,1337,7.33,10.0,1.5
2014-05-29,1337,7.29,10.06,1.51
2014-05-30,1337,7.36,9.96,1.49
2014-06-03,1337,7.47,9.81,1.47
2014-06-04,1337,7.44,9.85,1.47
2014-06-05,1337,7.32,10.01,1.5
2014-06-06,1337,7.44,9.85,1.47
2014-06-09,1337,8.0,9.16,1.37
2014-06-10,1337,5.82,8.81,1.32
2014-06-11,1337,5.93,8.65,1.29
2014-06-12,1337,5.76,8.91,1.33
2014-06-13,1337,5.82,8.81,1.32
2014-06-16,1337,5.73,8.96,1.34
2014-06-17,1337,5.75,8.93,1.34
2014-06-18,1337,5.73,8.96,1.34
2014-06-19,1337,5.77,8.9,1.33
2014-06-20,1337,5.63,9.12,1.37
2014-06-23,1337,5.71,8.99,1.35
2014-06-24,1337,5.69,9.02,1.35
2014-06-25,1337,5.66,9.06,1.36
2014-06-26,1337,5.62,9.13,1.37
2014-06-27,1337,5.62,9.13,1.37
2014-06-30,1337,5.77,8.9,1.33
2014-07-01,1337,5.8,8.84,1.32
2014-07-02,1337,5.88,8.72,1.31
2014-07-03,1337,5.79,8.87,1.33
2014-07-04,1337,5.7,9.0,1.35
2014-07-07,1337,7.06,7.27,1.09
2014-07-08,1337,7.52,6.83,1.02
2014-07-09,1337,7.77,6.61,0.99
2014-07-10,1337,7.83,6.55,0.98
2014-07-11,1337,8.41,6.1,0.91
2014-07-14,1337,8.53,6.02,0.9
2014-07-15,1337,8.25,6.22,0.93
2014-07-16,1337,8.18,6.28,0.94
2014-07-17,1337,8.06,6.37,0.95
2014-07-18,1337,8.05,6.38,0.95
2014-07-21,1337,7.96,6.44,0.96
2014-07-22,1337,7.97,6.44,0.96
2014-07-24,1337,8.06,6.36,0.95
2014-07-25,1337,7.99,6.42,0.96
2014-07-28,1337,7.9,6.5,0.97
2014-07-29,1337,8.13,6.31,0.94
2014-07-30,1337,8.17,6.28,0.94
2014-07-31,1337,8.01,6.41,0.96
2014-08-01,1337,8.07,6.36,0.95
2014-08-04,1337,8.02,6.4,0.96
2014-08-05,1337,8.13,6.31,0.94
2014-08-06,1337,8.43,6.09,0.91
2014-08-07,1337,8.45,6.07,0.91
2014-08-08,1337,9.01,5.7,0.85
2014-08-11,1337,9.08,5.65,0.85
2014-08-12,1337,8.54,6.22,0.9
2014-08-13,1337,8.24,6.45,0.94
2014-08-14,1337,7.7,6.9,1.0
2014-08-15,1337,7.45,7.13,1.03
2014-08-18,1337,7.66,6.93,1.01
2014-08-19,1337,7.57,7.02,1.02
2014-08-20,1337,7.53,7.05,1.02
2014-08-21,1337,7.69,6.9,1.0
2014-08-22,1337,7.68,6.92,1.0
2014-08-25,1337,7.63,6.96,1.01
2014-08-26,1337,7.67,6.93,1.0
2014-08-27,1337,7.56,7.03,1.02
2014-08-28,1337,7.61,6.98,1.01
2014-08-29,1337,7.63,6.96,1.01
2014-09-01,1337,7.64,6.95,1.01
2014-09-02,1337,7.68,6.91,1.0
2014-09-03,1337,7.6,6.99,1.01
2014-09-04,1337,7.11,7.47,1.08
2014-09-05,1337,7.2,7.37,1.07
2014-09-09,1337,7.43,7.15,1.04
2014-09-10,1337,7.32,7.25,1.05
2014-09-11,1337,7.42,7.15,1.04
2014-09-12,1337,7.56,7.03,1.02
2014-09-15,1337,7.74,6.86,0.99
2014-09-16,1337,7.88,6.74,0.98
2014-09-17,1337,7.8,6.81,0.99
2014-09-18,1337,7.8,6.81,0.99
2014-09-19,1337,7.77,6.84,0.99
2014-09-22,1337,7.69,6.9,1.0
2014-09-23,1337,7.83,6.78,0.98
2014-09-24,1337,7.8,6.81,0.99
2014-09-25,1337,7.95,6.68,0.97
2014-09-26,1337,8.11,6.55,0.95
2014-09-29,1337,8.14,6.53,0.95
2014-09-30,1337,8.3,6.4,0.93
2014-10-01,1337,8.12,6.54,0.95
2014-10-02,1337,8.12,6.54,0.95
2014-10-03,1337,8.05,6.6,0.96
2014-10-06,1337,8.12,6.54,0.95
2014-10-07,1337,8.24,6.45,0.94
2014-10-08,1337,8.25,6.43,0.93
2014-10-09,1337,8.09,6.56,0.95
2014-10-13,1337,8.7,6.11,0.89
2014-10-14,1337,9.2,5.77,0.84
2014-10-15,1337,9.86,5.39,0.78
2014-10-16,1337,9.72,5.15,0.75
2014-10-17,1337,10.0,5.01,0.73
2014-10-20,1337,9.72,5.15,0.75
2014-10-21,1337,9.51,5.27,0.76
2014-10-22,1337,9.54,5.25,0.76
2014-10-23,1337,9.59,5.22,0.76
2014-10-24,1337,9.76,5.13,0.74
2014-10-27,1337,9.82,5.1,0.74
2014-10-28,1337,9.55,5.24,0.76
2014-10-29,1337,9.14,5.48,0.79
2014-10-30,1337,8.73,5.74,0.83
2014-10-31,1337,8.62,5.81,0.84
2014-11-03,1337,8.8,5.69,0.83
2014-11-04,1337,8.79,5.7,0.83
2014-11-05,1337,8.92,5.61,0.81
2014-11-07,1337,8.94,5.6,0.81
2014-11-10,1337,9.61,5.21,0.76
2014-11-11,1337,9.51,5.27,0.91
2014-11-13,1337,9.48,7.58,0.91
2014-11-14,1337,9.32,7.71,0.92
2014-11-17,1337,9.43,7.63,0.91
2014-11-19,1337,9.75,7.37,0.88
2014-11-20,1337,9.57,7.52,0.9
2014-11-21,1337,9.51,7.56,0.91
2014-11-24,1337,9.35,7.69,0.92
2014-11-26,1337,9.3,7.73,0.93
2014-11-27,1337,9.26,7.77,0.93
2014-11-28,1337,9.32,7.71,0.92
2014-12-01,1337,9.32,7.71,0.92
2014-12-02,1337,9.42,7.64,0.91
2014-12-03,1337,9.24,7.78,0.93
2014-12-04,1337,8.67,8.29,0.99
2014-12-05,1337,8.74,8.22,0.98
2014-12-08,1337,8.82,8.15,0.98
2014-12-09,1337,9.23,7.79,0.93
2014-12-10,1337,9.17,7.84,0.94
2014-12-11,1337,9.17,7.84,0.94
2014-12-12,1337,9.21,7.81,0.94
2014-12-15,1337,9.34,7.7,0.92
2014-12-16,1337,9.28,7.75,0.93
2014-12-17,1337,9.69,7.42,0.89
2014-12-18,1337,9.73,7.39,0.88
2014-12-19,1337,9.85,7.3,0.87
2014-12-22,1337,9.66,7.44,0.89
2014-12-23,1337,9.57,7.52,0.9
2014-12-24,1337,9.3,7.73,0.93
2014-12-25,1337,9.34,7.7,0.92
2014-12-26,1337,9.35,7.69,0.92
2014-12-27,1337,9.09,7.91,0.95
2014-12-29,1337,9.09,7.91,0.95
2014-12-30,1337,9.21,7.81,0.94
2014-12-31,1337,9.07,7.93,0.95
2015-01-05,1337,9.1,7.9,0.95
2015-01-06,1337,9.38,7.67,0.92
2015-01-07,1337,9.3,7.73,0.93
2015-01-08,1337,9.14,7.86,0.94
2015-01-09,1337,8.98,8.01,0.96
2015-01-12,1337,9.03,7.96,0.95
2015-01-13,1337,8.97,8.02,0.96
2015-01-14,1337,8.88,8.09,0.97
2015-01-15,1337,8.64,8.32,1.0
2015-01-16,1337,9.0,7.98,0.96
2015-01-19,1337,9.12,7.89,0.94
2015-01-20,1337,8.94,8.04,0.96
2015-01-21,1337,8.91,8.07,0.97
2015-01-22,1337,8.84,8.14,0.97
2015-01-23,1337,8.78,8.19,0.98
2015-01-26,1337,8.81,8.16,0.98
2015-01-27,1337,8.87,8.1,0.97
2015-01-28,1337,8.79,8.18,0.98
2015-01-29,1337,8.8,8.17,0.98
2015-01-30,1337,8.89,8.08,0.97
2015-02-02,1337,8.92,8.06,0.97
2015-02-03,1337,9.0,7.98,0.96
2015-02-04,1337,9.03,7.96,0.95
2015-02-05,1337,8.94,8.04,0.96
2015-02-06,1337,9.04,7.95,0.95
2015-02-09,1337,9.04,7.95,0.95
2015-02-10,1337,8.97,8.02,0.96
2015-02-11,1337,8.88,8.09,0.97
2015-02-12,1337,8.98,8.01,0.96
2015-02-13,1337,9.08,7.92,0.95
2015-02-19,1337,2.36,10.96,0.45
2015-02-24,1337,8.92,8.06,0.97
2015-02-25,1337,8.73,8.24,0.99
2015-02-26,1337,8.8,8.17,0.98
2015-03-02,1337,8.91,8.07,0.97
2015-03-03,1337,8.92,8.06,0.97
2015-03-04,1337,8.88,8.09,0.97
2015-03-05,1337,8.47,8.49,1.02
2015-03-06,1337,8.7,8.27,0.99
2015-03-09,1337,8.82,8.15,0.98
2015-03-10,1337,8.97,8.02,0.96
2015-03-11,1337,9.03,7.96,0.95
2015-03-12,1337,8.98,8.01,0.96
2015-03-13,1337,9.03,7.96,0.95
2015-03-16,1337,9.08,7.92,0.95
2015-03-17,1337,9.05,7.94,0.95
2015-03-18,1337,9.19,7.82,0.94
2015-03-19,1337,9.15,7.85,0.94
2015-03-20,1337,9.3,7.73,0.93
2015-03-23,1337,9.95,7.22,0.82
2015-03-24,1337,1.29,7.37,0.83
2015-03-25,1337,1.37,6.94,0.78
2015-03-26,1337,1.37,6.94,0.78
2015-03-27,1337,1.36,6.98,0.78
2015-03-30,1337,1.38,6.86,0.77
2015-03-31,1337,1.4,6.78,0.76
2015-04-01,1337,1.46,6.48,0.73
2015-04-02,1337,1.44,6.57,0.74
2015-04-07,1337,1.44,6.59,0.74
2015-04-08,1337,1.43,6.61,0.74
2015-04-09,1337,1.37,6.93,0.78
2015-04-10,1337,1.47,6.44,0.72
2015-04-13,1337,1.46,6.48,0.73
2015-04-14,1337,1.42,6.66,0.75
2015-04-15,1337,1.41,6.72,0.75
2015-04-16,1337,1.42,6.67,0.75
2015-04-17,1337,1.41,6.7,0.75
2015-04-20,1337,1.43,6.61,0.74
2015-04-21,1337,1.43,6.62,0.74
2015-04-22,1337,1.41,6.71,0.75
2015-04-23,1337,1.41,6.74,0.76
2015-04-27,1337,1.44,6.56,0.74
2015-04-28,1337,1.44,6.56,0.74
2015-04-29,1337,1.46,6.48,0.73
2015-04-30,1337,1.46,6.5,0.73
2015-05-04,1337,1.47,6.46,0.73
2015-05-05,1337,1.58,6.01,0.67
2015-05-06,1337,1.58,5.98,0.67
2015-05-07,1337,1.62,5.85,0.66
2015-05-08,1337,1.74,5.44,0.61
2015-05-11,1337,1.87,6.42,0.57
2015-05-12,1337,2.01,5.98,0.53
2015-05-13,1337,2.07,5.81,0.52
2015-05-14,1337,2.22,5.41,0.48
2015-05-15,1337,2.29,5.25,0.47
2015-05-18,1337,2.26,5.31,0.47
2015-05-19,1337,2.12,5.67,0.5
2015-05-20,1337,2.04,5.88,0.52
2015-05-21,1337,2.03,5.92,0.53
2015-05-22,1337,2.02,5.95,0.53
2015-05-25,1337,2.11,5.7,0.51
2015-05-26,1337,2.13,5.63,0.5
2015-05-27,1337,2.11,5.68,0.5
2015-05-28,1337,1.99,6.05,0.54
2015-05-29,1337,2.03,5.91,0.52
2015-06-01,1337,2.1,5.73,0.51
2015-06-02,1337,2.08,5.78,0.51
2015-06-03,1337,2.12,5.66,0.5
2015-06-04,1337,2.23,5.39,0.48
2015-06-05,1337,2.21,5.43,0.48
2015-06-08,1337,2.13,5.64,0.5
2015-06-09,1337,2.15,5.59,0.5
2015-06-10,1337,2.1,5.73,0.51
2015-06-11,1337,2.13,5.64,0.5
2015-06-12,1337,2.17,5.53,0.49
2015-06-15,1337,2.18,5.5,0.49
2015-06-16,1337,2.2,5.46,0.48
2015-06-17,1337,2.16,5.56,0.49
2015-06-18,1337,2.13,5.64,0.5
2015-06-22,1337,2.14,5.61,0.5
2015-06-23,1337,2.17,5.54,0.49
2015-06-24,1337,2.34,5.14,0.46
2015-06-25,1337,2.26,5.31,0.47
2015-06-26,1337,2.29,5.24,0.46
2015-06-29,1337,2.38,5.04,0.45
2015-06-30,1337,2.33,5.15,0.46
2015-07-01,1337,2.25,5.34,0.47
2015-07-02,1337,2.29,5.24,0.46
2015-07-03,1337,2.32,5.17,0.46
2015-07-06,1337,2.38,5.04,0.45
2015-07-07,1337,2.38,5.04,0.45
2015-07-08,1337,2.34,5.13,0.45
2015-07-09,1337,2.4,5.01,0.45
2015-07-13,1337,2.36,5.08,0.45
2015-07-14,1337,2.38,5.04,0.45
2015-07-15,1337,2.38,5.04,0.45
2015-07-16,1337,2.37,5.07,0.45
2015-07-17,1337,2.3,5.22,0.46
2015-07-20,1337,2.3,5.22,0.46
2015-07-21,1337,2.32,5.17,0.46
2015-07-22,1337,2.4,5.0,0.44
2015-07-23,1337,2.49,4.82,0.43
2015-07-24,1337,2.77,4.34,0.39
2015-07-27,1337,2.98,4.04,0.36
2015-07-28,1337,2.91,4.13,0.37
2015-07-29,1337,2.92,4.12,0.37
2015-07-30,1337,2.85,4.22,0.37
2015-07-31,1337,2.92,4.12,0.37
2015-08-03,1337,3.12,3.85,0.34
2015-08-04,1337,3.2,3.76,0.33
2015-08-05,1337,3.14,3.83,0.34
2015-08-06,1337,3.08,3.9,0.35
2015-08-07,1337,3.07,3.91,0.35
2015-08-10,1337,2.79,4.3,0.38
2015-08-11,1337,2.79,4.3,0.38
2015-08-12,1337,2.63,4.57,0.41
2015-08-13,1337,2.65,4.54,0.4
2015-08-14,1337,2.67,4.5,0.4
2015-08-17,1337,2.97,6.04,0.36
2015-08-18,1337,3.17,5.65,0.34
2015-08-19,1337,3.47,5.17,0.31
2015-08-20,1337,3.41,5.25,0.32
2015-08-21,1337,3.61,4.96,0.3
2015-08-24,1337,4.0,4.48,0.27
2015-08-25,1337,3.98,4.5,0.27
2015-08-26,1337,3.63,4.94,0.3
2015-08-27,1337,3.39,5.29,0.32
2015-08-28,1337,3.25,5.52,0.33
2015-08-31,1337,3.21,5.58,0.34
2015-09-01,1337,3.02,5.94,0.36
2015-09-02,1337,3.07,5.83,0.35
2015-09-03,1337,3.02,5.94,0.36
2015-09-04,1337,3.07,5.83,0.35
2015-09-07,1337,3.07,5.83,0.35
2015-09-08,1337,3.04,5.9,0.35
2015-09-09,1337,2.97,6.04,0.36
2015-09-10,1337,2.79,6.42,0.39
2015-09-11,1337,2.85,6.29,0.38
2015-09-14,1337,2.95,6.08,0.37
2015-09-15,1337,3.03,5.92,0.36
2015-09-16,1337,2.98,6.02,0.36
2015-09-17,1337,2.9,6.19,0.37
2015-09-18,1337,2.8,6.4,0.39
2015-09-21,1337,2.88,6.23,0.37
2015-09-22,1337,2.86,6.27,0.38
2015-09-23,1337,2.96,6.06,0.36
2015-09-24,1337,3.06,5.85,0.35
2015-09-25,1337,2.96,6.06,0.36
2015-09-30,1337,2.98,6.02,0.36
2015-10-01,1337,2.85,6.29,0.38
2015-10-02,1337,2.87,6.25,0.38
2015-10-05,1337,2.87,6.25,0.38
2015-10-06,1337,2.86,6.27,0.38
2015-10-07,1337,2.6,6.9,0.42
2015-10-08,1337,2.48,7.23,0.44
2015-10-12,1337,2.26,7.94,0.48
2015-10-13,1337,2.05,8.73,0.53
2015-10-14,1337,2.06,8.69,0.52
2015-10-15,1337,2.14,8.38,0.5
2015-10-16,1337,1.95,9.21,0.55
2015-10-19,1337,1.86,9.63,0.58
2015-10-20,1337,1.92,9.33,0.56
2015-10-21,1337,1.88,9.52,0.57
2015-10-22,1337,1.95,9.19,0.55
2015-10-23,1337,2.08,8.63,0.52
2015-10-26,1337,1.89,9.48,0.57
2015-10-27,1337,1.76,10.19,0.61
2015-10-28,1337,1.79,10.02,0.6
2015-10-29,1337,1.79,10.02,0.6
2015-10-30,1337,1.86,9.63,0.58
2015-11-02,1337,1.89,9.48,0.57
2015-11-03,1337,1.89,9.48,0.57
2015-11-04,1337,1.89,9.46,0.57
2015-11-05,1337,1.86,9.63,0.58
2015-11-06,1337,1.91,9.4,0.57
2015-11-09,1337,2.01,12.86,0.53
2015-11-10,1337,1.9,13.64,0.56
2015-11-11,1337,1.95,13.28,0.55
2015-11-12,1337,2.0,12.98,0.53
2015-11-13,1337,2.02,12.8,0.53
2015-11-16,1337,2.09,12.38,0.51
2015-11-17,1337,2.0,12.95,0.53
2015-11-18,1337,2.01,12.86,0.53
2015-11-19,1337,2.01,12.89,0.53
2015-11-20,1337,2.06,12.59,0.52
2015-11-23,1337,1.99,13.01,0.53
2015-11-24,1337,2.06,12.59,0.52
2015-11-25,1337,2.1,12.32,0.51
2015-11-26,1337,2.12,12.2,0.5
2015-11-27,1337,2.15,12.05,0.49
2015-11-30,1337,2.22,11.69,0.48
2015-12-01,1337,2.13,12.17,0.5
2015-12-02,1337,2.16,11.99,0.49
2015-12-03,1337,2.15,12.05,0.49
2015-12-04,1337,2.12,12.2,0.5
2015-12-07,1337,2.13,12.17,0.5
2015-12-08,1337,2.13,12.17,0.5
2015-12-09,1337,2.23,11.6,0.48
2015-12-10,1337,2.28,11.36,0.47
2015-12-11,1337,2.39,10.84,0.45
2015-12-14,1337,2.55,10.15,0.42
2015-12-15,1337,2.52,10.27,0.42
2015-12-16,1337,2.29,11.3,0.46
2015-12-17,1337,2.36,10.99,0.45
2015-12-18,1337,2.36,10.96,0.45
2015-12-21,1337,2.32,11.14,0.46
2015-12-22,1337,2.32,11.14,0.46
2015-12-23,1337,2.32,11.17,0.46
2015-12-24,1337,2.32,11.14,0.46
2015-12-25,1337,2.29,11.3,0.46
2015-12-28,1337,2.32,11.14,0.46
2015-12-29,1337,2.4,10.81,0.44
2015-12-30,1337,2.38,10.9,0.45
2015-12-31,1337,2.38,10.9,0.45
2016-01-04,1337,2.41,10.75,0.44
2016-01-05,1337,2.44,10.6,0.44
2016-01-06,1337,2.51,10.33,0.42
2016-01-07,1337,2.7,9.58,0.39
2016-01-08,1337,2.64,9.82,0.4
2016-01-11,1337,2.54,10.21,0.42
2016-01-12,1337,2.67,9.7,0.4
2016-01-13,1337,2.7,9.61,0.39
2016-01-14,1337,2.79,9.28,0.38
2016-01-15,1337,2.82,9.19,0.38
2016-01-18,1337,2.78,9.31,0.38
2016-01-19,1337,2.75,9.43,0.39
2016-01-20,1337,2.79,9.28,0.38
2016-01-21,1337,2.74,9.46,0.39
2016-01-22,1337,2.68,9.67,0.4
2016-01-25,1337,2.54,10.18,0.42
2016-01-26,1337,2.61,9.91,0.41
2016-01-27,1337,2.57,10.06,0.41
2016-01-28,1337,2.57,10.06,0.41
2016-01-29,1337,2.51,10.3,0.42
2016-01-30,1337,2.49,10.42,0.43
2016-02-01,1337,2.5,10.36,0.43
2016-02-02,1337,2.51,10.3,0.42
2016-02-03,1337,2.58,10.03,0.41
2016-02-15,1337,2.46,10.54,0.43
2016-02-16,1337,2.37,10.93,0.45
2016-02-17,1337,2.28,11.36,0.47
2016-02-18,1337,2.29,11.3,0.46
2016-02-19,1337,2.37,10.93,0.45
2016-02-22,1337,2.31,11.2,0.46
2016-02-23,1337,2.36,10.96,0.45
2016-02-24,1337,2.33,11.11,0.46
2016-02-25,1337,2.36,10.99,0.45
2016-02-26,1337,2.32,11.14,0.46
2016-03-01,1337,2.32,11.17,0.46
2016-03-02,1337,2.25,11.51,0.47
2016-03-03,1337,2.28,11.36,0.47
2016-03-04,1337,2.28,11.39,0.47
2016-03-07,1337,2.07,12.5,0.51
2016-03-08,1337,2.08,12.47,0.51
2016-03-09,1337,2.16,13.3,0.5
2016-03-10,1337,2.45,13.6,0.51
2016-03-11,1337,2.52,13.23,0.5
2016-03-14,1337,2.53,13.17,0.5
2016-03-15,1337,2.7,12.37,0.47
2016-03-16,1337,2.63,12.67,0.48
2016-03-17,1337,2.69,12.4,0.47
2016-03-18,1337,2.66,12.53,0.47
2016-03-21,1337,2.56,13.0,0.49
2016-03-22,1337,2.56,13.0,0.49
2016-03-23,1337,2.59,12.87,0.49
2016-03-24,1337,2.62,12.73,0.48
2016-03-25,1337,2.5,13.33,0.5
2016-03-28,1337,2.56,13.0,0.49
2016-03-29,1337,2.7,12.37,0.47
2016-03-30,1337,2.63,12.67,0.48
2016-03-31,1337,2.55,13.07,0.49
2016-04-01,1337,2.56,13.0,0.49
2016-04-06,1337,2.59,12.87,0.49
2016-04-07,1337,2.56,13.0,0.49
2016-04-08,1337,2.54,13.13,0.5
2016-04-11,1337,2.46,13.57,0.51
2016-04-12,1337,2.53,13.17,0.5
2016-04-13,1337,2.5,13.33,0.5
2016-04-14,1337,2.49,13.37,0.51
2016-04-15,1337,2.46,13.57,0.51
2016-04-18,1337,2.49,13.37,0.51
2016-04-19,1337,2.53,13.17,0.5
2016-04-20,1337,2.6,12.83,0.48
2016-04-21,1337,2.6,12.83,0.48
2016-04-22,1337,2.66,12.53,0.47
2016-04-25,1337,2.61,12.77,0.48
2016-04-26,1337,2.62,12.7,0.48
2016-04-27,1337,2.63,12.67,0.48
2016-04-28,1337,2.61,12.77,0.48
2016-04-29,1337,2.65,12.6,0.48
2016-05-03,1337,2.79,11.97,0.45
2016-05-04,1337,2.79,11.97,0.45
2016-05-05,1337,2.74,10.86,0.46
2016-05-06,1337,2.77,10.74,0.45
2016-05-09,1337,2.77,10.74,0.45
2016-05-10,1337,2.75,10.83,0.46
2016-05-11,1337,2.81,10.6,0.45
2016-05-12,1337,2.82,10.57,0.44
2016-05-13,1337,2.84,10.48,0.44
2016-05-16,1337,2.82,10.54,0.44
2016-05-17,1337,2.75,10.83,0.46
2016-05-18,1337,2.74,10.86,0.46
2016-05-19,1337,2.79,10.68,0.45
2016-05-20,1337,2.78,10.71,0.45
2016-05-23,1337,2.74,10.86,0.46
2016-05-24,1337,2.74,10.86,0.46
2016-05-25,1337,2.7,11.04,0.47
2016-05-26,1337,2.65,11.22,0.47
2016-05-27,1337,2.65,11.22,0.47
2016-05-30,1337,2.56,11.61,0.49
2016-05-31,1337,2.58,11.55,0.49
2016-06-01,1337,2.57,11.58,0.49
2016-06-02,1337,2.65,11.25,0.47
2016-06-03,1337,2.63,11.31,0.48
2016-06-04,1337,2.6,11.46,0.48
2016-06-06,1337,2.62,11.34,0.48
2016-06-07,1337,2.58,11.52,0.49
2016-06-08,1337,2.6,11.43,0.48
2016-06-13,1337,2.7,11.01,0.46
2016-06-14,1337,2.69,11.07,0.47
2016-06-15,1337,2.69,11.07,0.47
2016-06-16,1337,2.75,10.8,0.46
2016-06-17,1337,2.74,10.86,0.46
2016-06-20,1337,2.71,10.98,0.46
2016-06-21,1337,2.72,10.95,0.46
2016-06-22,1337,2.72,10.95,0.46
2016-06-23,1337,2.72,10.95,0.46
2016-06-24,1337,2.8,10.63,0.45
2016-06-27,1337,2.76,10.77,0.45
2016-06-28,1337,2.75,10.83,0.46
2016-06-29,1337,2.71,10.98,0.46
2016-06-30,1337,2.72,10.95,0.46
2016-07-01,1337,2.72,10.95,0.46
2016-07-04,1337,2.71,10.98,0.46
2016-07-05,1337,2.7,11.01,0.46
2016-07-06,1337,2.73,10.89,0.46
2016-07-07,1337,2.7,11.01,0.46
2016-07-11,1337,2.7,11.01,0.46
2016-07-12,1337,2.72,10.92,0.46
2016-07-13,1337,2.72,10.95,0.46
2016-07-14,1337,2.61,11.4,0.48
2016-07-15,1337,2.65,11.25,0.47
2016-07-18,1337,2.63,11.31,0.48
2016-07-19,1337,2.61,11.4,0.48
2016-07-20,1337,2.65,11.25,0.47
2016-07-21,1337,2.6,11.43,0.48
2016-07-22,1337,2.63,11.31,0.48
2016-07-25,1337,2.65,11.22,0.47
2016-07-26,1337,2.65,11.22,0.47
2016-07-27,1337,2.67,11.16,0.47
2016-07-28,1337,2.7,11.01,0.46
2016-07-29,1337,2.71,10.98,0.46
2016-08-01,1337,2.72,10.95,0.46
2016-08-02,1337,2.7,11.01,0.46
2016-08-03,1337,2.71,10.98,0.46
2016-08-04,1337,2.67,11.13,0.47
2016-08-05,1337,2.6,11.43,0.48
2016-08-08,1337,2.62,11.37,0.48
2016-08-09,1337,2.67,11.13,0.47
2016-08-10,1337,2.65,11.25,0.47
2016-08-11,1337,2.67,11.13,0.47
2016-08-12,1337,2.66,11.19,0.47
2016-08-15,1337,2.62,9.1,0.49
2016-08-16,1337,2.65,8.98,0.48
2016-08-17,1337,2.66,8.95,0.48
2016-08-18,1337,2.67,8.9,0.48
2016-08-19,1337,2.67,8.9,0.48
2016-08-22,1337,2.62,9.07,0.49
2016-08-23,1337,2.62,9.07,0.49
2016-08-24,1337,2.64,9.02,0.48
2016-08-25,1337,2.65,9.0,0.48
2016-08-26,1337,2.59,9.19,0.49
2016-08-29,1337,2.48,9.6,0.51
2016-08-30,1337,2.49,9.55,0.51
2016-08-31,1337,2.51,9.5,0.51
2016-09-01,1337,2.48,9.6,0.51
2016-09-02,1337,2.73,8.71,0.47
2016-09-05,1337,2.7,8.81,0.47
2016-09-06,1337,2.7,8.81,0.47
2016-09-07,1337,2.7,8.83,0.47
2016-09-08,1337,2.7,8.83,0.47
2016-09-09,1337,2.66,8.95,0.48
2016-09-10,1337,2.69,8.86,0.47
2016-09-12,1337,2.72,8.76,0.47
2016-09-13,1337,2.7,8.83,0.47
2016-09-14,1337,2.7,8.81,0.47
2016-09-19,1337,2.68,8.88,0.48
2016-09-20,1337,2.68,8.88,0.48
2016-09-21,1337,2.71,8.79,0.47
2016-09-22,1337,2.69,8.86,0.47
2016-09-23,1337,2.7,8.83,0.47
2016-09-26,1337,2.7,8.81,0.47
2016-09-29,1337,2.71,8.79,0.47
2016-09-30,1337,2.7,8.81,0.47
2016-10-03,1337,2.69,8.86,0.47
2016-10-04,1337,2.67,8.9,0.48
2016-10-05,1337,2.65,9.0,0.48
2016-10-06,1337,2.59,9.19,0.49
2016-10-07,1337,2.6,9.14,0.49
2016-10-11,1337,2.73,8.71,0.47
2016-10-12,1337,2.73,8.71,0.47
2016-10-13,1337,2.78,8.57,0.46
2016-10-14,1337,2.85,8.36,0.45
2016-10-17,1337,2.82,8.45,0.45
2016-10-18,1337,2.8,8.5,0.46
2016-10-19,1337,2.75,8.64,0.46
2016-10-20,1337,2.72,8.76,0.47
2016-10-21,1337,2.74,8.69,0.47
2016-10-24,1337,2.72,8.74,0.47
2016-10-25,1337,2.72,8.74,0.47
2016-10-26,1337,2.74,8.69,0.47
2016-10-27,1337,2.75,8.64,0.46
2016-10-28,1337,2.77,8.6,0.46
2016-10-31,1337,2.78,8.57,0.46
2016-11-01,1337,2.77,8.6,0.46
2016-11-02,1337,2.9,8.21,0.44
2016-11-03,1337,2.94,8.1,0.43
2016-11-04,1337,2.93,8.12,0.43
2016-11-07,1337,2.88,7.96,0.45
2016-11-08,1337,2.88,7.96,0.45
2016-11-09,1337,3.05,7.52,0.43
2016-11-10,1337,2.91,7.89,0.45
2016-11-11,1337,2.92,7.84,0.44
2016-11-14,1337,2.92,7.87,0.45
2016-11-15,1337,2.92,7.84,0.44
2016-11-16,1337,2.91,7.89,0.45
2016-11-17,1337,2.89,7.94,0.45
2016-11-18,1337,2.93,7.82,0.44
2016-11-21,1337,2.93,7.82,0.44
2016-11-22,1337,2.92,7.84,0.44
2016-11-23,1337,2.92,7.84,0.44
2016-11-24,1337,2.94,7.8,0.44
2016-11-25,1337,2.92,7.87,0.45
2016-11-28,1337,2.87,7.98,0.45
2016-11-29,1337,2.85,8.05,0.46
2016-11-30,1337,2.89,7.94,0.45
2016-12-01,1337,2.83,8.1,0.46
2016-12-02,1337,2.87,8.0,0.45
2016-12-05,1337,2.91,7.89,0.45
2016-12-06,1337,3.0,7.64,0.43
2016-12-07,1337,3.0,7.64,0.43
2016-12-08,1337,3.0,7.64,0.43
2016-12-09,1337,3.05,7.52,0.43
2016-12-13,1337,3.02,7.59,0.43
2016-12-14,1337,2.91,7.89,0.45
2016-12-15,1337,2.93,7.82,0.44
2016-12-16,1337,2.94,7.8,0.44
2016-12-19,1337,2.95,7.78,0.44
2016-12-20,1337,2.93,7.82,0.44
2016-12-21,1337,2.94,7.8,0.44
2016-12-22,1337,2.94,7.8,0.44
2016-12-23,1337,2.84,8.07,0.46
2016-12-26,1337,2.87,8.0,0.45
2016-12-27,1337,2.89,7.94,0.45
2016-12-28,1337,2.87,7.98,0.45
2016-12-29,1337,2.88,7.96,0.45
2016-12-30,1337,2.86,8.03,0.46
2017-01-03,1337,2.86,8.03,0.46
2017-01-04,1337,2.8,8.19,0.46
2017-01-05,1337,2.8,8.19,0.46
2017-01-06,1337,2.79,8.23,0.47
2017-01-09,1337,2.84,8.07,0.46
2017-01-10,1337,2.77,8.28,0.47
2017-01-11,1337,2.79,8.23,0.47
2017-01-12,1337,2.79,8.23,0.47
2017-01-13,1337,2.77,8.28,0.47
2017-01-16,1337,2.84,8.07,0.46
2017-01-17,1337,2.87,7.98,0.45
2017-01-18,1337,2.82,8.12,0.46
2017-01-19,1337,2.83,8.1,0.46
2017-01-20,1337,2.87,7.98,0.45
2017-01-23,1337,2.87,8.0,0.45
2017-01-24,1337,2.87,7.98,0.45
2017-02-02,1337,2.88,7.96,0.45
2017-02-03,1337,2.88,7.96,0.45
2017-02-06,1337,2.83,8.1,0.46
2017-02-09,1337,2.9,7.91,0.45
2017-02-10,1337,2.9,7.91,0.45
2017-02-13,1337,2.91,7.89,0.45
2017-02-14,1337,2.95,7.78,0.44
2017-02-15,1337,2.91,7.89,0.45
2017-02-16,1337,2.89,7.94,0.45
2017-02-17,1337,2.9,7.91,0.45
2017-02-18,1337,2.89,7.94,0.45
2017-02-20,1337,2.9,7.91,0.45
2017-02-21,1337,2.89,7.94,0.45
2017-02-22,1337,2.86,8.03,0.46
2017-02-23,1337,2.87,8.0,0.45
2017-02-24,1337,2.86,8.03,0.46
2017-03-01,1337,2.84,8.07,0.46
2017-03-02,1337,2.87,8.0,0.45
2017-03-03,1337,2.87,8.0,0.45
2017-03-06,1337,2.9,7.91,0.45
2017-03-07,1337,2.88,7.96,0.45
2017-03-08,1337,2.9,7.91,0.45
2017-03-09,1337,2.96,7.75,0.44
2017-03-10,1337,3.0,7.64,0.43
2017-03-13,1337,3.08,10.62,0.44
2017-03-14,1337,3.06,10.69,0.44
2017-03-15,1337,3.07,10.65,0.44
2017-03-16,1337,3.07,10.65,0.44
2017-03-17,1337,3.04,10.75,0.44
2017-03-20,1337,3.07,10.65,0.44
2017-03-21,1337,3.09,10.59,0.44
2017-03-22,1337,3.11,10.52,0.43
2017-03-23,1337,3.12,10.49,0.43
2017-03-24,1337,3.09,10.59,0.44
2017-03-27,1337,3.1,10.56,0.44
2017-03-28,1337,3.11,10.52,0.43
2017-03-29,1337,3.12,10.49,0.43
2017-03-30,1337,3.13,10.46,0.43
2017-03-31,1337,3.11,10.52,0.43
2017-04-05,1337,3.07,10.65,0.44
2017-04-06,1337,3.08,10.62,0.44
2017-04-07,1337,3.11,10.52,0.43
2017-04-10,1337,3.13,10.42,0.43
2017-04-11,1337,3.18,10.26,0.42
2017-04-12,1337,3.21,10.2,0.42
2017-04-13,1337,3.19,10.23,0.42
2017-04-14,1337,3.29,9.93,0.41
2017-04-17,1337,3.34,9.77,0.4
2017-04-18,1337,3.34,9.77,0.4
2017-04-19,1337,3.38,9.67,0.4
2017-04-20,1337,3.38,9.67,0.4
2017-04-21,1337,3.36,9.74,0.4
2017-04-24,1337,3.41,9.58,0.39
2017-04-25,1337,3.39,9.64,0.4
2017-04-26,1337,3.38,9.67,0.4
2017-04-27,1337,3.4,9.61,0.4
2017-04-28,1337,3.38,9.67,0.4
2017-05-02,1337,3.62,10.22,0.39
2017-05-03,1337,3.62,10.22,0.39
2017-05-04,1337,3.62,10.22,0.39
2017-05-05,1337,3.68,10.07,0.38
2017-05-08,1337,3.85,9.63,0.36
2017-05-09,1337,3.82,9.7,0.37
2017-05-10,1337,3.75,9.89,0.37
2017-05-11,1337,3.76,9.85,0.37
2017-05-12,1337,3.69,10.04,0.38
2017-05-15,1337,3.61,10.26,0.39
2017-05-16,1337,3.64,10.19,0.39
2017-05-17,1337,3.69,10.04,0.38
2017-05-18,1337,3.7,10.0,0.38
2017-05-19,1337,3.7,10.0,0.38
2017-05-22,1337,3.75,9.89,0.37
2017-05-23,1337,3.73,9.93,0.38
2017-05-24,1337,3.7,10.0,0.38
2017-05-25,1337,3.57,10.37,0.39
2017-05-26,1337,3.61,10.26,0.39
2017-05-31,1337,3.62,10.22,0.39
2017-06-01,1337,3.57,10.37,0.39
2017-06-02,1337,3.52,10.52,0.4
2017-06-03,1337,3.52,10.52,0.4
2017-06-05,1337,3.53,10.48,0.4
2017-06-06,1337,3.56,10.41,0.39
2017-06-07,1337,3.61,10.26,0.39
2017-06-08,1337,3.61,10.26,0.39
2017-06-09,1337,3.61,10.26,0.39
2017-06-12,1337,3.66,10.11,0.38
2017-06-13,1337,3.65,10.15,0.38
2017-06-14,1337,3.75,9.89,0.37
2017-06-15,1337,3.77,9.81,0.37
2017-06-16,1337,3.7,10.0,0.38
2017-06-19,1337,3.73,9.93,0.38
2017-06-20,1337,3.77,9.81,0.37
2017-06-21,1337,3.77,9.81,0.37
2017-06-22,1337,3.79,9.78,0.37
2017-06-23,1337,3.7,10.0,0.38
2017-06-26,1337,3.75,9.89,0.37
2017-06-27,1337,3.72,9.96,0.38
2017-06-28,1337,3.77,9.81,0.37
2017-06-29,1337,3.76,9.85,0.37
2017-06-30,1337,0.52,9.96,0.38
2017-07-03,1337,0.52,10.0,0.38
2017-07-04,1337,0.52,9.96,0.38
2017-07-05,1337,0.52,9.96,0.38
2017-07-06,1337,0.52,9.93,0.38
2017-07-07,1337,0.53,9.85,0.37
2017-07-10,1337,0.53,9.85,0.37
2017-07-11,1337,0.53,9.78,0.37
2017-07-12,1337,0.53,9.7,0.37
2017-07-13,1337,0.54,9.67,0.37
2017-07-14,1337,0.53,9.78,0.37
2017-07-17,1337,0.5,10.33,0.39
2017-07-18,1337,0.49,10.59,0.4
2017-07-19,1337,0.49,10.48,0.4
2017-07-20,1337,0.49,10.56,0.4
2017-07-21,1337,0.49,10.56,0.4
2017-07-24,1337,0.5,10.33,0.39
2017-07-25,1337,0.5,10.41,0.39
2017-07-26,1337,0.51,10.26,0.39
2017-07-27,1337,0.49,10.48,0.4
2017-07-28,1337,0.5,10.37,0.39
2017-07-31,1337,0.51,10.26,0.39
2017-08-01,1337,0.5,10.3,0.39
2017-08-02,1337,0.5,10.3,0.39
2017-08-03,1337,0.5,10.3,0.39
2017-08-04,1337,0.49,10.63,0.4
2017-08-07,1337,0.49,13.71,0.39
2017-08-08,1337,0.49,13.48,0.39
2017-08-09,1337,0.49,13.48,0.39
2017-08-10,1337,0.51,13.14,0.38
2017-08-11,1337,0.51,13.19,0.38
2017-08-14,1337,0.52,12.9,0.37
2017-08-15,1337,0.51,13.0,0.37
2017-08-16,1337,0.52,12.86,0.37
2017-08-17,1337,0.5,13.24,0.38
2017-08-18,1337,0.5,13.24,0.38
2017-08-21,1337,0.51,13.19,0.38
2017-08-22,1337,0.51,13.19,0.38
2017-08-23,1337,0.51,13.1,0.38
2017-08-24,1337,0.51,13.05,0.37
2017-08-25,1337,0.51,13.1,0.38
2017-08-28,1337,0.51,13.0,0.37
2017-08-29,1337,0.52,12.9,0.37
2017-08-30,1337,0.52,12.86,0.37
2017-08-31,1337,0.53,12.67,0.36
2017-09-01,1337,0.52,12.9,0.37
2017-09-04,1337,0.52,12.9,0.37
2017-09-05,1337,0.51,12.95,0.37
2017-09-06,1337,0.52,12.81,0.37
2017-09-07,1337,0.52,12.81,0.37
2017-09-08,1337,0.52,12.81,0.37
2017-09-11,1337,0.52,12.71,0.36
2017-09-12,1337,0.52,12.71,0.36
2017-09-13,1337,0.53,12.67,0.36
2017-09-14,1337,0.52,12.86,0.37
2017-09-15,1337,0.52,12.71,0.36
2017-09-18,1337,0.52,12.71,0.36
2017-09-19,1337,0.53,12.62,0.36
2017-09-20,1337,0.53,12.52,0.36
2017-09-21,1337,0.53,12.62,0.36
2017-09-22,1337,0.54,12.43,0.36
2017-09-25,1337,0.54,12.24,0.35
2017-09-26,1337,0.56,12.0,0.34
2017-09-27,1337,0.55,12.14,0.35
2017-09-28,1337,0.53,12.48,0.36
2017-09-29,1337,0.54,12.33,0.35
2017-09-30,1337,0.54,12.29,0.35
2017-10-02,1337,0.54,12.38,0.36
2017-10-03,1337,0.54,12.29,0.35
2017-10-05,1337,0.54,12.29,0.35
2017-10-06,1337,0.54,12.43,0.36
2017-10-11,1337,0.54,12.33,0.35
2017-10-12,1337,0.55,12.19,0.35
2017-10-13,1337,0.54,12.24,0.35
2017-10-16,1337,0.55,12.19,0.35
2017-10-17,1337,0.54,12.24,0.35
2017-10-18,1337,0.55,12.14,0.35
2017-10-19,1337,0.54,12.24,0.35
2017-10-20,1337,0.54,12.29,0.35
2017-10-23,1337,0.54,12.24,0.35
2017-10-24,1337,0.54,12.29,0.35
2017-10-25,1337,0.54,12.24,0.35
2017-10-26,1337,0.54,12.38,0.36
2017-10-27,1337,0.54,12.38,0.36
2017-10-30,1337,0.54,12.24,0.35
2017-10-31,1337,0.54,12.24,0.35
2017-11-01,1337,0.54,12.24,0.35
2017-11-02,1337,0.54,12.24,0.35
2017-11-03,1337,0.55,12.19,0.35
2017-11-06,1337,0.54,12.29,0.35
2017-11-07,1337,0.54,12.33,0.35
2017-11-08,1337,0.54,17.17,0.35
2017-11-09,1337,0.54,16.97,0.35
2017-11-10,1337,0.54,17.11,0.35
2017-11-13,1337,0.54,17.11,0.35
2017-11-14,1337,0.54,16.91,0.35
2017-11-15,1337,0.55,16.64,0.34
2017-11-16,1337,0.55,16.64,0.34
2017-11-17,1337,0.56,16.32,0.34
2017-11-20,1337,0.56,16.45,0.34
2017-11-21,1337,0.55,16.64,0.34
2017-11-22,1337,0.55,16.71,0.34
2017-11-23,1337,0.54,16.91,0.35
2017-11-24,1337,0.55,16.84,0.35
2017-11-27,1337,0.55,16.84,0.35
2017-11-28,1337,0.55,16.78,0.34
2017-11-29,1337,0.55,16.71,0.34
2017-11-30,1337,0.55,16.71,0.34
2017-12-01,1337,0.55,16.64,0.34
2017-12-04,1337,0.55,16.71,0.34
2017-12-05,1337,0.55,16.71,0.34
2017-12-06,1337,0.56,16.45,0.34
2017-12-07,1337,0.56,16.32,0.34
2017-12-08,1337,0.56,16.32,0.34
2017-12-11,1337,0.57,16.25,0.33
2017-12-12,1337,0.58,15.99,0.33
2017-12-13,1337,0.56,16.32,0.34
2017-12-14,1337,0.56,16.38,0.34
2017-12-15,1337,0.57,16.05,0.33
2017-12-18,1337,0.57,16.25,0.33
2017-12-20,1337,0.57,16.25,0.33
2017-12-21,1337,0.56,16.45,0.34
2017-12-22,1337,0.56,16.45,0.34
2017-12-25,1337,0.56,16.51,0.34
2017-12-27,1337,0.57,16.18,0.33
2017-12-28,1337,0.56,16.38,0.34
2017-12-29,1337,0.56,16.51,0.34
2018-01-03,1337,0.55,16.64,0.34
2018-01-04,1337,0.55,16.64,0.34
2018-01-05,1337,0.54,17.17,0.35
2018-01-08,1337,0.52,17.7,0.36
2018-01-09,1337,0.52,17.57,0.36
2018-01-10,1337,0.52,17.76,0.37
2018-01-11,1337,0.52,17.83,0.37
2018-01-12,1337,0.51,18.03,0.37
2018-01-15,1337,0.51,18.03,0.37
2018-01-16,1337,0.52,17.76,0.37
2018-01-17,1337,0.52,17.83,0.37
2018-01-18,1337,0.52,17.63,0.36
2018-01-19,1337,0.53,17.37,0.36
2018-01-22,1337,0.53,17.37,0.36
2018-01-23,1337,0.53,17.24,0.35
2018-01-24,1337,0.53,17.37,0.36
2018-01-25,1337,0.53,17.37,0.36
2018-01-26,1337,0.53,17.43,0.36
2018-01-29,1337,0.52,17.63,0.36
2018-01-30,1337,0.53,17.24,0.35
2018-01-31,1337,0.54,17.17,0.35
2018-02-01,1337,0.54,16.97,0.35
2018-02-02,1337,0.54,17.17,0.35
2018-02-05,1337,0.54,16.91,0.35
2018-02-06,1337,0.58,15.79,0.32
2018-02-07,1337,0.58,15.99,0.33
2018-02-08,1337,0.57,16.12,0.33
2018-02-09,1337,0.59,15.59,0.32
2018-02-12,1337,0.61,15.07,0.31
2018-02-21,1337,0.61,15.13,0.31
2018-02-22,1337,0.6,15.26,0.31
2018-02-23,1337,0.6,15.46,0.32
2018-02-26,1337,0.6,15.46,0.32
2018-02-27,1337,0.6,15.39,0.32
2018-03-01,1337,0.6,15.26,0.31
2018-03-02,1337,0.61,15.07,0.31
2018-03-05,1337,0.62,14.93,0.31
2018-03-06,1337,0.61,15.13,0.31
2018-03-07,1337,0.61,15.2,0.31
2018-03-08,1337,0.61,15.2,0.31
2018-03-09,1337,0.6,15.33,0.32
2018-03-12,1337,0.61,15.0,0.31
2018-03-13,1337,0.61,15.13,0.31
2018-03-14,1337,0.6,17.06,0.31
2018-03-15,1337,0.61,16.76,0.31
2018-03-16,1337,0.62,16.69,0.31
2018-03-19,1337,0.62,16.62,0.3
2018-03-20,1337,0.62,16.69,0.31
2018-03-21,1337,0.61,16.76,0.31
2018-03-22,1337,0.62,16.69,0.31
2018-03-23,1337,0.63,16.4,0.3
2018-03-26,1337,0.63,16.47,0.3
2018-03-27,1337,0.62,16.54,0.3
2018-03-28,1337,0.63,16.47,0.3
2018-03-29,1337,0.63,16.4,0.3
2018-03-30,1337,0.63,16.25,0.3
2018-03-31,1337,0.64,16.1,0.3
2018-04-02,1337,0.65,15.96,0.29
2018-04-03,1337,0.66,15.66,0.29
2018-04-09,1337,0.66,15.66,0.29
2018-04-10,1337,0.67,15.29,0.28
2018-04-11,1337,0.68,15.22,0.28
2018-04-12,1337,0.62,16.69,0.31
2018-04-13,1337,0.6,17.28,0.32
2018-04-16,1337,0.6,17.06,0.31
2018-04-17,1337,0.62,16.69,0.31
2018-04-18,1337,0.6,17.28,0.32
2018-04-19,1337,0.6,17.13,0.31
2018-04-20,1337,0.59,17.35,0.32
2018-04-23,1337,0.57,17.94,0.33
2018-04-24,1337,0.6,17.21,0.32
2018-04-25,1337,0.59,17.35,0.32
2018-04-26,1337,0.61,16.99,0.31
2018-04-27,1337,0.61,16.84,0.31
2018-04-30,1337,0.27,0.0,0.3
2018-05-02,1337,0.27,0.0,0.3
2018-05-03,1337,0.28,0.0,0.29
2018-05-04,1337,0.28,0.0,0.29
2018-05-07,1337,0.28,0.0,0.29
2018-05-08,1337,0.28,0.0,0.29
2018-05-09,1337,0.28,0.0,0.29
2018-05-10,1337,0.28,0.0,0.29
2018-05-11,1337,0.28,0.0,0.29
2018-05-14,1337,0.28,0.0,0.28
2018-05-15,1337,0.29,0.0,0.28
2018-05-16,1337,0.28,0.0,0.28
2018-05-17,1337,0.28,0.0,0.28
2018-05-18,1337,0.28,0.0,0.28
2018-05-21,1337,0.28,0.0,0.28
2018-05-22,1337,0.28,0.0,0.29
2018-05-23,1337,0.29,0.0,0.28
2018-05-24,1337,0.29,0.0,0.28
2018-05-25,1337,0.29,0.0,0.28
2018-05-28,1337,0.29,0.0,0.28
2018-05-29,1337,0.29,0.0,0.28
2018-05-30,1337,0.29,0.0,0.28
2018-05-31,1337,0.28,0.0,0.28
2018-06-01,1337,0.28,0.0,0.28
2018-06-04,1337,0.28,0.0,0.29
2018-06-05,1337,0.27,0.0,0.3
2018-06-06,1337,0.28,0.0,0.29
2018-06-07,1337,0.28,0.0,0.29
2018-06-08,1337,0.28,0.0,0.29
2018-06-11,1337,0.28,0.0,0.28
2018-06-12,1337,0.28,0.0,0.28
2018-06-13,1337,0.28,0.0,0.28
2018-06-14,1337,0.28,0.0,0.29
2018-06-15,1337,0.28,0.0,0.28
2018-06-19,1337,0.29,0.0,0.28
2018-06-20,1337,0.29,0.0,0.28
2018-06-21,1337,0.29,0.0,0.28
2018-06-22,1337,0.29,0.0,0.28
2018-06-25,1337,0.29,0.0,0.28
2018-06-26,1337,0.3,0.0,0.27
2018-06-27,1337,0.3,0.0,0.27
2018-06-28,1337,0.3,0.0,0.27
2018-06-29,1337,0.3,0.0,0.27
2018-07-02,1337,0.3,0.0,0.27
2018-07-03,1337,0.3,0.0,0.26
2018-07-04,1337,0.32,0.0,0.25
2018-07-05,1337,0.34,0.0,0.24
2018-07-06,1337,0.34,0.0,0.24
2018-07-09,1337,0.34,0.0,0.24
2018-07-10,1337,0.33,0.0,0.24
2018-07-11,1337,0.33,0.0,0.24
2018-07-12,1337,0.33,0.0,0.24
2018-07-13,1337,0.33,0.0,0.24
2018-07-16,1337,0.33,0.0,0.24
2018-07-17,1337,0.33,0.0,0.24
2018-07-18,1337,0.33,0.0,0.24
2018-07-19,1337,0.33,0.0,0.24
2018-07-20,1337,0.33,0.0,0.24
2018-07-23,1337,0.34,0.0,0.24
2018-07-24,1337,0.34,0.0,0.24
2018-07-25,1337,0.34,0.0,0.24
2018-07-26,1337,0.34,0.0,0.24
2018-07-27,1337,0.34,0.0,0.24
2018-07-30,1337,0.34,0.0,0.24
2018-07-31,1337,0.33,0.0,0.24
2018-08-01,1337,0.33,0.0,0.24
2018-08-02,1337,0.33,0.0,0.24
2018-08-03,1337,0.33,0.0,0.24
2018-08-06,1337,0.33,0.0,0.24
2018-08-07,1337,0.33,0.0,0.24
2018-08-08,1337,0.33,0.0,0.24
2018-08-09,1337,0.34,0.0,0.25
2018-08-10,1337,0.34,0.0,0.24
2018-08-13,1337,0.36,0.0,0.23
2018-08-14,1337,0.36,0.0,0.23
2018-08-15,1337,0.36,0.0,0.23
2018-08-16,1337,0.36,0.0,0.23
2018-08-17,1337,0.36,0.0,0.23
2018-08-20,1337,0.37,0.0,0.23
2018-08-21,1337,0.36,0.0,0.23
2018-08-22,1337,0.36,0.0,0.23
2018-08-23,1337,0.35,0.0,0.23
2018-08-24,1337,0.36,0.0,0.23
2018-08-27,1337,0.36,0.0,0.23
2018-08-28,1337,0.36,0.0,0.23
2018-08-29,1337,0.36,0.0,0.23
2018-08-30,1337,0.36,0.0,0.23
2018-08-31,1337,0.36,0.0,0.23
2018-09-03,1337,0.36,0.0,0.23
2018-09-04,1337,0.35,0.0,0.23
2018-09-05,1337,0.36,0.0,0.23
2018-09-06,1337,0.36,0.0,0.23
2018-09-07,1337,0.37,0.0,0.22
2018-09-10,1337,0.39,0.0,0.21
2018-09-11,1337,0.39,0.0,0.21
2018-09-12,1337,0.39,0.0,0.21
2018-09-13,1337,0.38,0.0,0.22
2018-09-14,1337,0.38,0.0,0.22
2018-09-17,1337,0.38,0.0,0.22
2018-09-18,1337,0.37,0.0,0.22
2018-09-19,1337,0.37,0.0,0.22
2018-09-20,1337,0.38,0.0,0.22
2018-09-21,1337,0.37,0.0,0.22
2018-09-25,1337,0.37,0.0,0.22
2018-09-26,1337,0.37,0.0,0.22
2018-09-27,1337,0.37,0.0,0.22
2018-09-28,1337,0.37,0.0,0.22
2018-10-01,1337,0.37,0.0,0.23
2018-10-02,1337,0.37,0.0,0.22
2018-10-03,1337,0.37,0.0,0.22
2018-10-04,1337,0.37,0.0,0.22
2018-10-05,1337,0.39,0.0,0.21
2018-10-08,1337,0.39,0.0,0.21
2018-10-09,1337,0.4,0.0,0.21
2018-10-11,1337,0.44,0.0,0.19
2018-10-12,1337,0.44,0.0,0.19
2018-10-15,1337,0.44,0.0,0.19
2018-10-16,1337,0.44,0.0,0.19
2018-10-17,1337,0.45,0.0,0.19
2018-10-18,1337,0.44,0.0,0.19
2018-10-19,1337,0.45,0.0,0.18
2018-10-22,1337,0.44,0.0,0.19
2018-10-23,1337,0.45,0.0,0.18
2018-10-24,1337,0.45,0.0,0.18
2018-10-25,1337,0.46,0.0,0.18
2018-10-26,1337,0.48,0.0,0.17
2018-10-29,1337,0.5,0.0,0.17
2018-10-30,1337,0.5,0.0,0.17
2018-10-31,1337,0.48,0.0,0.17
2018-11-01,1337,0.47,0.0,0.18
2018-11-02,1337,0.47,0.0,0.18
2018-11-05,1337,0.47,0.0,0.18
2018-11-06,1337,0.47,0.0,0.18
2018-11-07,1337,0.47,0.0,0.18
2018-11-08,1337,0.46,0.0,0.18
2018-11-09,1337,0.47,0.0,0.18
2018-11-12,1337,0.47,0.0,0.18
2018-11-13,1337,0.47,0.0,0.18
2018-11-14,1337,0.46,0.0,0.19
2018-11-15,1337,0.46,0.0,0.19
2018-11-16,1337,0.46,0.0,0.19
2018-11-19,1337,0.46,0.0,0.19
2018-11-20,1337,0.46,0.0,0.19
2018-11-21,1337,0.46,0.0,0.19
2018-11-22,1337,0.44,0.0,0.2
2018-11-23,1337,0.41,0.0,0.21
2018-11-26,1337,0.41,0.0,0.21
2018-11-27,1337,0.42,0.0,0.21
2018-11-28,1337,0.42,0.0,0.21
2018-11-29,1337,0.42,0.0,0.21
2018-11-30,1337,0.42,0.0,0.21
2018-12-03,1337,0.42,0.0,0.21
2018-12-04,1337,0.41,0.0,0.21
2018-12-05,1337,0.41,0.0,0.21
2018-12-06,1337,0.43,0.0,0.2
2018-12-07,1337,0.43,0.0,0.21
2018-12-10,1337,0.44,0.0,0.2
2018-12-11,1337,0.44,0.0,0.2
2018-12-12,1337,0.44,0.0,0.2
2018-12-13,1337,0.43,0.0,0.2
2018-12-14,1337,0.44,0.0,0.2
2018-12-17,1337,0.44,0.0,0.2
2018-12-18,1337,0.45,0.0,0.2
2018-12-19,1337,0.45,0.0,0.2
2018-12-20,1337,0.46,0.0,0.19
2018-12-21,1337,0.45,0.0,0.19
2018-12-22,1337,0.45,0.0,0.19
2018-12-24,1337,0.45,0.0,0.19
2018-12-25,1337,0.46,0.0,0.19
2018-12-26,1337,0.46,0.0,0.19
2018-12-27,1337,0.46,0.0,0.19
2018-12-28,1337,0.46,0.0,0.19
2019-01-02,1337,0.46,0.0,0.19
2019-01-03,1337,0.46,0.0,0.19
2019-01-04,1337,0.46,0.0,0.19
2019-01-07,1337,0.46,0.0,0.19
2019-01-08,1337,0.46,0.0,0.19
2019-01-09,1337,0.45,0.0,0.19
2019-01-10,1337,0.45,0.0,0.19
2019-01-11,1337,0.45,0.0,0.19
2019-01-14,1337,0.46,0.0,0.19
2019-01-15,1337,0.46,0.0,0.19
2019-01-17,1337,0.46,0.0,0.19
2019-01-18,1337,0.46,0.0,0.19
2019-01-21,1337,0.46,0.0,0.19
2019-01-22,1337,0.46,0.0,0.19
2019-01-24,1337,0.46,0.0,0.19
2019-01-25,1337,0.45,0.0,0.19
2019-01-28,1337,0.45,0.0,0.2
2019-01-29,1337,0.45,0.0,0.19
2019-02-11,1337,0.45,0.0,0.2
2019-02-12,1337,0.44,0.0,0.2
2019-02-13,1337,0.44,0.0,0.2
2019-02-14,1337,0.42,0.0,0.21
2019-02-18,1337,0.41,0.0,0.21
2019-02-19,1337,0.41,0.0,0.21
2019-02-20,1337,0.41,0.0,0.21
2019-02-21,1337,0.41,0.0,0.21
2019-02-25,1337,0.41,0.0,0.21
2019-02-26,1337,0.41,0.0,0.21
2019-02-27,1337,0.41,0.0,0.21
2019-03-04,1337,0.41,0.0,0.22
2019-03-06,1337,0.41,0.0,0.21
2019-03-07,1337,0.42,0.0,0.21
2019-03-08,1337,0.42,0.0,0.21
2019-03-11,1337,0.42,0.0,0.21
2019-03-12,1337,0.42,0.0,0.21
2019-03-13,1337,0.42,0.0,0.21
2019-03-14,1337,0.41,0.0,0.21
2019-03-15,1337,0.41,0.0,0.21
2019-03-18,1337,0.42,0.0,0.21
2019-03-19,1337,0.42,0.0,0.21
2019-03-20,1337,0.42,0.0,0.21
2019-03-21,1337,0.41,0.0,0.21
2019-03-22,1337,0.41,0.0,0.21
2019-03-25,1337,0.42,0.0,0.24
2019-03-26,1337,0.42,0.0,0.24
2019-03-27,1337,0.43,0.0,0.24
2019-03-28,1337,0.45,0.0,0.23
2019-03-29,1337,0.45,0.0,0.23
2019-04-01,1337,0.45,0.0,0.23
2019-04-02,1337,0.45,0.0,0.23
2019-04-03,1337,0.44,0.0,0.23
2019-04-08,1337,0.45,0.0,0.23
2019-04-09,1337,0.45,0.0,0.23
2019-04-10,1337,0.41,0.0,0.25
2019-04-11,1337,0.4,0.0,0.26
2019-04-12,1337,0.4,0.0,0.26
2019-04-15,1337,0.4,0.0,0.26
2019-04-16,1337,0.4,0.0,0.26
2019-04-17,1337,0.4,0.0,0.25
2019-04-18,1337,0.4,0.0,0.26
2019-04-19,1337,0.39,0.0,0.26
2019-04-22,1337,0.37,0.0,0.28
2019-04-23,1337,0.37,0.0,0.28
2019-04-24,1337,0.37,0.0,0.27
2019-04-25,1337,0.37,0.0,0.27
2019-04-26,1337,0.38,0.0,0.27
2019-04-29,1337,0.4,0.0,0.26
2019-04-30,1337,0.39,0.0,0.26
2019-05-02,1337,0.38,0.0,0.27
2019-05-03,1337,0.38,0.0,0.27
2019-05-06,1337,0.39,0.0,0.26
2019-05-07,1337,0.39,0.0,0.27
2019-05-08,1337,0.39,0.0,0.27
2019-05-09,1337,0.39,0.0,0.27
2019-05-10,1337,0.42,0.0,0.24
2019-05-13,1337,0.43,0.0,0.24
2019-05-14,1337,0.43,0.0,0.24
2019-05-15,1337,0.42,0.0,0.24
2019-05-16,1337,0.43,0.0,0.24
2019-05-17,1337,0.45,0.0,0.23
2019-05-20,1337,0.45,0.0,0.23
2019-05-21,1337,0.44,0.0,0.23
2019-05-22,1337,0.44,0.0,0.24
2019-05-23,1337,0.44,0.0,0.23
2019-05-24,1337,0.45,0.0,0.23
2019-05-28,1337,0.44,0.0,0.23
2019-05-29,1337,0.44,0.0,0.23
2019-05-30,1337,0.44,0.0,0.23
2019-05-31,1337,0.44,0.0,0.24
2019-06-03,1337,0.44,0.0,0.23
2019-06-04,1337,0.44,0.0,0.23
2019-06-05,1337,0.44,0.0,0.23
2019-06-06,1337,0.45,0.0,0.23
2019-06-10,1337,0.45,0.0,0.23
2019-06-11,1337,0.44,0.0,0.23
2019-06-12,1337,0.45,0.0,0.23
2019-06-13,1337,0.45,0.0,0.23
2019-06-14,1337,0.45,0.0,0.23
2019-06-17,1337,0.45,0.0,0.23
2019-06-18,1337,0.45,0.0,0.23
2019-06-19,1337,0.45,0.0,0.23
2019-06-20,1337,0.45,0.0,0.23
2019-06-21,1337,0.45,0.0,0.23
2019-06-24,1337,0.0,0.0,0.23
2019-06-25,1337,0.0,0.0,0.23
2019-06-26,1337,0.0,0.0,0.23
2019-06-27,1337,0.0,0.0,0.23
2019-06-28,1337,0.0,0.0,0.23
2019-07-01,1337,0.0,0.0,0.22
2019-07-02,1337,0.0,0.0,0.21
2019-07-03,1337,0.0,0.0,0.21
2019-07-04,1337,0.0,0.0,0.21
2019-07-05,1337,0.0,0.0,0.21
2019-07-08,1337,0.0,0.0,0.21
2019-07-09,1337,0.0,0.0,0.2
2019-07-10,1337,0.0,0.0,0.21
2019-07-11,1337,0.0,0.0,0.21
2019-07-12,1337,0.0,0.0,0.21
2019-07-15,1337,0.0,0.0,0.21
2019-07-16,1337,0.0,0.0,0.21
2019-07-17,1337,0.0,0.0,0.21
2019-07-18,1337,0.0,0.0,0.21
2019-07-19,1337,0.0,0.0,0.21
2019-07-22,1337,0.0,0.0,0.21
2019-07-23,1337,0.0,0.0,0.21
2019-07-24,1337,0.0,0.0,0.21
2019-07-25,1337,0.0,0.0,0.21
2019-07-26,1337,0.0,0.0,0.21
2019-07-29,1337,0.0,0.0,0.21
2019-07-30,1337,0.0,0.0,0.21
2019-07-31,1337,0.0,0.0,0.21
2019-08-01,1337,0.0,0.0,0.21
2019-08-02,1337,0.0,0.0,0.21
2019-08-05,1337,0.0,0.0,0.21
2019-08-06,1337,0.0,0.0,0.21
2019-08-07,1337,0.0,0.0,0.21
2019-08-08,1337,0.0,0.0,0.21
2019-08-12,1337,0.0,0.0,0.21
2019-08-13,1337,0.0,0.0,0.21
2019-08-14,1337,0.0,0.0,0.2
2019-08-15,1337,0.0,0.0,0.2
2019-08-16,1337,0.0,0.0,0.2
2019-08-19,1337,0.0,0.0,0.21
2019-08-20,1337,0.0,0.0,0.21
2019-08-21,1337,0.0,0.0,0.21
2019-08-22,1337,0.0,0.0,0.21
2019-08-23,1337,0.0,0.0,0.21
2019-08-26,1337,0.0,0.0,0.21
2019-08-28,1337,0.0,0.0,0.21
2019-08-29,1337,0.0,0.0,0.21
2019-08-30,1337,0.0,0.0,0.21
2019-09-02,1337,0.0,0.0,0.21
2019-09-03,1337,0.0,0.0,0.21
2019-09-04,1337,0.0,0.0,0.21
2019-09-05,1337,0.0,0.0,0.21
2019-09-06,1337,0.0,0.0,0.21
2019-09-09,1337,0.0,0.0,0.21
2019-09-10,1337,0.0,0.0,0.21
2019-09-11,1337,0.0,0.0,0.21
2019-09-12,1337,0.0,0.0,0.21
2019-09-16,1337,0.0,0.0,0.21
2019-09-17,1337,0.0,0.0,0.21
2019-09-18,1337,0.0,0.0,0.21
2019-09-19,1337,0.0,0.0,0.21
2019-09-20,1337,0.0,0.0,0.22
2019-09-23,1337,0.0,0.0,0.22
2019-09-24,1337,0.0,0.0,0.21
2019-09-25,1337,0.0,0.0,0.21
2019-09-26,1337,0.0,0.0,0.21
2019-09-27,1337,0.0,0.0,0.21
2019-10-01,1337,0.0,0.0,0.21
2019-10-02,1337,0.0,0.0,0.2
2019-10-03,1337,0.0,0.0,0.2
2019-10-04,1337,0.0,0.0,0.2
2019-10-07,1337,0.0,0.0,0.2
2019-10-08,1337,0.0,0.0,0.2
2019-10-09,1337,0.0,0.0,0.2
2019-10-14,1337,0.0,0.0,0.2
2019-10-15,1337,0.0,0.0,0.2
2019-10-16,1337,0.0,0.0,0.2
2019-10-17,1337,0.0,0.0,0.21
2019-10-18,1337,0.0,0.0,0.21
2019-10-21,1337,0.0,0.0,0.21
2019-10-22,1337,0.0,0.0,0.21
2019-10-23,1337,0.0,0.0,0.21
2019-10-24,1337,0.0,0.0,0.21
2019-10-25,1337,0.0,0.0,0.21
2019-10-28,1337,0.0,0.0,0.21
2019-10-29,1337,0.0,0.0,0.21
2019-10-30,1337,0.0,0.0,0.21
2019-10-31,1337,0.0,0.0,0.21
2019-11-01,1337,0.0,0.0,0.21
2019-11-04,1337,0.0,0.0,0.21
2019-11-05,1337,0.0,0.0,0.21
2019-11-06,1337,0.0,0.0,0.21
2019-11-07,1337,0.0,0.0,0.21
2019-11-08,1337,0.0,0.0,0.21
2019-11-11,1337,0.0,0.0,0.21
2019-11-12,1337,0.0,0.0,0.21
2019-11-13,1337,0.0,0.0,0.22
2019-11-14,1337,0.0,0.0,0.22
2019-11-15,1337,0.0,0.0,0.22
2019-11-18,1337,0.0,0.0,0.22
2019-11-19,1337,0.0,0.0,0.22
2019-11-20,1337,0.0,0.0,0.22
2019-11-21,1337,0.0,0.0,0.22
2019-11-22,1337,0.0,0.0,0.22
2019-11-25,1337,0.0,0.0,0.22
2019-11-26,1337,0.0,0.0,0.22
2019-11-27,1337,0.0,0.0,0.22
2019-11-28,1337,0.0,0.0,0.23
2019-11-29,1337,0.0,0.0,0.22
2019-12-02,1337,0.0,0.0,0.22
2019-12-04,1337,0.0,0.0,0.22
2019-12-05,1337,0.0,0.0,0.22
2019-12-06,1337,0.0,0.0,0.22
2019-12-09,1337,0.0,0.0,0.22
2019-12-10,1337,0.0,0.0,0.22
2019-12-11,1337,0.0,0.0,0.22
2019-12-12,1337,0.0,0.0,0.22
2019-12-16,1337,0.0,0.0,0.22
2019-12-17,1337,0.0,0.0,0.22
2019-12-18,1337,0.0,0.0,0.22
2019-12-19,1337,0.0,0.0,0.22
2019-12-20,1337,0.0,0.0,0.22
2019-12-23,1337,0.0,0.0,0.22
2019-12-24,1337,0.0,0.0,0.22
2019-12-25,1337,0.0,0.0,0.23
2019-12-26,1337,0.0,0.0,0.23
2019-12-27,1337,0.0,0.0,0.23
2019-12-30,1337,0.0,0.0,0.23
2019-12-31,1337,0.0,0.0,0.23
2020-01-02,1337,0.0,0.0,0.23
2020-01-03,1337,0.0,0.0,0.23
2020-01-06,1337,0.0,0.0,0.23
2020-01-07,1337,0.0,0.0,0.22
2020-01-08,1337,0.0,0.0,0.22
2020-01-09,1337,0.0,0.0,0.22
2020-01-10,1337,0.0,0.0,0.22
2020-01-13,1337,0.0,0.0,0.23
2020-01-14,1337,0.0,0.0,0.22
2020-01-15,1337,0.0,0.0,0.22
2020-01-16,1337,0.0,0.0,0.22
2020-01-17,1337,0.0,0.0,0.22
2020-01-20,1337,0.0,0.0,0.22
2020-01-30,1337,0.0,0.0,0.21
2020-01-31,1337,0.0,0.0,0.21
2020-02-03,1337,0.0,0.0,0.2
2020-02-04,1337,0.0,0.0,0.2
2020-02-05,1337,0.0,0.0,0.2
2020-02-06,1337,0.0,0.0,0.21
2020-02-07,1337,0.0,0.0,0.2
2020-02-10,1337,0.0,0.0,0.2
2020-02-11,1337,0.0,0.0,0.2
2020-02-12,1337,0.0,0.0,0.2
2020-02-13,1337,0.0,0.0,0.2
2020-02-14,1337,0.0,0.0,0.2
2020-02-17,1337,0.0,0.0,0.2
2020-02-18,1337,0.0,0.0,0.2
2020-02-19,1337,0.0,0.0,0.2
2020-02-20,1337,0.0,0.0,0.2
2020-02-21,1337,0.0,0.0,0.2
2020-02-24,1337,0.0,0.0,0.2
2020-02-25,1337,0.0,0.0,0.2
2020-02-26,1337,0.0,0.0,0.2
2020-02-27,1337,0.0,0.0,0.19
2020-03-02,1337,0.0,0.0,0.19
2020-03-03,1337,0.0,0.0,0.19
2020-03-04,1337,0.0,0.0,0.19
2020-03-05,1337,0.0,0.0,0.19
2020-03-06,1337,0.0,0.0,0.19
2020-03-09,1337,0.0,0.0,0.18
2020-03-10,1337,0.0,0.0,0.17
2020-03-11,1337,0.0,0.0,0.17
2020-03-12,1337,0.0,0.0,0.15
2020-03-13,1337,0.0,0.0,0.14
2020-03-16,1337,0.0,0.0,0.15
2020-03-17,1337,0.0,0.0,0.14
2020-03-18,1337,0.0,0.0,0.14
2020-03-19,1337,0.0,0.0,0.13
2020-03-20,1337,0.0,0.0,0.14
2020-03-23,1337,0.0,0.0,0.13
2020-03-24,1337,0.0,0.0,0.13
2020-03-25,1337,0.0,0.0,0.14
2020-03-26,1337,0.0,0.0,0.14
2020-03-27,1337,0.0,0.0,0.14
2020-03-30,1337,0.0,0.0,0.14
2020-03-31,1337,0.0,0.0,0.14
2020-04-01,1337,0.0,-1.0,0.15
2020-04-06,1337,0.0,-1.0,0.15
2020-04-07,1337,0.0,-1.0,0.15
2020-04-08,1337,0.0,-1.0,0.16
2020-04-09,1337,0.0,-1.0,0.16
2020-04-10,1337,0.0,-1.0,0.16
2020-04-13,1337,0.0,-1.0,0.16
2020-04-14,1337,0.0,-1.0,0.16
2020-04-15,1337,0.0,-1.0,0.16
2020-04-16,1337,0.0,-1.0,0.15
2020-04-17,1337,0.0,-1.0,0.15
2020-04-20,1337,0.0,-1.0,0.15
2020-04-21,1337,0.0,-1.0,0.15
2020-04-22,1337,0.0,-1.0,0.15
2020-04-23,1337,0.0,-1.0,0.15
2020-04-24,1337,0.0,-1.0,0.15
2020-04-27,1337,0.0,-1.0,0.15
2020-04-28,1337,0.0,-1.0,0.17
2020-04-29,1337,0.0,-1.0,0.17
2020-04-30,1337,0.0,-1.0,0.18
2020-05-04,1337,0.0,-1.0,0.17
2020-05-05,1337,0.0,-1.0,0.17
2020-05-06,1337,0.0,-1.0,0.17
2020-05-07,1337,0.0,-1.0,0.19
2020-05-08,1337,0.0,-1.0,0.2
2020-05-11,1337,0.0,-1.0,0.2
2020-05-12,1337,0.0,-1.0,0.2
2020-05-13,1337,0.0,-1.0,0.2
2020-05-14,1337,0.0,-1.0,0.19
2020-05-15,1337,0.0,-1.0,0.19
2020-05-18,1337,0.0,-1.0,0.2
2020-05-19,1337,0.0,-1.0,0.21
2020-05-20,1337,0.0,-1.0,0.2
2020-05-21,1337,0.0,-1.0,0.2
2020-05-22,1337,0.0,-1.0,0.2
2020-05-25,1337,0.0,-1.0,0.21
2020-05-26,1337,0.0,-1.0,0.2
2020-05-27,1337,0.0,-1.0,0.2
2020-05-28,1337,0.0,-1.0,0.2
2020-05-29,1337,0.0,-1.0,0.2
2020-06-01,1337,0.0,-1.0,0.2
2020-06-02,1337,0.0,-1.0,0.21
2020-06-03,1337,0.0,-1.0,0.21
2020-06-04,1337,0.0,-1.0,0.21
2020-06-05,1337,0.0,-1.0,0.21
2020-06-08,1337,0.0,-1.0,0.21
2020-06-09,1337,0.0,-1.0,0.21
2020-06-10,1337,0.0,-1.0,0.21
2020-06-11,1337,0.0,-1.0,0.2
2020-06-12,1337,0.0,-1.0,0.19
2020-06-15,1337,0.0,-1.0,0.19
2020-06-16,1337,0.0,-1.0,0.2
2020-06-17,1337,0.0,-1.0,0.2
2020-06-18,1337,0.0,-1.0,0.2
2020-06-19,1337,0.0,-1.0,0.2
2020-06-22,1337,0.0,-1.0,0.2
2020-06-23,1337,0.0,-1.0,0.2
2020-06-24,1337,0.0,-1.0,0.2
2020-06-29,1337,0.0,-1.0,0.2
2020-06-30,1337,0.0,-1.0,0.2
2020-07-01,1337,0.0,-1.0,0.2
2020-07-02,1337,0.0,-1.0,0.2
2020-07-03,1337,0.0,-1.0,0.2
2020-07-06,1337,0.0,-1.0,0.2
2020-07-07,1337,0.0,-1.0,0.2
2020-07-08,1337,0.0,-1.0,0.21
2020-07-09,1337,0.0,-1.0,0.21
2020-07-10,1337,0.0,-1.0,0.22
2020-07-13,1337,0.0,-1.0,0.22
2020-07-14,1337,0.0,-1.0,0.22
2020-07-15,1337,0.0,-1.0,0.23
2020-07-16,1337,0.0,-1.0,0.23
2020-07-17,1337,0.0,-1.0,0.21
2020-07-20,1337,0.0,-1.0,0.21
2020-07-21,1337,0.0,-1.0,0.21
2020-07-22,1337,0.0,-1.0,0.21
2020-07-23,1337,0.0,-1.0,0.21
2020-07-24,1337,0.0,-1.0,0.2
2020-07-27,1337,0.0,-1.0,0.2
2020-07-28,1337,0.0,-1.0,0.19
2020-07-29,1337,0.0,-1.0,0.2
2020-07-30,1337,0.0,-1.0,0.2
2020-07-31,1337,0.0,-1.0,0.2
2020-08-03,1337,0.0,-1.0,0.2
2020-08-04,1337,0.0,-1.0,0.2
2020-08-05,1337,0.0,-1.0,0.2
2020-08-06,1337,0.0,-1.0,0.21
2020-08-07,1337,0.0,-1.0,0.21
2020-08-10,1337,0.0,-1.0,0.22
2020-08-11,1337,0.0,-1.0,0.21
2020-08-12,1337,0.0,-1.0,0.21
2020-08-13,1337,0.0,-1.0,0.21
2020-08-14,1337,0.0,-1.0,0.21
2020-08-17,1337,0.0,-1.0,0.22
2020-08-18,1337,0.0,-1.0,0.22
2020-08-19,1337,0.0,-1.0,0.22
2020-08-20,1337,0.0,-1.0,0.21
2020-08-21,1337,0.0,-1.0,0.22
2020-08-24,1337,0.0,-1.0,0.22
2020-08-25,1337,0.0,-1.0,0.22
2020-08-26,1337,0.0,-1.0,0.23
2020-08-27,1337,0.0,-1.0,0.23
2020-08-28,1337,0.0,-1.0,0.23
2020-08-31,1337,0.0,-1.0,0.23
2020-09-01,1337,0.0,-1.0,0.23
2020-09-02,1337,0.0,-1.0,0.24
2020-09-03,1337,0.0,-1.0,0.25
2020-09-04,1337,0.0,-1.0,0.25
2020-09-07,1337,0.0,-1.0,0.26
2020-09-08,1337,0.0,-1.0,0.25
2020-09-09,1337,0.0,-1.0,0.25
2020-09-10,1337,0.0,-1.0,0.25
2020-09-11,1337,0.0,-1.0,0.25
2020-09-14,1337,0.0,-1.0,0.25
2020-09-15,1337,0.0,-1.0,0.25
2020-09-16,1337,0.0,-1.0,0.25
2020-09-17,1337,0.0,-1.0,0.27
2020-09-18,1337,0.0,-1.0,0.3
2020-09-21,1337,0.0,-1.0,0.33
2020-09-22,1337,0.0,-1.0,0.37
2020-09-23,1337,0.0,-1.0,0.4
2020-09-24,1337,0.0,-1.0,0.37
2020-09-25,1337,0.0,-1.0,0.33
2020-09-28,1337,0.0,-1.0,0.33
2020-09-29,1337,0.0,-1.0,0.31
2020-09-30,1337,0.0,-1.0,0.34
2020-10-05,1337,0.0,-1.0,0.33
2020-10-06,1337,0.0,-1.0,0.32
2020-10-07,1337,0.0,-1.0,0.33
2020-10-08,1337,0.0,-1.0,0.33
2020-10-12,1337,0.0,-1.0,0.31
2020-10-13,1337,0.0,-1.0,0.3
2020-10-14,1337,0.0,-1.0,0.33
2020-10-15,1337,0.0,-1.0,0.35
2020-10-16,1337,0.0,-1.0,0.33
2020-10-19,1337,0.0,-1.0,0.33
2020-10-20,1337,0.0,-1.0,0.31
2020-10-21,1337,0.0,-1.0,0.31
2020-10-22,1337,0.0,-1.0,0.31
2020-10-23,1337,0.0,-1.0,0.31
2020-10-26,1337,0.0,-1.0,0.32
2020-10-27,1337,0.0,-1.0,0.32
2020-10-28,1337,0.0,-1.0,0.32
2020-10-29,1337,0.0,-1.0,0.32
2020-10-30,1337,0.0,-1.0,0.3
2020-11-02,1337,0.0,-1.0,0.29
2020-11-03,1337,0.0,-1.0,0.29
2020-11-04,1337,0.0,-1.0,0.29
2020-11-05,1337,0.0,-1.0,0.29
2020-11-06,1337,0.0,-1.0,0.29
2020-11-09,1337,0.0,-1.0,0.29
2020-11-10,1337,0.0,-1.0,0.3
2020-11-11,1337,0.0,-1.0,0.31
2020-11-12,1337,0.0,-1.0,0.31
2020-11-13,1337,0.0,-1.0,0.31
2020-11-16,1337,0.0,-1.0,0.31
2020-11-17,1337,0.0,-1.0,0.3
2020-11-18,1337,0.0,-1.0,0.3
2020-11-19,1337,0.0,-1.0,0.33
2020-11-20,1337,0.0,-1.0,0.33
2020-11-23,1337,0.0,-1.0,0.33
2020-11-24,1337,0.0,-1.0,0.33
2020-11-25,1337,0.0,-1.0,0.33
2020-11-26,1337,0.0,-1.0,0.33
2020-11-27,1337,0.0,-1.0,0.3
2020-11-30,1337,0.0,-1.0,0.36
2020-12-01,1337,0.0,-1.0,0.4
2020-12-02,1337,0.0,-1.0,0.44
2020-12-03,1337,0.0,-1.0,0.39
2020-12-04,1337,0.0,-1.0,0.36
2020-12-07,1337,0.0,-1.0,0.34
2020-12-08,1337,0.0,-1.0,0.35
2020-12-09,1337,0.0,-1.0,0.38
2020-12-10,1337,0.0,-1.0,0.38
2020-12-11,1337,0.0,-1.0,0.37
2020-12-14,1337,0.0,-1.0,0.37
2020-12-15,1337,0.0,-1.0,0.37
2020-12-16,1337,0.0,-1.0,0.37
2020-12-17,1337,0.0,-1.0,0.37
2020-12-18,1337,0.0,-1.0,0.36
2020-12-21,1337,0.0,-1.0,0.37
2020-12-22,1337,0.0,-1.0,0.37
2020-12-23,1337,0.0,-1.0,0.37
2020-12-24,1337,0.0,-1.0,0.38
2020-12-25,1337,0.0,-1.0,0.37
2020-12-28,1337,0.0,-1.0,0.38
2020-12-29,1337,0.0,-1.0,0.37
2020-12-30,1337,0.0,-1.0,0.37
2020-12-31,1337,0.0,-1.0,0.38
2021-01-04,1337,0.0,-1.0,0.38
2021-01-05,1337,0.0,-1.0,0.37
2021-01-06,1337,0.0,0.0,0.36
2021-01-07,1337,0.57,16.25,0.33
2021-01-08,1337,0.0,0.0,0.36
2021-01-11,1337,0.0,0.0,0.36
2021-01-12,1337,0.0,0.0,0.36
2021-01-13,1337,0.0,0.0,0.36
2021-01-14,1337,0.0,0.0,0.36
2021-01-15,1337,0.0,0.0,0.35
2021-01-18,1337,0.57,16.25,0.33
2021-01-19,1337,0.0,0.0,0.35
2021-01-20,1337,0.0,0.0,0.34
2021-01-21,1337,0.0,0.0,0.32
2021-01-22,1337,0.0,0.0,0.32
2021-01-25,1337,0.0,0.0,0.33
2021-01-26,1337,0.0,0.0,0.33
2021-01-27,1337,0.0,0.0,0.34
2021-01-28,1337,0.0,0.0,0.34
2021-01-29,1337,0.0,0.0,0.33
2021-02-01,1337,0.0,0.0,0.33
2021-02-02,1337,0.0,0.0,0.33
2021-02-03,1337,0.0,0.0,0.34
2021-02-04,1337,0.0,0.0,0.34
2021-02-05,1337,0.0,0.0,0.35
2021-02-17,1337,0.0,0.0,0.35
2021-02-18,1337,0.0,0.0,0.36
2021-02-19,1337,0.0,0.0,0.36
2021-02-22,1337,0.0,0.0,0.36
2021-02-23,1337,0.0,0.0,0.37
2021-02-24,1337,0.0,0.0,0.36
2021-02-25,1337,0.0,0.0,0.37
2021-02-26,1337,0.0,0.0,0.37
2021-03-02,1337,0.0,0.0,0.36
2021-03-03,1337,0.0,0.0,0.37
2021-03-04,1337,0.0,0.0,0.38
2021-03-05,1337,0.0,0.0,0.36
2021-03-08,1337,0.57,16.25,0.33
2021-03-09,1337,0.0,0.0,0.36
2021-03-10,1337,0.0,0.0,0.36
2021-03-11,1337,0.0,0.0,0.36
2021-03-12,1337,0.0,0.0,0.37
2021-03-15,1337,0.0,0.0,0.37
2021-03-16,1337,0.0,0.0,0.37
2021-03-17,1337,0.0,0.0,0.37
2021-03-18,1337,0.0,0.0,0.37
2021-03-19,1337,0.0,0.0,0.37
2021-03-22,1337,0.0,0.0,0.42
2021-03-23,1337,0.0,0.0,0.38
2021-03-24,1337,0.0,0.0,0.37
2021-03-25,1337,0.0,0.0,0.36
2021-03-26,1337,0.0,0.0,0.37
2021-03-29,1337,0.0,0.0,0.37
2021-03-30,1337,0.0,0.0,0.37
2021-03-31,1337,0.0,0.0,0.36
2021-04-01,1337,0.0,0.0,0.36
2021-04-06,1337,0.0,0.0,0.36
2021-04-07,1337,0.0,0.0,0.37
2021-04-08,1337,0.0,0.0,0.36
2021-04-09,1337,0.0,0.0,0.36
2021-04-12,1337,0.0,0.0,0.38
2021-04-13,1337,0.0,0.0,0.37
2021-04-14,1337,0.0,0.0,0.36
2021-04-15,1337,0.0,0.0,0.38
2021-04-16,1337,0.0,0.0,0.39
2021-04-19,1337,0.0,0.0,0.4
2021-04-20,1337,0.0,0.0,0.4
2021-04-21,1337,0.0,0.0,0.41
2021-04-22,1337,0.0,0.0,0.39
2021-04-23,1337,0.0,0.0,0.4
2021-04-26,1337,0.0,0.0,0.4
2021-04-27,1337,0.0,0.0,0.41
2021-04-28,1337,0.0,0.0,0.41
